date,pm25_mean,pm25_count,station,sensor_id,pm25_source
2025-06-19,38.616490092932004,17,Federal_B_Area,13368464,openaq_exact
2025-06-20,32.73253522196202,24,Federal_B_Area,13368464,openaq_exact
2025-06-21,30.654984361595577,24,Federal_B_Area,13368464,openaq_exact
2025-06-22,28.037092743497908,22,Federal_B_Area,13368464,openaq_exact
2025-06-23,33.99622963151327,11,Federal_B_Area,13368464,openaq_exact
2025-06-24,41.34885356227557,16,Federal_B_Area,13368464,openaq_exact
2025-06-25,34.042454379977606,22,Federal_B_Area,13368464,openaq_exact
2025-06-26,41.937613372449526,18,Federal_B_Area,13368464,openaq_exact
2025-06-27,45.98810447057088,24,Federal_B_Area,13368464,openaq_exact
2025-06-28,43.942769802941214,21,Federal_B_Area,13368464,openaq_exact
2025-06-29,21.15756398489078,16,Federal_B_Area,13368464,openaq_exact
2025-06-30,32.26869800355699,24,Federal_B_Area,13368464,openaq_exact
2025-07-01,33.01336103015476,24,Federal_B_Area,13368464,openaq_exact
2025-07-02,33.92899303966099,24,Federal_B_Area,13368464,openaq_exact
2025-07-03,33.88415515753958,24,Federal_B_Area,13368464,openaq_exact
2025-07-04,30.704395283782294,24,Federal_B_Area,13368464,openaq_exact
2025-07-05,25.205739574299916,24,Federal_B_Area,13368464,openaq_exact
2025-07-06,24.473295132319134,24,Federal_B_Area,13368464,openaq_exact
2025-07-07,32.08951803545157,24,Federal_B_Area,13368464,openaq_exact
2025-07-08,32.61529860893885,24,Federal_B_Area,13368464,openaq_exact
2025-07-09,33.61391895567929,24,Federal_B_Area,13368464,openaq_exact
2025-07-10,36.84151385890113,24,Federal_B_Area,13368464,openaq_exact
2025-07-11,31.482499923970963,24,Federal_B_Area,13368464,openaq_exact
2025-07-12,27.902159770329792,24,Federal_B_Area,13368464,openaq_exact
2025-07-13,19.612225701411564,24,Federal_B_Area,13368464,openaq_exact
2025-07-14,30.912594257129566,24,Federal_B_Area,13368464,openaq_exact
2025-07-15,31.8241759273741,24,Federal_B_Area,13368464,openaq_exact
2025-07-16,33.69306491781967,24,Federal_B_Area,13368464,openaq_exact
2025-07-17,31.378469992165616,24,Federal_B_Area,13368464,openaq_exact
2025-07-18,31.352352393998043,24,Federal_B_Area,13368464,openaq_exact
2025-07-19,31.66543581088384,24,Federal_B_Area,13368464,openaq_exact
2025-07-20,27.645656277736027,24,Federal_B_Area,13368464,openaq_exact
2025-07-21,34.240126146210564,24,Federal_B_Area,13368464,openaq_exact
2025-07-22,32.761100643210945,24,Federal_B_Area,13368464,openaq_exact
2025-07-23,29.955444431967205,12,Federal_B_Area,13368464,openaq_exact
2025-07-24,31.296639555378963,19,Federal_B_Area,13368464,openaq_exact
2025-07-25,29.96330587135421,24,Federal_B_Area,13368464,openaq_exact
2025-07-26,31.58228290743298,24,Federal_B_Area,13368464,openaq_exact
2025-07-27,27.18958854675293,24,Federal_B_Area,13368464,openaq_exact
2025-07-28,32.98634193340937,24,Federal_B_Area,13368464,openaq_exact
2025-07-29,32.039492494530144,24,Federal_B_Area,13368464,openaq_exact
2025-07-30,33.96360759602653,24,Federal_B_Area,13368464,openaq_exact
2025-07-31,34.532298531797196,24,Federal_B_Area,13368464,openaq_exact
2025-08-01,29.396262145704693,24,Federal_B_Area,13368464,openaq_exact
2025-08-02,31.762425967388683,24,Federal_B_Area,13368464,openaq_exact
2025-08-03,22.206163186166023,24,Federal_B_Area,13368464,openaq_exact
2025-08-04,28.54898090660572,24,Federal_B_Area,13368464,openaq_exact
2025-08-05,29.05762744564859,24,Federal_B_Area,13368464,openaq_exact
2025-08-06,33.474123153421615,24,Federal_B_Area,13368464,openaq_exact
2025-08-07,31.23401563697391,24,Federal_B_Area,13368464,openaq_exact
2025-08-08,27.713384846846264,24,Federal_B_Area,13368464,openaq_exact
2025-08-09,28.94820835855272,24,Federal_B_Area,13368464,openaq_exact
2025-08-10,22.058800333076054,24,Federal_B_Area,13368464,openaq_exact
2025-08-11,32.31853244702021,24,Federal_B_Area,13368464,openaq_exact
2025-08-12,32.46349649959141,12,Federal_B_Area,13368464,openaq_exact
2025-08-13,36.153669963059606,18,Federal_B_Area,13368464,openaq_exact
2025-08-14,30.63900343577067,24,Federal_B_Area,13368464,openaq_exact
2025-08-15,38.27746350235409,24,Federal_B_Area,13368464,openaq_exact
2025-08-16,33.41497743659549,24,Federal_B_Area,13368464,openaq_exact
2025-08-17,27.909038093354965,24,Federal_B_Area,13368464,openaq_exact
2025-08-18,42.86767472161187,24,Federal_B_Area,13368464,openaq_exact
2025-08-19,49.70113415339637,6,Federal_B_Area,13368464,openaq_exact
2025-08-20,22.35416964427892,13,Federal_B_Area,13368464,openaq_exact
2025-08-21,58.65859776978999,21,Federal_B_Area,13368464,openaq_exact
2025-08-22,29.04630382629958,24,Federal_B_Area,13368464,openaq_exact
2025-08-23,25.604757570558125,24,Federal_B_Area,13368464,openaq_exact
2025-08-24,24.429829796155293,24,Federal_B_Area,13368464,openaq_exact
2025-08-25,36.77006941371494,24,Federal_B_Area,13368464,openaq_exact
2025-08-26,36.29975382970927,24,Federal_B_Area,13368464,openaq_exact
2025-08-27,37.7317736811108,24,Federal_B_Area,13368464,openaq_exact
2025-08-28,40.704052130381264,24,Federal_B_Area,13368464,openaq_exact
2025-08-29,37.90487247837914,24,Federal_B_Area,13368464,openaq_exact
2025-08-30,35.74847222036785,24,Federal_B_Area,13368464,openaq_exact
2025-08-31,26.65761016872194,24,Federal_B_Area,13368464,openaq_exact
2025-09-01,32.28007462951872,24,Federal_B_Area,13368464,openaq_exact
2025-09-02,33.97614480449696,24,Federal_B_Area,13368464,openaq_exact
2025-09-03,35.827301633358005,20,Federal_B_Area,13368464,openaq_exact
2025-09-04,42.039786557356514,24,Federal_B_Area,13368464,openaq_exact
2025-09-05,39.80599119928148,24,Federal_B_Area,13368464,openaq_exact
2025-09-06,33.883062448766495,24,Federal_B_Area,13368464,openaq_exact
2025-09-07,35.06539408365885,24,Federal_B_Area,13368464,openaq_exact
2025-09-08,50.846061447210474,19,Federal_B_Area,13368464,openaq_exact
2025-09-09,33.5290162935853,24,Federal_B_Area,13368464,openaq_exact
2025-09-10,29.725118001302082,24,Federal_B_Area,13368464,openaq_exact
2025-09-11,33.98830441302723,24,Federal_B_Area,13368464,openaq_exact
2025-09-12,32.32573726442125,24,Federal_B_Area,13368464,openaq_exact
2025-09-13,26.397869176334805,24,Federal_B_Area,13368464,openaq_exact
2025-09-14,21.07506190902657,24,Federal_B_Area,13368464,openaq_exact
2025-09-15,31.102182840307552,24,Federal_B_Area,13368464,openaq_exact
2025-09-16,35.67795312295687,21,Federal_B_Area,13368464,openaq_exact
2025-09-17,36.20272961590025,24,Federal_B_Area,13368464,openaq_exact
2025-09-18,37.36509100066291,24,Federal_B_Area,13368464,openaq_exact
2025-09-19,34.50454857614305,24,Federal_B_Area,13368464,openaq_exact
2025-09-20,36.752862844202255,24,Federal_B_Area,13368464,openaq_exact
2025-09-21,24.015442036619092,24,Federal_B_Area,13368464,openaq_exact
2025-09-22,31.76459365752008,24,Federal_B_Area,13368464,openaq_exact
2025-09-23,33.90127549899949,24,Federal_B_Area,13368464,openaq_exact
2025-09-24,37.86196649736828,24,Federal_B_Area,13368464,openaq_exact
2025-09-25,42.64584549996588,24,Federal_B_Area,13368464,openaq_exact
2025-09-26,40.07770368821091,24,Federal_B_Area,13368464,openaq_exact
2025-09-27,46.666666748285074,22,Federal_B_Area,13368464,openaq_exact
2025-09-28,38.263156579537366,21,Federal_B_Area,13368464,openaq_exact
2025-09-29,50.85349998024926,23,Federal_B_Area,13368464,openaq_exact
2025-09-30,45.44137352958568,23,Federal_B_Area,13368464,openaq_exact
2025-10-01,39.33456214407477,24,Federal_B_Area,13368464,openaq_exact
2025-10-02,37.186364737102885,24,Federal_B_Area,13368464,openaq_exact
2025-10-03,37.86334429879984,24,Federal_B_Area,13368464,openaq_exact
2025-10-04,31.243503067458885,23,Federal_B_Area,13368464,openaq_exact
2025-10-05,28.364186940700918,24,Federal_B_Area,13368464,openaq_exact
2025-10-06,34.38752950562371,24,Federal_B_Area,13368464,openaq_exact
2025-10-07,41.32421877086163,24,Federal_B_Area,13368464,openaq_exact
2025-10-08,47.100535856573664,24,Federal_B_Area,13368464,openaq_exact
2025-10-09,47.206674159456185,24,Federal_B_Area,13368464,openaq_exact
2025-10-10,45.59732983708381,24,Federal_B_Area,13368464,openaq_exact
2025-10-11,42.40317393063347,23,Federal_B_Area,13368464,openaq_exact
2025-10-12,41.56944733460744,24,Federal_B_Area,13368464,openaq_exact
2025-10-13,49.69627258623088,24,Federal_B_Area,13368464,openaq_exact
2025-10-14,45.731589712478495,24,Federal_B_Area,13368464,openaq_exact
2025-10-15,52.513595477408835,24,Federal_B_Area,13368464,openaq_exact
2025-10-16,61.507910593511276,24,Federal_B_Area,13368464,openaq_exact
2025-10-17,61.85771640163881,24,Federal_B_Area,13368464,openaq_exact
2025-10-18,54.26831832241129,24,Federal_B_Area,13368464,openaq_exact
2025-10-19,45.80710188017951,24,Federal_B_Area,13368464,openaq_exact
2025-10-20,69.29925273681502,21,Federal_B_Area,13368464,openaq_exact
2025-10-21,73.14115340003261,24,Federal_B_Area,13368464,openaq_exact
2025-10-22,68.62656637402095,24,Federal_B_Area,13368464,openaq_exact
2025-10-23,114.32740701633672,24,Federal_B_Area,13368464,openaq_exact
2025-10-24,98.96495197702338,24,Federal_B_Area,13368464,openaq_exact
2025-10-25,61.09422289254008,23,Federal_B_Area,13368464,openaq_exact
2025-10-26,54.85766719800455,24,Federal_B_Area,13368464,openaq_exact
2025-10-27,55.55107347258815,24,Federal_B_Area,13368464,openaq_exact
2025-10-28,67.7346683687634,24,Federal_B_Area,13368464,openaq_exact
2025-10-29,64.55961344330399,24,Federal_B_Area,13368464,openaq_exact
2025-10-30,62.63409689259449,24,Federal_B_Area,13368464,openaq_exact
2025-10-31,125.18576033910115,24,Federal_B_Area,13368464,openaq_exact
2025-11-01,160.94702081005983,22,Federal_B_Area,13368464,openaq_exact
2025-11-03,53.07180768003368,10,Federal_B_Area,13368464,openaq_exact
2025-11-06,79.86362566418119,22,Federal_B_Area,13368464,openaq_exact
2025-11-07,88.90316293889826,24,Federal_B_Area,13368464,openaq_exact
2025-11-08,55.72421418335703,24,Federal_B_Area,13368464,openaq_exact
2025-11-09,47.7059449284165,24,Federal_B_Area,13368464,openaq_exact
2025-11-10,56.879007541471054,24,Federal_B_Area,13368464,openaq_exact
2025-11-11,58.9476142950331,24,Federal_B_Area,13368464,openaq_exact
2025-11-12,66.18944898534704,18,Federal_B_Area,13368464,openaq_exact
2025-11-13,70.61212777536481,23,Federal_B_Area,13368464,openaq_exact
2025-11-14,78.66243707162361,15,Federal_B_Area,13368464,openaq_exact
2025-11-15,68.70134846413576,24,Federal_B_Area,13368464,openaq_exact
2025-11-16,69.4104003360306,23,Federal_B_Area,13368464,openaq_exact
2025-11-17,97.62661358226428,22,Federal_B_Area,13368464,openaq_exact
2025-11-18,103.4726467381353,23,Federal_B_Area,13368464,openaq_exact
2025-11-19,115.57970251154018,24,Federal_B_Area,13368464,openaq_exact
2025-11-20,82.21685245566897,24,Federal_B_Area,13368464,openaq_exact
2025-11-21,130.17118926313188,24,Federal_B_Area,13368464,openaq_exact
2025-11-22,156.86134729915196,24,Federal_B_Area,13368464,openaq_exact
2025-11-23,110.41353179689438,21,Federal_B_Area,13368464,openaq_exact
2025-11-24,84.22646558733955,23,Federal_B_Area,13368464,openaq_exact
2025-11-25,67.59094444380865,24,Federal_B_Area,13368464,openaq_exact
2025-11-26,73.32094963656532,24,Federal_B_Area,13368464,openaq_exact
2025-11-27,67.75496706697676,24,Federal_B_Area,13368464,openaq_exact
2025-11-28,73.97350061822821,24,Federal_B_Area,13368464,openaq_exact
2025-11-29,84.44698611365425,24,Federal_B_Area,13368464,openaq_exact
2025-11-30,98.87103628341599,24,Federal_B_Area,13368464,openaq_exact
2025-12-01,92.26184052038884,23,Federal_B_Area,13368464,openaq_exact
2025-12-02,83.40624243695326,24,Federal_B_Area,13368464,openaq_exact
2025-12-03,48.48213367064793,24,Federal_B_Area,13368464,openaq_exact
2025-12-04,78.00241663720873,24,Federal_B_Area,13368464,openaq_exact
2025-12-05,91.0434461567137,24,Federal_B_Area,13368464,openaq_exact
2025-12-06,82.86009892092811,24,Federal_B_Area,13368464,openaq_exact
2025-12-07,111.11522169249399,20,Federal_B_Area,13368464,openaq_exact
2025-12-08,71.64757780434708,24,Federal_B_Area,13368464,openaq_exact
2025-12-09,130.42150993523776,24,Federal_B_Area,13368464,openaq_exact
2025-12-10,139.1869814219298,24,Federal_B_Area,13368464,openaq_exact
2025-12-11,149.4832972613248,8,Federal_B_Area,13368464,openaq_exact
2025-12-15,111.9957680293492,14,Federal_B_Area,13368464,openaq_exact
2025-12-16,88.20358670022752,24,Federal_B_Area,13368464,openaq_exact
2025-12-17,98.57839433881972,23,Federal_B_Area,13368464,openaq_exact
2025-12-18,113.46372579532841,24,Federal_B_Area,13368464,openaq_exact
2025-12-19,103.84289135237735,24,Federal_B_Area,13368464,openaq_exact
2025-12-20,155.41862505806816,24,Federal_B_Area,13368464,openaq_exact
2025-12-21,100.33393569233442,24,Federal_B_Area,13368464,openaq_exact
2025-12-22,90.66173032301442,24,Federal_B_Area,13368464,openaq_exact
2025-12-23,77.64471295851249,24,Federal_B_Area,13368464,openaq_exact
2025-12-24,107.4092072363253,24,Federal_B_Area,13368464,openaq_exact
2025-12-25,111.18596958284024,24,Federal_B_Area,13368464,openaq_exact
2025-12-26,100.99750189636693,24,Federal_B_Area,13368464,openaq_exact
2025-12-27,109.1472794559267,24,Federal_B_Area,13368464,openaq_exact
2025-12-28,105.97156593534682,24,Federal_B_Area,13368464,openaq_exact
2025-12-29,139.01236171280894,24,Federal_B_Area,13368464,openaq_exact
2025-12-30,104.03906068223895,22,Federal_B_Area,13368464,openaq_exact
2025-12-31,71.8339583410157,24,Federal_B_Area,13368464,openaq_exact
2026-01-01,91.18597000632623,24,Federal_B_Area,13368464,openaq_exact
2026-01-02,87.09390924013825,24,Federal_B_Area,13368464,openaq_exact
2026-01-03,123.22326392597621,24,Federal_B_Area,13368464,openaq_exact
2026-01-04,123.47742991608699,23,Federal_B_Area,13368464,openaq_exact
2026-01-05,102.7729738487539,24,Federal_B_Area,13368464,openaq_exact
2026-01-06,85.61515859321311,24,Federal_B_Area,13368464,openaq_exact
2026-01-07,79.907372630084,24,Federal_B_Area,13368464,openaq_exact
2026-01-08,53.69897087787337,24,Federal_B_Area,13368464,openaq_exact
2026-01-09,59.50540627506044,24,Federal_B_Area,13368464,openaq_exact
2026-01-10,78.03288430625169,24,Federal_B_Area,13368464,openaq_exact
2026-01-11,64.82273167078743,24,Federal_B_Area,13368464,openaq_exact
2026-01-12,130.408820695267,24,Federal_B_Area,13368464,openaq_exact
2026-01-13,107.03051326981297,24,Federal_B_Area,13368464,openaq_exact
2026-01-14,146.00047226666604,24,Federal_B_Area,13368464,openaq_exact
2026-01-15,140.13027862195617,24,Federal_B_Area,13368464,openaq_exact
2026-01-16,105.04220798433028,24,Federal_B_Area,13368464,openaq_exact
2026-01-17,68.02951671962386,24,Federal_B_Area,13368464,openaq_exact
2026-01-18,105.78093962412491,24,Federal_B_Area,13368464,openaq_exact
2026-01-19,102.06284839344346,24,Federal_B_Area,13368464,openaq_exact
2026-01-20,76.2985631400946,24,Federal_B_Area,13368464,openaq_exact
2026-01-21,76.90888026924647,24,Federal_B_Area,13368464,openaq_exact
2026-01-22,62.25996592117079,24,Federal_B_Area,13368464,openaq_exact
2026-01-23,20.38753328323364,5,Federal_B_Area,13368464,openaq_exact
2026-02-10,75.40129556482489,18,Federal_B_Area,13368464,openaq_exact
2026-02-11,71.7688640108815,24,Federal_B_Area,13368464,openaq_exact
2026-02-12,81.5774729025966,20,Federal_B_Area,13368464,openaq_exact
2026-02-13,97.22085632537751,24,Federal_B_Area,13368464,openaq_exact
2026-02-14,75.5386018068702,24,Federal_B_Area,13368464,openaq_exact
2026-02-15,54.91686261607341,24,Federal_B_Area,13368464,openaq_exact
2026-02-16,78.20902340875732,16,Federal_B_Area,13368464,openaq_exact
2026-02-17,412.27422236866414,4,Federal_B_Area,13368464,openaq_exact
2026-02-18,183.14650274789915,11,Federal_B_Area,13368464,openaq_exact
2026-02-26,47.98333333333333,6,Federal_B_Area,13368464,openaq_exact
2026-02-28,47.82,5,Federal_B_Area,13368464,openaq_exact
2026-03-11,51.53333333333333,18,Federal_B_Area,13368464,openaq_exact
2026-03-12,55.79583333333333,24,Federal_B_Area,13368464,openaq_exact
2026-03-13,50.479166666666664,24,Federal_B_Area,13368464,openaq_exact
2026-03-14,48.6625,24,Federal_B_Area,13368464,openaq_exact
2026-03-15,36.5375,24,Federal_B_Area,13368464,openaq_exact
2026-03-16,43.125,24,Federal_B_Area,13368464,openaq_exact
2026-03-17,43.833333333333336,24,Federal_B_Area,13368464,openaq_exact
2026-03-18,47.479166666666664,24,Federal_B_Area,13368464,openaq_exact
2026-03-19,56.55833333333334,24,Federal_B_Area,13368464,openaq_exact
2026-03-20,51.47083333333333,24,Federal_B_Area,13368464,openaq_exact
2026-03-21,32.32173913043478,23,Federal_B_Area,13368464,openaq_exact
2026-03-22,48.647619047619045,21,Federal_B_Area,13368464,openaq_exact
2026-03-23,32.791666666666664,24,Federal_B_Area,13368464,openaq_exact
2026-03-24,48.39166666666667,24,Federal_B_Area,13368464,openaq_exact
2026-03-25,56.020833333333336,24,Federal_B_Area,13368464,openaq_exact
2026-03-26,38.15833333333333,24,Federal_B_Area,13368464,openaq_exact
2026-03-27,32.49166666666667,24,Federal_B_Area,13368464,openaq_exact
2026-03-28,21.608333333333334,24,Federal_B_Area,13368464,openaq_exact
2026-03-29,18.6375,24,Federal_B_Area,13368464,openaq_exact
2026-03-30,42.35,24,Federal_B_Area,13368464,openaq_exact
2026-03-31,38.0625,24,Federal_B_Area,13368464,openaq_exact
2026-04-01,41.45652173913044,23,Federal_B_Area,13368464,openaq_exact
2026-04-02,35.425000000000004,24,Federal_B_Area,13368464,openaq_exact
2026-04-03,49.42173913043479,23,Federal_B_Area,13368464,openaq_exact
2026-04-04,42.62916666666667,24,Federal_B_Area,13368464,openaq_exact
2026-04-05,39.03333333333333,24,Federal_B_Area,13368464,openaq_exact
2026-04-06,47.416666666666664,24,Federal_B_Area,13368464,openaq_exact
2026-04-07,40.75833333333333,12,Federal_B_Area,13368464,openaq_exact
2026-04-14,44.43529411764706,17,Federal_B_Area,13368464,openaq_exact
2026-04-15,49.35833333333333,24,Federal_B_Area,13368464,openaq_exact
2026-04-16,45.53636363636363,22,Federal_B_Area,13368464,openaq_exact
2026-04-17,45.93333333333334,24,Federal_B_Area,13368464,openaq_exact
2026-04-18,38.12173913043478,23,Federal_B_Area,13368464,openaq_exact
2026-04-19,40.40416666666667,24,Federal_B_Area,13368464,openaq_exact
2026-04-20,45.916666666666664,24,Federal_B_Area,13368464,openaq_exact
2026-04-21,41.8125,24,Federal_B_Area,13368464,openaq_exact
2026-04-22,37.147619047619045,21,Federal_B_Area,13368464,openaq_exact
2026-04-23,39.1,16,Federal_B_Area,13368464,openaq_exact
2026-04-24,42.21666666666667,18,Federal_B_Area,13368464,openaq_exact
2026-04-25,44.96666666666667,15,Federal_B_Area,13368464,openaq_exact
2026-04-26,35.25,4,Federal_B_Area,13368464,openaq_exact
2026-04-28,43.37692307692308,13,Federal_B_Area,13368464,openaq_exact
2026-04-29,50.68095238095238,21,Federal_B_Area,13368464,openaq_exact
2026-04-30,45.11304347826086,23,Federal_B_Area,13368464,openaq_exact
2026-05-01,40.40416666666667,24,Federal_B_Area,13368464,openaq_exact
2026-05-02,39.875,24,Federal_B_Area,13368464,openaq_exact
2026-05-03,37.69583333333333,24,Federal_B_Area,13368464,openaq_exact
2026-05-04,37.9125,24,Federal_B_Area,13368464,openaq_exact
2026-05-05,48.7695652173913,23,Federal_B_Area,13368464,openaq_exact
2026-05-06,57.75,24,Federal_B_Area,13368464,openaq_exact
2026-05-07,39.020833333333336,24,Federal_B_Area,13368464,openaq_exact
2026-05-08,39.96521739130435,23,Federal_B_Area,13368464,openaq_exact
2026-05-09,40.75833333333333,24,Federal_B_Area,13368464,openaq_exact
2026-05-10,33.487500000000004,24,Federal_B_Area,13368464,openaq_exact
2026-05-11,42.473684210526315,19,Federal_B_Area,13368464,openaq_exact
2026-05-12,44.0875,24,Federal_B_Area,13368464,openaq_exact
2026-05-13,40.074999999999996,24,Federal_B_Area,13368464,openaq_exact
2026-05-14,28.308333333333334,24,Federal_B_Area,13368464,openaq_exact
2026-05-15,27.941666666666666,24,Federal_B_Area,13368464,openaq_exact
2026-05-16,31.608695652173914,23,Federal_B_Area,13368464,openaq_exact
2026-05-17,24.870833333333334,24,Federal_B_Area,13368464,openaq_exact
2026-05-18,28.708333333333332,24,Federal_B_Area,13368464,openaq_exact
2026-05-19,35.395833333333336,24,Federal_B_Area,13368464,openaq_exact
2026-05-20,33.487500000000004,24,Federal_B_Area,13368464,openaq_exact
2026-05-21,34.11666666666667,24,Federal_B_Area,13368464,openaq_exact
2026-05-22,34.391666666666666,24,Federal_B_Area,13368464,openaq_exact
2026-05-23,33.53333333333333,24,Federal_B_Area,13368464,openaq_exact
2026-05-24,25.125,24,Federal_B_Area,13368464,openaq_exact
2026-05-25,36.30416666666667,24,Federal_B_Area,13368464,openaq_exact
2026-05-26,24.59166666666667,24,Federal_B_Area,13368464,openaq_exact
2026-05-27,14.204166666666666,24,Federal_B_Area,13368464,openaq_exact
2026-05-28,21.495833333333334,24,Federal_B_Area,13368464,openaq_exact
2026-05-29,25.5,24,Federal_B_Area,13368464,openaq_exact
2026-05-30,28.491666666666664,24,Federal_B_Area,13368464,openaq_exact
2026-05-31,30.358333333333334,24,Federal_B_Area,13368464,openaq_exact
2026-06-01,37.28333333333334,24,Federal_B_Area,13368464,openaq_exact
2026-06-02,35.137499999999996,24,Federal_B_Area,13368464,openaq_exact
2026-06-03,35.708333333333336,24,Federal_B_Area,13368464,openaq_exact
2026-06-04,39.516666666666666,24,Federal_B_Area,13368464,openaq_exact
2026-06-05,43.93333333333334,24,Federal_B_Area,13368464,openaq_exact
2026-06-06,40.275,24,Federal_B_Area,13368464,openaq_exact
2026-06-07,35.6875,24,Federal_B_Area,13368464,openaq_exact
2026-06-08,44.2875,24,Federal_B_Area,13368464,openaq_exact
2026-06-09,37.72083333333333,24,Federal_B_Area,13368464,openaq_exact
2026-06-10,39.170833333333334,24,Federal_B_Area,13368464,openaq_exact
2026-06-11,41.275,24,Federal_B_Area,13368464,openaq_exact
2026-06-12,36.84166666666667,24,Federal_B_Area,13368464,openaq_exact
2026-06-13,39.516666666666666,24,Federal_B_Area,13368464,openaq_exact
2026-06-14,30.77916666666667,24,Federal_B_Area,13368464,openaq_exact
2026-06-15,38.63333333333333,24,Federal_B_Area,13368464,openaq_exact
2026-06-16,39.81666666666667,24,Federal_B_Area,13368464,openaq_exact
2026-06-17,35.975,24,Federal_B_Area,13368464,openaq_exact
2026-06-18,37.53333333333333,24,Federal_B_Area,13368464,openaq_exact
2026-06-19,32.2875,24,Federal_B_Area,13368464,openaq_exact
2026-06-20,32.199999999999996,24,Federal_B_Area,13368464,openaq_exact
2026-06-21,25.916666666666668,24,Federal_B_Area,13368464,openaq_exact
2026-06-22,38.49444444444444,18,Federal_B_Area,13368464,openaq_exact
2025-06-23,31.75537367220278,9,Gulistan_Jauhar,13408226,openaq_exact
2025-06-24,33.62198907678778,22,Gulistan_Jauhar,13408226,openaq_exact
2025-06-25,34.77599197773894,22,Gulistan_Jauhar,13408226,openaq_exact
2025-06-26,43.926636587227016,22,Gulistan_Jauhar,13408226,openaq_exact
2025-06-27,38.00074136919445,24,Gulistan_Jauhar,13408226,openaq_exact
2025-06-28,43.73817710081736,24,Gulistan_Jauhar,13408226,openaq_exact
2025-06-29,24.838708314630722,24,Gulistan_Jauhar,13408226,openaq_exact
2025-06-30,28.28867533471849,24,Gulistan_Jauhar,13408226,openaq_exact
2025-07-01,32.83700799279743,24,Gulistan_Jauhar,13408226,openaq_exact
2025-07-02,29.43653643131256,24,Gulistan_Jauhar,13408226,openaq_exact
2025-07-03,28.326973870317772,24,Gulistan_Jauhar,13408226,openaq_exact
2025-07-04,29.433954858117634,24,Gulistan_Jauhar,13408226,openaq_exact
2025-07-05,34.22673775752386,24,Gulistan_Jauhar,13408226,openaq_exact
2025-07-06,26.543500021100044,24,Gulistan_Jauhar,13408226,openaq_exact
2025-07-07,26.810562544398838,24,Gulistan_Jauhar,13408226,openaq_exact
2025-07-08,28.11693408091863,24,Gulistan_Jauhar,13408226,openaq_exact
2025-07-09,26.233573148174894,24,Gulistan_Jauhar,13408226,openaq_exact
2025-07-10,29.916350722312927,24,Gulistan_Jauhar,13408226,openaq_exact
2025-07-11,29.18970489501953,24,Gulistan_Jauhar,13408226,openaq_exact
2025-07-12,29.14196699195438,24,Gulistan_Jauhar,13408226,openaq_exact
2025-07-13,22.849430460068916,24,Gulistan_Jauhar,13408226,openaq_exact
2025-07-14,26.243579801585938,24,Gulistan_Jauhar,13408226,openaq_exact
2025-07-15,29.768210030264324,24,Gulistan_Jauhar,13408226,openaq_exact
2025-07-16,31.9082674185435,24,Gulistan_Jauhar,13408226,openaq_exact
2025-07-17,26.952447937594517,24,Gulistan_Jauhar,13408226,openaq_exact
2025-07-18,29.281289968225693,24,Gulistan_Jauhar,13408226,openaq_exact
2025-07-19,30.364548550711735,24,Gulistan_Jauhar,13408226,openaq_exact
2025-07-20,30.695728639761608,24,Gulistan_Jauhar,13408226,openaq_exact
2025-07-21,32.38724137677087,24,Gulistan_Jauhar,13408226,openaq_exact
2025-07-22,24.30996479969176,12,Gulistan_Jauhar,13408226,openaq_exact
2025-07-23,21.705505222082138,24,Gulistan_Jauhar,13408226,openaq_exact
2025-07-24,29.338354110717773,24,Gulistan_Jauhar,13408226,openaq_exact
2025-07-25,28.74990973207686,24,Gulistan_Jauhar,13408226,openaq_exact
2025-07-26,29.201131920019787,24,Gulistan_Jauhar,13408226,openaq_exact
2025-07-27,28.204953100946213,24,Gulistan_Jauhar,13408226,openaq_exact
2025-07-28,26.327572875552708,24,Gulistan_Jauhar,13408226,openaq_exact
2025-07-29,29.406251748402912,24,Gulistan_Jauhar,13408226,openaq_exact
2025-07-30,28.428826325469547,24,Gulistan_Jauhar,13408226,openaq_exact
2025-07-31,27.652541584438747,24,Gulistan_Jauhar,13408226,openaq_exact
2025-08-01,24.636303985291633,23,Gulistan_Jauhar,13408226,openaq_exact
2025-08-02,29.40334384971195,24,Gulistan_Jauhar,13408226,openaq_exact
2025-08-03,21.396203614321966,24,Gulistan_Jauhar,13408226,openaq_exact
2025-08-04,27.032008624739117,24,Gulistan_Jauhar,13408226,openaq_exact
2025-08-05,24.803618000613316,24,Gulistan_Jauhar,13408226,openaq_exact
2025-08-06,29.840442683961655,24,Gulistan_Jauhar,13408226,openaq_exact
2025-08-07,31.295288155476253,24,Gulistan_Jauhar,13408226,openaq_exact
2025-08-08,26.82124302122328,24,Gulistan_Jauhar,13408226,openaq_exact
2025-08-09,25.044527752531902,24,Gulistan_Jauhar,13408226,openaq_exact
2025-08-10,23.785367988877827,24,Gulistan_Jauhar,13408226,openaq_exact
2025-08-11,30.799961313936446,24,Gulistan_Jauhar,13408226,openaq_exact
2025-08-12,27.392651067839726,24,Gulistan_Jauhar,13408226,openaq_exact
2025-08-13,33.29173611270057,24,Gulistan_Jauhar,13408226,openaq_exact
2025-08-22,25.261372969264077,21,Gulistan_Jauhar,13408226,openaq_exact
2025-08-23,25.856607583212476,21,Gulistan_Jauhar,13408226,openaq_exact
2025-08-24,30.539362496736516,19,Gulistan_Jauhar,13408226,openaq_exact
2025-08-25,35.524912341993456,19,Gulistan_Jauhar,13408226,openaq_exact
2025-08-26,37.33966373403867,24,Gulistan_Jauhar,13408226,openaq_exact
2025-08-27,38.20267188970489,24,Gulistan_Jauhar,13408226,openaq_exact
2025-08-28,36.74377773426197,18,Gulistan_Jauhar,13408226,openaq_exact
2025-08-29,43.21637016534805,24,Gulistan_Jauhar,13408226,openaq_exact
2025-08-30,35.91459803629403,12,Gulistan_Jauhar,13408226,openaq_exact
2025-08-31,31.763444482730467,23,Gulistan_Jauhar,13408226,openaq_exact
2025-09-01,30.401342617140873,24,Gulistan_Jauhar,13408226,openaq_exact
2025-09-02,31.192870951361126,24,Gulistan_Jauhar,13408226,openaq_exact
2025-09-03,30.969270147596085,20,Gulistan_Jauhar,13408226,openaq_exact
2025-09-04,34.988732059796654,24,Gulistan_Jauhar,13408226,openaq_exact
2025-09-05,37.41343802875942,24,Gulistan_Jauhar,13408226,openaq_exact
2025-09-06,36.373170786433754,24,Gulistan_Jauhar,13408226,openaq_exact
2025-09-07,35.22332522604201,24,Gulistan_Jauhar,13408226,openaq_exact
2025-09-08,34.46027350843999,19,Gulistan_Jauhar,13408226,openaq_exact
2025-09-09,25.261556702355545,24,Gulistan_Jauhar,13408226,openaq_exact
2025-09-10,21.058150196832326,21,Gulistan_Jauhar,13408226,openaq_exact
2025-09-11,25.807574116521412,24,Gulistan_Jauhar,13408226,openaq_exact
2025-09-12,34.09645424286524,24,Gulistan_Jauhar,13408226,openaq_exact
2025-09-13,30.832782997025387,24,Gulistan_Jauhar,13408226,openaq_exact
2025-09-14,29.762747766786255,23,Gulistan_Jauhar,13408226,openaq_exact
2025-09-15,28.237130244572956,24,Gulistan_Jauhar,13408226,openaq_exact
2025-09-16,33.737476805845894,24,Gulistan_Jauhar,13408226,openaq_exact
2025-09-17,36.220528281397286,24,Gulistan_Jauhar,13408226,openaq_exact
2025-09-18,34.331905557049645,24,Gulistan_Jauhar,13408226,openaq_exact
2025-09-19,35.259025348557365,24,Gulistan_Jauhar,13408226,openaq_exact
2025-09-20,36.18220882283317,24,Gulistan_Jauhar,13408226,openaq_exact
2025-09-21,29.683538215027912,24,Gulistan_Jauhar,13408226,openaq_exact
2025-09-22,31.461451962590218,24,Gulistan_Jauhar,13408226,openaq_exact
2025-09-23,31.833175746346498,22,Gulistan_Jauhar,13408226,openaq_exact
2025-09-24,33.99531482987934,24,Gulistan_Jauhar,13408226,openaq_exact
2025-09-25,38.51921760031471,24,Gulistan_Jauhar,13408226,openaq_exact
2025-09-26,35.86628355141039,24,Gulistan_Jauhar,13408226,openaq_exact
2025-09-27,36.442370387673705,22,Gulistan_Jauhar,13408226,openaq_exact
2025-09-28,37.92867586675775,21,Gulistan_Jauhar,13408226,openaq_exact
2025-09-29,51.650502420738704,23,Gulistan_Jauhar,13408226,openaq_exact
2025-09-30,32.32034428331168,23,Gulistan_Jauhar,13408226,openaq_exact
2025-10-01,27.942983219238243,24,Gulistan_Jauhar,13408226,openaq_exact
2025-10-02,28.30756881358447,24,Gulistan_Jauhar,13408226,openaq_exact
2025-10-03,26.4319803216943,24,Gulistan_Jauhar,13408226,openaq_exact
2025-10-04,29.067846628893978,23,Gulistan_Jauhar,13408226,openaq_exact
2025-10-05,28.913686918218932,24,Gulistan_Jauhar,13408226,openaq_exact
2025-10-06,33.806933508868575,24,Gulistan_Jauhar,13408226,openaq_exact
2025-10-07,37.71395198106766,24,Gulistan_Jauhar,13408226,openaq_exact
2025-10-08,42.79837144635342,24,Gulistan_Jauhar,13408226,openaq_exact
2025-10-09,41.85860559884833,21,Gulistan_Jauhar,13408226,openaq_exact
2025-10-10,37.44186379852749,22,Gulistan_Jauhar,13408226,openaq_exact
2025-10-11,41.39504045772092,23,Gulistan_Jauhar,13408226,openaq_exact
2025-10-12,42.82407352339339,24,Gulistan_Jauhar,13408226,openaq_exact
2025-10-13,45.23944501280784,24,Gulistan_Jauhar,13408226,openaq_exact
2025-10-14,41.188432660446594,24,Gulistan_Jauhar,13408226,openaq_exact
2025-10-15,45.58515741107641,24,Gulistan_Jauhar,13408226,openaq_exact
2025-10-16,64.63006998223287,24,Gulistan_Jauhar,13408226,openaq_exact
2025-10-17,50.85472276873059,24,Gulistan_Jauhar,13408226,openaq_exact
2025-10-18,63.36238370935123,24,Gulistan_Jauhar,13408226,openaq_exact
2025-10-19,49.033717599180015,24,Gulistan_Jauhar,13408226,openaq_exact
2025-10-20,56.647054501068894,13,Gulistan_Jauhar,13408226,openaq_exact
2025-10-21,64.68213070185497,24,Gulistan_Jauhar,13408226,openaq_exact
2025-10-22,66.43507947456155,24,Gulistan_Jauhar,13408226,openaq_exact
2025-10-23,78.677912414385,24,Gulistan_Jauhar,13408226,openaq_exact
2025-10-24,90.30009375678169,24,Gulistan_Jauhar,13408226,openaq_exact
2025-10-25,50.224564032163016,23,Gulistan_Jauhar,13408226,openaq_exact
2025-10-26,52.43264528822016,24,Gulistan_Jauhar,13408226,openaq_exact
2025-10-27,54.05117361810472,24,Gulistan_Jauhar,13408226,openaq_exact
2025-10-28,65.77598642331581,24,Gulistan_Jauhar,13408226,openaq_exact
2025-10-29,63.231883087864624,24,Gulistan_Jauhar,13408226,openaq_exact
2025-10-30,61.439570847585145,24,Gulistan_Jauhar,13408226,openaq_exact
2025-10-31,126.0242697486171,24,Gulistan_Jauhar,13408226,openaq_exact
2025-11-01,150.57323498814193,24,Gulistan_Jauhar,13408226,openaq_exact
2025-11-02,74.53540010570008,24,Gulistan_Jauhar,13408226,openaq_exact
2025-11-03,47.63108221003503,24,Gulistan_Jauhar,13408226,openaq_exact
2025-11-04,48.09647390345733,24,Gulistan_Jauhar,13408226,openaq_exact
2025-11-05,44.1823695473049,23,Gulistan_Jauhar,13408226,openaq_exact
2025-11-06,66.28229856325521,24,Gulistan_Jauhar,13408226,openaq_exact
2025-11-07,65.67394522055231,24,Gulistan_Jauhar,13408226,openaq_exact
2025-11-08,45.185388294635,24,Gulistan_Jauhar,13408226,openaq_exact
2025-11-09,53.556701376703046,24,Gulistan_Jauhar,13408226,openaq_exact
2025-11-10,46.560107676960804,24,Gulistan_Jauhar,13408226,openaq_exact
2025-11-11,50.145708390076955,24,Gulistan_Jauhar,13408226,openaq_exact
2025-11-12,56.51820635795593,16,Gulistan_Jauhar,13408226,openaq_exact
2025-11-13,54.2697015929442,23,Gulistan_Jauhar,13408226,openaq_exact
2025-11-14,68.71338896009658,15,Gulistan_Jauhar,13408226,openaq_exact
2025-11-15,53.95064579778247,24,Gulistan_Jauhar,13408226,openaq_exact
2025-11-16,71.41307245613872,23,Gulistan_Jauhar,13408226,openaq_exact
2025-11-17,78.30069700298887,22,Gulistan_Jauhar,13408226,openaq_exact
2025-11-18,81.79543296979821,23,Gulistan_Jauhar,13408226,openaq_exact
2025-11-19,83.3306302467982,24,Gulistan_Jauhar,13408226,openaq_exact
2025-11-20,71.04354280542445,24,Gulistan_Jauhar,13408226,openaq_exact
2025-11-21,104.56935664764558,24,Gulistan_Jauhar,13408226,openaq_exact
2025-11-22,149.34425003263684,24,Gulistan_Jauhar,13408226,openaq_exact
2025-11-23,98.19722826215957,21,Gulistan_Jauhar,13408226,openaq_exact
2025-11-24,74.26401262974393,23,Gulistan_Jauhar,13408226,openaq_exact
2025-11-25,69.08667880429162,24,Gulistan_Jauhar,13408226,openaq_exact
2025-11-26,70.62509552902645,24,Gulistan_Jauhar,13408226,openaq_exact
2025-11-27,67.1523748872256,24,Gulistan_Jauhar,13408226,openaq_exact
2025-11-28,73.30022228029038,24,Gulistan_Jauhar,13408226,openaq_exact
2025-11-29,76.19094619486067,24,Gulistan_Jauhar,13408226,openaq_exact
2025-11-30,93.57883113562458,24,Gulistan_Jauhar,13408226,openaq_exact
2025-12-01,80.51709243525629,23,Gulistan_Jauhar,13408226,openaq_exact
2025-12-02,70.11318749947982,24,Gulistan_Jauhar,13408226,openaq_exact
2025-12-03,48.566079847017924,24,Gulistan_Jauhar,13408226,openaq_exact
2025-12-04,68.18910592661963,24,Gulistan_Jauhar,13408226,openaq_exact
2025-12-05,82.20853129757775,24,Gulistan_Jauhar,13408226,openaq_exact
2025-12-06,73.23632463084327,24,Gulistan_Jauhar,13408226,openaq_exact
2025-12-07,93.42807637320624,24,Gulistan_Jauhar,13408226,openaq_exact
2025-12-08,67.1999715780971,24,Gulistan_Jauhar,13408226,openaq_exact
2025-12-09,125.65198605457942,24,Gulistan_Jauhar,13408226,openaq_exact
2025-12-10,104.05064588122896,24,Gulistan_Jauhar,13408226,openaq_exact
2025-12-11,95.01230755632434,23,Gulistan_Jauhar,13408226,openaq_exact
2025-12-12,89.07588539388445,24,Gulistan_Jauhar,13408226,openaq_exact
2025-12-13,67.75774646600087,24,Gulistan_Jauhar,13408226,openaq_exact
2025-12-14,110.7384375056835,24,Gulistan_Jauhar,13408226,openaq_exact
2025-12-15,91.95259777793177,24,Gulistan_Jauhar,13408226,openaq_exact
2025-12-16,77.56761637210079,23,Gulistan_Jauhar,13408226,openaq_exact
2025-12-17,85.7563994442975,23,Gulistan_Jauhar,13408226,openaq_exact
2025-12-18,101.8583532126263,24,Gulistan_Jauhar,13408226,openaq_exact
2025-12-19,100.04348012122556,23,Gulistan_Jauhar,13408226,openaq_exact
2025-12-20,149.70895142025418,24,Gulistan_Jauhar,13408226,openaq_exact
2025-12-21,94.39355560806062,24,Gulistan_Jauhar,13408226,openaq_exact
2025-12-22,80.14844961729314,24,Gulistan_Jauhar,13408226,openaq_exact
2025-12-23,68.5046730711767,24,Gulistan_Jauhar,13408226,openaq_exact
2025-12-24,85.27953124046326,24,Gulistan_Jauhar,13408226,openaq_exact
2025-12-25,95.53436464203729,24,Gulistan_Jauhar,13408226,openaq_exact
2025-12-26,82.22523922583069,24,Gulistan_Jauhar,13408226,openaq_exact
2025-12-27,81.56199307971531,24,Gulistan_Jauhar,13408226,openaq_exact
2025-12-28,94.23488480691556,24,Gulistan_Jauhar,13408226,openaq_exact
2025-12-29,132.20097578896417,24,Gulistan_Jauhar,13408226,openaq_exact
2025-12-30,114.51160608927408,11,Gulistan_Jauhar,13408226,openaq_exact
2026-01-01,83.14168764281074,23,Gulistan_Jauhar,13408226,openaq_exact
2026-01-02,73.5883049329122,24,Gulistan_Jauhar,13408226,openaq_exact
2026-01-03,112.33453074472921,24,Gulistan_Jauhar,13408226,openaq_exact
2026-01-04,116.23590035093002,23,Gulistan_Jauhar,13408226,openaq_exact
2026-01-05,93.04322219424778,24,Gulistan_Jauhar,13408226,openaq_exact
2026-01-06,81.04998900537137,24,Gulistan_Jauhar,13408226,openaq_exact
2026-01-07,75.9184531768163,24,Gulistan_Jauhar,13408226,openaq_exact
2026-01-08,51.55379715086233,24,Gulistan_Jauhar,13408226,openaq_exact
2026-01-09,56.28718741536141,16,Gulistan_Jauhar,13408226,openaq_exact
2026-01-10,68.9638124624888,24,Gulistan_Jauhar,13408226,openaq_exact
2026-01-11,55.05231093403734,24,Gulistan_Jauhar,13408226,openaq_exact
2026-01-12,121.0074060806923,24,Gulistan_Jauhar,13408226,openaq_exact
2026-01-13,97.84224829408858,24,Gulistan_Jauhar,13408226,openaq_exact
2026-01-14,136.511710269122,24,Gulistan_Jauhar,13408226,openaq_exact
2026-01-15,124.6886128173934,24,Gulistan_Jauhar,13408226,openaq_exact
2026-01-16,89.12573593706395,24,Gulistan_Jauhar,13408226,openaq_exact
2026-01-17,66.11602432197995,24,Gulistan_Jauhar,13408226,openaq_exact
2026-01-18,88.98397112350271,24,Gulistan_Jauhar,13408226,openaq_exact
2026-01-19,74.74618229203755,24,Gulistan_Jauhar,13408226,openaq_exact
2026-01-20,62.07023735313504,24,Gulistan_Jauhar,13408226,openaq_exact
2026-01-21,65.53518703264821,24,Gulistan_Jauhar,13408226,openaq_exact
2026-01-22,62.55396256381615,24,Gulistan_Jauhar,13408226,openaq_exact
2026-01-23,51.5775437145763,24,Gulistan_Jauhar,13408226,openaq_exact
2026-01-24,44.32199346619423,22,Gulistan_Jauhar,13408226,openaq_exact
2026-01-25,53.121814173791144,24,Gulistan_Jauhar,13408226,openaq_exact
2026-01-26,41.43643585293381,18,Gulistan_Jauhar,13408226,openaq_exact
2026-01-27,54.284112162258886,24,Gulistan_Jauhar,13408226,openaq_exact
2026-01-28,84.92183506647746,18,Gulistan_Jauhar,13408226,openaq_exact
2026-01-29,55.5412991642952,24,Gulistan_Jauhar,13408226,openaq_exact
2026-01-30,61.511106954150726,24,Gulistan_Jauhar,13408226,openaq_exact
2026-01-31,98.94166222919118,24,Gulistan_Jauhar,13408226,openaq_exact
2026-02-01,89.23795827229817,24,Gulistan_Jauhar,13408226,openaq_exact
2026-02-02,76.87290966245864,24,Gulistan_Jauhar,13408226,openaq_exact
2026-02-03,93.54387112522767,24,Gulistan_Jauhar,13408226,openaq_exact
2026-02-04,61.79995174106926,24,Gulistan_Jauhar,13408226,openaq_exact
2026-02-05,62.87834677969165,24,Gulistan_Jauhar,13408226,openaq_exact
2026-02-06,90.29951560497284,24,Gulistan_Jauhar,13408226,openaq_exact
2026-02-07,94.14123609198464,24,Gulistan_Jauhar,13408226,openaq_exact
2026-02-08,81.88891148832109,24,Gulistan_Jauhar,13408226,openaq_exact
2026-02-09,49.17670394651818,24,Gulistan_Jauhar,13408226,openaq_exact
2026-02-10,64.58844865269131,24,Gulistan_Jauhar,13408226,openaq_exact
2026-02-11,76.51561805937025,24,Gulistan_Jauhar,13408226,openaq_exact
2026-02-12,83.60032526595825,24,Gulistan_Jauhar,13408226,openaq_exact
2026-02-13,90.09083017508188,24,Gulistan_Jauhar,13408226,openaq_exact
2026-02-14,79.98636405379683,24,Gulistan_Jauhar,13408226,openaq_exact
2026-02-15,74.01566492644223,24,Gulistan_Jauhar,13408226,openaq_exact
2026-02-16,50.026660016209185,24,Gulistan_Jauhar,13408226,openaq_exact
2026-02-17,65.60655054390614,23,Gulistan_Jauhar,13408226,openaq_exact
2026-02-18,60.0472157474419,24,Gulistan_Jauhar,13408226,openaq_exact
2026-02-19,45.3000582769182,24,Gulistan_Jauhar,13408226,openaq_exact
2026-02-20,50.288360433706934,24,Gulistan_Jauhar,13408226,openaq_exact
2026-02-21,58.738060757848956,24,Gulistan_Jauhar,13408226,openaq_exact
2026-02-22,54.12939512982513,24,Gulistan_Jauhar,13408226,openaq_exact
2026-02-23,55.11915212541993,19,Gulistan_Jauhar,13408226,openaq_exact
2026-02-24,78.95508826686773,23,Gulistan_Jauhar,13408226,openaq_exact
2026-02-25,73.47500000000001,24,Gulistan_Jauhar,13408226,openaq_exact
2026-02-26,66.58749999999999,24,Gulistan_Jauhar,13408226,openaq_exact
2026-02-27,45.92916666666667,24,Gulistan_Jauhar,13408226,openaq_exact
2026-02-28,47.574999999999996,24,Gulistan_Jauhar,13408226,openaq_exact
2026-03-01,44.112500000000004,24,Gulistan_Jauhar,13408226,openaq_exact
2026-03-02,53.40833333333333,24,Gulistan_Jauhar,13408226,openaq_exact
2026-03-03,48.4625,24,Gulistan_Jauhar,13408226,openaq_exact
2026-03-04,43.4125,24,Gulistan_Jauhar,13408226,openaq_exact
2026-03-05,37.6625,24,Gulistan_Jauhar,13408226,openaq_exact
2026-03-06,40.15416666666667,24,Gulistan_Jauhar,13408226,openaq_exact
2026-03-07,57.987500000000004,24,Gulistan_Jauhar,13408226,openaq_exact
2026-03-08,111.46666666666665,12,Gulistan_Jauhar,13408226,openaq_exact
2026-03-09,147.35,6,Gulistan_Jauhar,13408226,openaq_exact
2026-03-16,142.54545454545453,11,Gulistan_Jauhar,13408226,openaq_exact
2026-03-17,333.56666666666666,3,Gulistan_Jauhar,13408226,openaq_exact
2026-03-27,31.63333333333333,3,Gulistan_Jauhar,13408226,openaq_exact
2026-05-11,47.9625,8,Gulistan_Jauhar,13408226,openaq_exact
2026-05-12,44.75,24,Gulistan_Jauhar,13408226,openaq_exact
2026-05-13,35.37916666666667,24,Gulistan_Jauhar,13408226,openaq_exact
2026-05-14,25.983333333333334,24,Gulistan_Jauhar,13408226,openaq_exact
2026-05-15,25.633333333333336,24,Gulistan_Jauhar,13408226,openaq_exact
2026-05-16,32.74782608695652,23,Gulistan_Jauhar,13408226,openaq_exact
2026-05-17,30.474999999999998,24,Gulistan_Jauhar,13408226,openaq_exact
2026-05-18,29.991666666666664,24,Gulistan_Jauhar,13408226,openaq_exact
2026-05-19,33.229166666666664,24,Gulistan_Jauhar,13408226,openaq_exact
2026-05-20,31.099999999999998,18,Gulistan_Jauhar,13408226,openaq_exact
2026-05-21,33.68181818181818,22,Gulistan_Jauhar,13408226,openaq_exact
2026-05-22,34.71666666666667,24,Gulistan_Jauhar,13408226,openaq_exact
2026-05-23,33.785714285714285,21,Gulistan_Jauhar,13408226,openaq_exact
2026-05-24,31.079166666666666,24,Gulistan_Jauhar,13408226,openaq_exact
2026-05-25,32.204166666666666,24,Gulistan_Jauhar,13408226,openaq_exact
2026-05-26,30.383333333333336,24,Gulistan_Jauhar,13408226,openaq_exact
2026-05-27,26.733333333333334,24,Gulistan_Jauhar,13408226,openaq_exact
2026-05-28,31.395833333333332,24,Gulistan_Jauhar,13408226,openaq_exact
2026-05-29,27.5,24,Gulistan_Jauhar,13408226,openaq_exact
2026-05-30,66.625,24,Gulistan_Jauhar,13408226,openaq_exact
2026-05-31,29.270833333333332,24,Gulistan_Jauhar,13408226,openaq_exact
2026-06-01,34.704166666666666,24,Gulistan_Jauhar,13408226,openaq_exact
2026-06-02,30.620833333333334,24,Gulistan_Jauhar,13408226,openaq_exact
2026-06-03,33.0375,24,Gulistan_Jauhar,13408226,openaq_exact
2026-06-04,34.82083333333333,24,Gulistan_Jauhar,13408226,openaq_exact
2026-06-05,62.81666666666666,24,Gulistan_Jauhar,13408226,openaq_exact
2026-06-06,38.160869565217396,23,Gulistan_Jauhar,13408226,openaq_exact
2026-06-07,35.09166666666667,24,Gulistan_Jauhar,13408226,openaq_exact
2026-06-08,34.07142857142857,21,Gulistan_Jauhar,13408226,openaq_exact
2026-06-09,32.017391304347825,23,Gulistan_Jauhar,13408226,openaq_exact
2026-06-10,32.35,24,Gulistan_Jauhar,13408226,openaq_exact
2026-06-11,36.199999999999996,22,Gulistan_Jauhar,13408226,openaq_exact
2026-06-12,35.74285714285715,21,Gulistan_Jauhar,13408226,openaq_exact
2026-06-13,38.362500000000004,24,Gulistan_Jauhar,13408226,openaq_exact
2026-06-14,30.745833333333334,24,Gulistan_Jauhar,13408226,openaq_exact
2026-06-15,30.321739130434782,23,Gulistan_Jauhar,13408226,openaq_exact
2026-06-16,30.25,22,Gulistan_Jauhar,13408226,openaq_exact
2026-06-17,30.956521739130434,23,Gulistan_Jauhar,13408226,openaq_exact
2026-06-18,30.309090909090912,22,Gulistan_Jauhar,13408226,openaq_exact
2026-06-19,42.061904761904756,21,Gulistan_Jauhar,13408226,openaq_exact
2026-06-20,32.34090909090909,22,Gulistan_Jauhar,13408226,openaq_exact
2026-06-21,32.43157894736842,19,Gulistan_Jauhar,13408226,openaq_exact
2026-06-22,30.192857142857143,14,Gulistan_Jauhar,13408226,openaq_exact
2025-06-19,35.37593691878849,12,Gulshan-e-Iqbal,13370571,openaq_exact
2025-06-20,31.84869736433029,24,Gulshan-e-Iqbal,13370571,openaq_exact
2025-06-21,31.468093812465668,24,Gulshan-e-Iqbal,13370571,openaq_exact
2025-06-22,29.822868766206682,22,Gulshan-e-Iqbal,13370571,openaq_exact
2025-06-23,32.50172521065975,23,Gulshan-e-Iqbal,13370571,openaq_exact
2025-06-24,32.03920006752014,22,Gulshan-e-Iqbal,13370571,openaq_exact
2025-06-25,30.45130868391557,22,Gulshan-e-Iqbal,13370571,openaq_exact
2025-06-26,44.275105284319984,24,Gulshan-e-Iqbal,13370571,openaq_exact
2025-06-27,36.677024801572166,24,Gulshan-e-Iqbal,13370571,openaq_exact
2025-06-28,42.3102455329012,24,Gulshan-e-Iqbal,13370571,openaq_exact
2025-06-29,19.47662182114642,24,Gulshan-e-Iqbal,13370571,openaq_exact
2025-06-30,30.721486190954845,24,Gulshan-e-Iqbal,13370571,openaq_exact
2025-07-01,30.23736108493323,24,Gulshan-e-Iqbal,13370571,openaq_exact
2025-07-02,27.835587009235667,24,Gulshan-e-Iqbal,13370571,openaq_exact
2025-07-03,25.164798580937916,24,Gulshan-e-Iqbal,13370571,openaq_exact
2025-07-04,28.988173610634274,24,Gulshan-e-Iqbal,13370571,openaq_exact
2025-07-05,28.97253645128674,24,Gulshan-e-Iqbal,13370571,openaq_exact
2025-07-06,24.568691828184658,24,Gulshan-e-Iqbal,13370571,openaq_exact
2025-07-07,24.133625015616417,24,Gulshan-e-Iqbal,13370571,openaq_exact
2025-07-08,28.191607667340175,24,Gulshan-e-Iqbal,13370571,openaq_exact
2025-07-09,25.770942101875942,24,Gulshan-e-Iqbal,13370571,openaq_exact
2025-07-10,29.719633168644375,24,Gulshan-e-Iqbal,13370571,openaq_exact
2025-07-11,26.524478044774796,24,Gulshan-e-Iqbal,13370571,openaq_exact
2025-07-12,26.894501219193142,24,Gulshan-e-Iqbal,13370571,openaq_exact
2025-07-13,18.595377321044605,24,Gulshan-e-Iqbal,13370571,openaq_exact
2025-07-14,24.001621009574993,24,Gulshan-e-Iqbal,13370571,openaq_exact
2025-07-15,29.39560533232159,24,Gulshan-e-Iqbal,13370571,openaq_exact
2025-07-16,27.066707750161488,24,Gulshan-e-Iqbal,13370571,openaq_exact
2025-07-17,23.802119238509075,24,Gulshan-e-Iqbal,13370571,openaq_exact
2025-07-18,25.34946820139885,24,Gulshan-e-Iqbal,13370571,openaq_exact
2025-07-19,27.40892595714993,24,Gulshan-e-Iqbal,13370571,openaq_exact
2025-07-20,29.107005808088516,24,Gulshan-e-Iqbal,13370571,openaq_exact
2025-07-21,29.90816726287206,24,Gulshan-e-Iqbal,13370571,openaq_exact
2025-07-22,30.08589520719316,24,Gulshan-e-Iqbal,13370571,openaq_exact
2025-07-23,28.403561370240315,24,Gulshan-e-Iqbal,13370571,openaq_exact
2025-07-24,26.161336799462635,24,Gulshan-e-Iqbal,13370571,openaq_exact
2025-07-25,26.520940937929684,24,Gulshan-e-Iqbal,13370571,openaq_exact
2025-07-26,32.54267872042126,24,Gulshan-e-Iqbal,13370571,openaq_exact
2025-07-27,28.839647968610127,24,Gulshan-e-Iqbal,13370571,openaq_exact
2025-07-28,35.596317158805,24,Gulshan-e-Iqbal,13370571,openaq_exact
2025-07-29,35.368640063300965,24,Gulshan-e-Iqbal,13370571,openaq_exact
2025-07-30,29.604011052184635,24,Gulshan-e-Iqbal,13370571,openaq_exact
2025-07-31,26.046491305033367,24,Gulshan-e-Iqbal,13370571,openaq_exact
2025-08-01,24.41704398062494,24,Gulshan-e-Iqbal,13370571,openaq_exact
2025-08-02,30.422799785931904,24,Gulshan-e-Iqbal,13370571,openaq_exact
2025-08-03,26.836189213726257,24,Gulshan-e-Iqbal,13370571,openaq_exact
2025-08-04,27.276798622475727,24,Gulshan-e-Iqbal,13370571,openaq_exact
2025-08-05,28.70241667330265,24,Gulshan-e-Iqbal,13370571,openaq_exact
2025-08-06,31.99023272924953,24,Gulshan-e-Iqbal,13370571,openaq_exact
2025-08-07,30.722432348463272,24,Gulshan-e-Iqbal,13370571,openaq_exact
2025-08-08,25.997145864698624,24,Gulshan-e-Iqbal,13370571,openaq_exact
2025-08-09,26.14775698052512,24,Gulshan-e-Iqbal,13370571,openaq_exact
2025-08-10,20.67267595231533,24,Gulshan-e-Iqbal,13370571,openaq_exact
2025-08-11,32.760738945669594,24,Gulshan-e-Iqbal,13370571,openaq_exact
2025-08-12,31.565814250045353,24,Gulshan-e-Iqbal,13370571,openaq_exact
2025-08-13,36.73640398304872,24,Gulshan-e-Iqbal,13370571,openaq_exact
2025-08-14,30.50135012136565,24,Gulshan-e-Iqbal,13370571,openaq_exact
2025-08-15,37.34362330701616,24,Gulshan-e-Iqbal,13370571,openaq_exact
2025-08-16,28.493395460976497,24,Gulshan-e-Iqbal,13370571,openaq_exact
2025-08-17,25.973777158392803,24,Gulshan-e-Iqbal,13370571,openaq_exact
2025-08-18,36.60297681887945,24,Gulshan-e-Iqbal,13370571,openaq_exact
2025-08-19,21.199144876575854,24,Gulshan-e-Iqbal,13370571,openaq_exact
2025-08-20,23.325857622548938,24,Gulshan-e-Iqbal,13370571,openaq_exact
2025-08-21,45.41479569011264,24,Gulshan-e-Iqbal,13370571,openaq_exact
2025-08-22,31.611501730150646,24,Gulshan-e-Iqbal,13370571,openaq_exact
2025-08-23,37.25238593419393,24,Gulshan-e-Iqbal,13370571,openaq_exact
2025-08-24,29.98883044719696,24,Gulshan-e-Iqbal,13370571,openaq_exact
2025-08-25,30.765684018532436,24,Gulshan-e-Iqbal,13370571,openaq_exact
2025-08-26,33.60803873505857,24,Gulshan-e-Iqbal,13370571,openaq_exact
2025-08-27,33.234761622216965,24,Gulshan-e-Iqbal,13370571,openaq_exact
2025-08-28,33.252258585559,24,Gulshan-e-Iqbal,13370571,openaq_exact
2025-08-29,33.05180422224179,24,Gulshan-e-Iqbal,13370571,openaq_exact
2025-08-30,36.72566619846556,24,Gulshan-e-Iqbal,13370571,openaq_exact
2025-08-31,27.645639201607366,24,Gulshan-e-Iqbal,13370571,openaq_exact
2025-09-01,31.800948648139684,24,Gulshan-e-Iqbal,13370571,openaq_exact
2025-09-02,28.349458383189305,24,Gulshan-e-Iqbal,13370571,openaq_exact
2025-09-03,27.878228181884403,20,Gulshan-e-Iqbal,13370571,openaq_exact
2025-09-04,28.294978868828245,19,Gulshan-e-Iqbal,13370571,openaq_exact
2025-09-05,31.329925960964626,24,Gulshan-e-Iqbal,13370571,openaq_exact
2025-09-06,30.622410277525585,24,Gulshan-e-Iqbal,13370571,openaq_exact
2025-09-07,32.18254813220766,24,Gulshan-e-Iqbal,13370571,openaq_exact
2025-09-08,30.903768957706923,19,Gulshan-e-Iqbal,13370571,openaq_exact
2025-09-09,23.290563209965658,19,Gulshan-e-Iqbal,13370571,openaq_exact
2025-09-10,21.600772417675362,24,Gulshan-e-Iqbal,13370571,openaq_exact
2025-09-11,30.038432894481556,24,Gulshan-e-Iqbal,13370571,openaq_exact
2025-09-12,32.28110995557573,24,Gulshan-e-Iqbal,13370571,openaq_exact
2025-09-13,30.278387397811525,14,Gulshan-e-Iqbal,13370571,openaq_exact
2025-09-14,20.150181122952038,24,Gulshan-e-Iqbal,13370571,openaq_exact
2025-09-15,31.23270086116261,24,Gulshan-e-Iqbal,13370571,openaq_exact
2025-09-16,42.652266171243454,24,Gulshan-e-Iqbal,13370571,openaq_exact
2025-09-17,45.03385960822012,17,Gulshan-e-Iqbal,13370571,openaq_exact
2025-09-18,29.410096089045208,24,Gulshan-e-Iqbal,13370571,openaq_exact
2025-09-19,34.03093525436189,24,Gulshan-e-Iqbal,13370571,openaq_exact
2025-09-20,31.28160595231586,24,Gulshan-e-Iqbal,13370571,openaq_exact
2025-09-21,23.723085668351914,24,Gulshan-e-Iqbal,13370571,openaq_exact
2025-09-22,26.28151102198495,24,Gulshan-e-Iqbal,13370571,openaq_exact
2025-09-23,34.176641239060295,24,Gulshan-e-Iqbal,13370571,openaq_exact
2025-09-24,33.46105078337849,23,Gulshan-e-Iqbal,13370571,openaq_exact
2025-09-25,37.51450868425546,24,Gulshan-e-Iqbal,13370571,openaq_exact
2025-09-26,30.295652756867582,24,Gulshan-e-Iqbal,13370571,openaq_exact
2025-09-27,33.94559464411959,22,Gulshan-e-Iqbal,13370571,openaq_exact
2025-09-28,32.84730487159951,21,Gulshan-e-Iqbal,13370571,openaq_exact
2025-09-29,49.98393539852567,23,Gulshan-e-Iqbal,13370571,openaq_exact
2025-09-30,37.03892344074601,23,Gulshan-e-Iqbal,13370571,openaq_exact
2025-10-01,27.113856521298988,24,Gulshan-e-Iqbal,13370571,openaq_exact
2025-10-02,27.800400462154588,24,Gulshan-e-Iqbal,13370571,openaq_exact
2025-10-03,26.491843765091016,24,Gulshan-e-Iqbal,13370571,openaq_exact
2025-10-04,27.19520533706831,23,Gulshan-e-Iqbal,13370571,openaq_exact
2025-10-05,27.63549536753584,24,Gulshan-e-Iqbal,13370571,openaq_exact
2025-10-06,31.47885995319596,24,Gulshan-e-Iqbal,13370571,openaq_exact
2025-10-07,35.499660344300445,24,Gulshan-e-Iqbal,13370571,openaq_exact
2025-10-08,36.49356479407461,24,Gulshan-e-Iqbal,13370571,openaq_exact
2025-10-09,32.47062634600935,24,Gulshan-e-Iqbal,13370571,openaq_exact
2025-10-10,33.587832191365735,24,Gulshan-e-Iqbal,13370571,openaq_exact
2025-10-11,37.049019308712175,23,Gulshan-e-Iqbal,13370571,openaq_exact
2025-10-12,36.11785823106766,24,Gulshan-e-Iqbal,13370571,openaq_exact
2025-10-13,36.96542506376501,24,Gulshan-e-Iqbal,13370571,openaq_exact
2025-10-14,38.98100352000307,24,Gulshan-e-Iqbal,13370571,openaq_exact
2025-10-15,36.120535314414234,24,Gulshan-e-Iqbal,13370571,openaq_exact
2025-10-16,56.62340158345523,24,Gulshan-e-Iqbal,13370571,openaq_exact
2025-10-17,47.403239518072866,24,Gulshan-e-Iqbal,13370571,openaq_exact
2025-10-18,57.765636627541646,24,Gulshan-e-Iqbal,13370571,openaq_exact
2025-10-19,43.520660829062415,24,Gulshan-e-Iqbal,13370571,openaq_exact
2025-10-20,53.562924231808594,20,Gulshan-e-Iqbal,13370571,openaq_exact
2025-10-21,73.57120253951462,24,Gulshan-e-Iqbal,13370571,openaq_exact
2025-10-22,69.35571327798696,24,Gulshan-e-Iqbal,13370571,openaq_exact
2025-10-23,105.7739194175611,24,Gulshan-e-Iqbal,13370571,openaq_exact
2025-10-24,95.31378827095033,24,Gulshan-e-Iqbal,13370571,openaq_exact
2025-10-25,77.94621131926918,23,Gulshan-e-Iqbal,13370571,openaq_exact
2025-10-26,57.617456571261094,24,Gulshan-e-Iqbal,13370571,openaq_exact
2025-10-27,55.51470838122898,24,Gulshan-e-Iqbal,13370571,openaq_exact
2025-10-28,70.5474253680971,24,Gulshan-e-Iqbal,13370571,openaq_exact
2025-10-29,69.38938893212212,24,Gulshan-e-Iqbal,13370571,openaq_exact
2025-10-30,68.06963225855971,24,Gulshan-e-Iqbal,13370571,openaq_exact
2025-10-31,129.31543887152188,23,Gulshan-e-Iqbal,13370571,openaq_exact
2025-11-01,159.93960323245437,24,Gulshan-e-Iqbal,13370571,openaq_exact
2025-11-02,78.6715575646471,24,Gulshan-e-Iqbal,13370571,openaq_exact
2025-11-03,45.884972288010495,24,Gulshan-e-Iqbal,13370571,openaq_exact
2025-11-04,36.068750018278756,10,Gulshan-e-Iqbal,13370571,openaq_exact
2025-11-17,106.11206659952799,15,Gulshan-e-Iqbal,13370571,openaq_exact
2025-11-18,111.18203142638697,23,Gulshan-e-Iqbal,13370571,openaq_exact
2025-11-19,96.51130487565642,24,Gulshan-e-Iqbal,13370571,openaq_exact
2025-11-20,106.22423083782196,24,Gulshan-e-Iqbal,13370571,openaq_exact
2025-11-21,120.6939403684051,24,Gulshan-e-Iqbal,13370571,openaq_exact
2025-11-22,159.98162335554758,24,Gulshan-e-Iqbal,13370571,openaq_exact
2025-11-23,126.91859183639446,21,Gulshan-e-Iqbal,13370571,openaq_exact
2025-11-24,90.43349226688993,23,Gulshan-e-Iqbal,13370571,openaq_exact
2025-11-25,83.51920311980777,24,Gulshan-e-Iqbal,13370571,openaq_exact
2025-11-26,92.41672743956248,24,Gulshan-e-Iqbal,13370571,openaq_exact
2025-11-27,80.92228468259175,24,Gulshan-e-Iqbal,13370571,openaq_exact
2025-11-28,86.54078242160655,24,Gulshan-e-Iqbal,13370571,openaq_exact
2025-11-29,96.52023325054734,24,Gulshan-e-Iqbal,13370571,openaq_exact
2025-11-30,101.92133119974315,23,Gulshan-e-Iqbal,13370571,openaq_exact
2025-12-01,92.04840270519256,20,Gulshan-e-Iqbal,13370571,openaq_exact
2025-12-02,95.68877907060211,24,Gulshan-e-Iqbal,13370571,openaq_exact
2025-12-03,63.81860568908729,23,Gulshan-e-Iqbal,13370571,openaq_exact
2025-12-04,84.86465214005223,24,Gulshan-e-Iqbal,13370571,openaq_exact
2025-12-05,110.05562332073849,24,Gulshan-e-Iqbal,13370571,openaq_exact
2025-12-06,101.47942184607189,24,Gulshan-e-Iqbal,13370571,openaq_exact
2025-12-07,111.36342762929422,24,Gulshan-e-Iqbal,13370571,openaq_exact
2025-12-08,77.10517931755143,24,Gulshan-e-Iqbal,13370571,openaq_exact
2025-12-09,92.30945299120029,13,Gulshan-e-Iqbal,13370571,openaq_exact
2025-12-10,38.84306911038028,8,Gulshan-e-Iqbal,13370571,openaq_exact
2025-12-11,40.69657426706697,6,Gulshan-e-Iqbal,13370571,openaq_exact
2025-12-12,46.99718688283648,5,Gulshan-e-Iqbal,13370571,openaq_exact
2026-01-27,37.0966737182052,6,Gulshan-e-Iqbal,13370571,openaq_exact
2026-01-31,70.15891399030333,6,Gulshan-e-Iqbal,13370571,openaq_exact
2026-02-16,39.70171829102531,3,Gulshan-e-Iqbal,13370571,openaq_exact
2025-06-21,22.519977915520762,17,Korangi_Industrial,13387131,openaq_exact
2025-06-22,23.77410100445603,22,Korangi_Industrial,13387131,openaq_exact
2025-06-23,26.534271102020703,23,Korangi_Industrial,13387131,openaq_exact
2025-06-24,29.029211559680974,22,Korangi_Industrial,13387131,openaq_exact
2025-06-27,34.84091889230829,19,Korangi_Industrial,13387131,openaq_exact
2025-06-28,33.4856901941476,24,Korangi_Industrial,13387131,openaq_exact
2025-06-29,14.678928771780598,24,Korangi_Industrial,13387131,openaq_exact
2025-06-30,21.022939241594738,24,Korangi_Industrial,13387131,openaq_exact
2025-07-01,22.20457586314943,24,Korangi_Industrial,13387131,openaq_exact
2025-07-02,20.00662899017334,24,Korangi_Industrial,13387131,openaq_exact
2025-07-03,19.805973234630766,24,Korangi_Industrial,13387131,openaq_exact
2025-07-04,18.546583223342896,5,Korangi_Industrial,13387131,openaq_exact
2025-06-20,23.84099191401428,14,Landhi,13379213,openaq_exact
2024-10-02,21.407142917315166,8,North_Nazimabad,10815113,openaq_exact
2024-10-03,25.101592193047207,24,North_Nazimabad,10815113,openaq_exact
2024-10-04,25.11232268479135,24,North_Nazimabad,10815113,openaq_exact
2024-10-05,28.362361322508917,14,North_Nazimabad,10815113,openaq_exact
2024-10-06,34.59309475576723,10,North_Nazimabad,10815113,openaq_exact
2024-10-10,43.59735898176829,4,North_Nazimabad,10815113,openaq_exact
2024-10-11,37.95821991420927,7,North_Nazimabad,10815113,openaq_exact
2024-10-14,40.96595230102539,5,North_Nazimabad,10815113,openaq_exact
2024-10-15,40.06469488143921,4,North_Nazimabad,10815113,openaq_exact
2025-06-24,33.80585419138273,16,SITE_Industrial,13414781,openaq_exact
2025-06-25,39.71968741850419,22,SITE_Industrial,13414781,openaq_exact
2025-06-26,47.02632619274987,24,SITE_Industrial,13414781,openaq_exact
2025-06-27,43.38802778720856,24,SITE_Industrial,13414781,openaq_exact
2025-06-28,37.860496520996094,24,SITE_Industrial,13414781,openaq_exact
2025-06-29,26.849390145805145,24,SITE_Industrial,13414781,openaq_exact
2025-06-30,24.77669969532225,24,SITE_Industrial,13414781,openaq_exact
2025-07-01,26.957738955815632,24,SITE_Industrial,13414781,openaq_exact
2025-07-02,27.307466987106537,24,SITE_Industrial,13414781,openaq_exact
2025-07-03,26.506393608119755,24,SITE_Industrial,13414781,openaq_exact
2025-07-04,26.45490915907754,24,SITE_Industrial,13414781,openaq_exact
2025-07-05,27.95745016468896,24,SITE_Industrial,13414781,openaq_exact
2025-07-06,24.985062484939892,24,SITE_Industrial,13414781,openaq_exact
2025-07-07,34.32860769745376,24,SITE_Industrial,13414781,openaq_exact
2025-07-08,35.338094214598335,24,SITE_Industrial,13414781,openaq_exact
2025-07-09,33.24948254558775,24,SITE_Industrial,13414781,openaq_exact
2025-07-10,35.76677088605033,24,SITE_Industrial,13414781,openaq_exact
2025-07-11,29.465048684014217,24,SITE_Industrial,13414781,openaq_exact
2025-07-12,24.590840220451355,18,SITE_Industrial,13414781,openaq_exact
2025-07-13,16.600901963664036,17,SITE_Industrial,13414781,openaq_exact
2025-07-14,22.972321743766468,24,SITE_Industrial,13414781,openaq_exact
2025-07-15,26.016018569469452,24,SITE_Industrial,13414781,openaq_exact
2025-07-16,26.801809559566806,24,SITE_Industrial,13414781,openaq_exact
2025-07-17,25.794056692207704,24,SITE_Industrial,13414781,openaq_exact
2025-07-18,24.778496556811863,24,SITE_Industrial,13414781,openaq_exact
2025-07-19,27.05133392413457,24,SITE_Industrial,13414781,openaq_exact
2025-07-20,27.877288202444714,24,SITE_Industrial,13414781,openaq_exact
2025-07-21,28.313658628198837,24,SITE_Industrial,13414781,openaq_exact
2025-07-22,25.370034686393208,24,SITE_Industrial,13414781,openaq_exact
2025-07-23,22.044898697523156,24,SITE_Industrial,13414781,openaq_exact
2025-07-24,26.943344432898243,24,SITE_Industrial,13414781,openaq_exact
2025-07-25,26.161475737889607,24,SITE_Industrial,13414781,openaq_exact
2025-07-26,33.4850780069828,24,SITE_Industrial,13414781,openaq_exact
2025-07-27,27.342583987447952,24,SITE_Industrial,13414781,openaq_exact
2025-07-28,28.22373151116901,24,SITE_Industrial,13414781,openaq_exact
2025-07-29,25.38480742242601,24,SITE_Industrial,13414781,openaq_exact
2025-07-30,29.190010405249065,24,SITE_Industrial,13414781,openaq_exact
2025-07-31,32.283343805207146,24,SITE_Industrial,13414781,openaq_exact
2025-08-01,25.43888305624326,24,SITE_Industrial,13414781,openaq_exact
2025-08-02,26.68139436633298,24,SITE_Industrial,13414781,openaq_exact
2025-08-03,20.379406041418665,24,SITE_Industrial,13414781,openaq_exact
2025-08-04,21.05767597258091,24,SITE_Industrial,13414781,openaq_exact
2025-08-05,25.93144328561094,24,SITE_Industrial,13414781,openaq_exact
2025-08-06,27.537942128049,24,SITE_Industrial,13414781,openaq_exact
2025-08-07,24.579595061865717,24,SITE_Industrial,13414781,openaq_exact
2025-08-08,22.32410519261553,24,SITE_Industrial,13414781,openaq_exact
2025-08-09,22.20214296546247,24,SITE_Industrial,13414781,openaq_exact
2025-08-10,22.02013957566685,24,SITE_Industrial,13414781,openaq_exact
2025-08-11,25.26808013819685,24,SITE_Industrial,13414781,openaq_exact
2025-08-12,25.599343436676314,23,SITE_Industrial,13414781,openaq_exact
2025-08-13,33.82384299352392,23,SITE_Industrial,13414781,openaq_exact
2025-08-14,38.91315754269108,20,SITE_Industrial,13414781,openaq_exact
2025-08-15,41.97957295009068,21,SITE_Industrial,13414781,openaq_exact
2025-08-16,30.678292966079102,19,SITE_Industrial,13414781,openaq_exact
2025-08-17,28.88625810119416,17,SITE_Industrial,13414781,openaq_exact
2025-08-18,42.038884167048494,24,SITE_Industrial,13414781,openaq_exact
2025-08-19,36.113516497752514,19,SITE_Industrial,13414781,openaq_exact
2025-08-20,29.16713634720354,22,SITE_Industrial,13414781,openaq_exact
2025-08-21,49.98169216403255,18,SITE_Industrial,13414781,openaq_exact
2025-08-22,18.050214764144688,24,SITE_Industrial,13414781,openaq_exact
2025-08-23,24.78770134680801,24,SITE_Industrial,13414781,openaq_exact
2025-08-24,26.402774340576595,24,SITE_Industrial,13414781,openaq_exact
2025-08-25,33.7344305978881,24,SITE_Industrial,13414781,openaq_exact
2025-08-26,28.42804056074884,24,SITE_Industrial,13414781,openaq_exact
2025-08-27,32.2015660405159,24,SITE_Industrial,13414781,openaq_exact
2025-08-28,32.426914923720894,24,SITE_Industrial,13414781,openaq_exact
2025-08-29,40.01360536946191,24,SITE_Industrial,13414781,openaq_exact
2025-08-30,32.8933327282318,24,SITE_Industrial,13414781,openaq_exact
2025-09-01,26.28469762360136,17,SITE_Industrial,13414781,openaq_exact
2025-09-02,27.142236526147496,23,SITE_Industrial,13414781,openaq_exact
2025-09-03,27.89221571286519,20,SITE_Industrial,13414781,openaq_exact
2025-09-04,31.34841963979933,24,SITE_Industrial,13414781,openaq_exact
2025-09-05,30.979700247446697,24,SITE_Industrial,13414781,openaq_exact
2025-09-06,31.467592669857876,24,SITE_Industrial,13414781,openaq_exact
2025-09-07,31.429673671722412,4,SITE_Industrial,13414781,openaq_exact
2025-09-08,34.71841076337374,13,SITE_Industrial,13414781,openaq_exact
2025-09-09,38.7618124898937,24,SITE_Industrial,13414781,openaq_exact
2025-09-10,43.482127747451415,24,SITE_Industrial,13414781,openaq_exact
2025-09-11,30.678266157706577,24,SITE_Industrial,13414781,openaq_exact
2025-09-12,26.63223917165188,24,SITE_Industrial,13414781,openaq_exact
2025-09-13,18.993292280369335,24,SITE_Industrial,13414781,openaq_exact
2025-09-14,15.561140068703226,24,SITE_Industrial,13414781,openaq_exact
2025-09-15,18.930729781587917,24,SITE_Industrial,13414781,openaq_exact
2025-09-16,26.146717636121647,24,SITE_Industrial,13414781,openaq_exact
2025-09-17,28.39217025854371,24,SITE_Industrial,13414781,openaq_exact
2025-09-18,27.313754667838413,24,SITE_Industrial,13414781,openaq_exact
2025-09-19,30.613174269596737,24,SITE_Industrial,13414781,openaq_exact
2025-09-20,28.161481817563377,16,SITE_Industrial,13414781,openaq_exact
2025-09-22,25.23920488447854,8,SITE_Industrial,13414781,openaq_exact
2025-09-23,23.980934123198193,8,SITE_Industrial,13414781,openaq_exact
2025-09-24,27.44136819373879,18,SITE_Industrial,13414781,openaq_exact
2025-09-25,32.92479109808251,24,SITE_Industrial,13414781,openaq_exact
2025-09-26,33.85512494974666,24,SITE_Industrial,13414781,openaq_exact
2025-09-27,38.266348710675324,22,SITE_Industrial,13414781,openaq_exact
2025-09-28,39.17920834601872,21,SITE_Industrial,13414781,openaq_exact
2025-09-29,58.736576612256414,23,SITE_Industrial,13414781,openaq_exact
2025-09-30,41.41581241744204,23,SITE_Industrial,13414781,openaq_exact
2025-10-01,32.244476901561725,24,SITE_Industrial,13414781,openaq_exact
2025-10-02,31.520352063074657,24,SITE_Industrial,13414781,openaq_exact
2025-10-03,30.344267936547595,24,SITE_Industrial,13414781,openaq_exact
2025-10-04,37.809781453805265,23,SITE_Industrial,13414781,openaq_exact
2025-10-05,26.494294568785914,24,SITE_Industrial,13414781,openaq_exact
2025-10-06,30.335773180149218,24,SITE_Industrial,13414781,openaq_exact
2025-10-07,39.42155090647715,24,SITE_Industrial,13414781,openaq_exact
2025-10-08,55.7981185791669,24,SITE_Industrial,13414781,openaq_exact
2025-10-09,42.409548347120065,24,SITE_Industrial,13414781,openaq_exact
2025-10-10,40.023904528330874,24,SITE_Industrial,13414781,openaq_exact
2025-10-11,42.69236167110683,23,SITE_Industrial,13414781,openaq_exact
2025-10-12,54.41335762408045,24,SITE_Industrial,13414781,openaq_exact
2025-10-13,61.632929945764715,24,SITE_Industrial,13414781,openaq_exact
2025-10-14,66.37308223567628,24,SITE_Industrial,13414781,openaq_exact
2025-10-15,63.036210668638894,24,SITE_Industrial,13414781,openaq_exact
2025-10-16,85.08579571754844,24,SITE_Industrial,13414781,openaq_exact
2025-10-17,58.58132574238159,24,SITE_Industrial,13414781,openaq_exact
2025-10-18,69.93732522946817,24,SITE_Industrial,13414781,openaq_exact
2025-10-19,102.75802701248062,16,SITE_Industrial,13414781,openaq_exact
2025-10-20,76.02005802349954,21,SITE_Industrial,13414781,openaq_exact
2025-10-21,105.33082875587321,24,SITE_Industrial,13414781,openaq_exact
2025-10-22,88.66824510895442,24,SITE_Industrial,13414781,openaq_exact
2025-10-23,118.43879029710685,24,SITE_Industrial,13414781,openaq_exact
2025-10-24,112.23138250297971,24,SITE_Industrial,13414781,openaq_exact
2025-10-25,83.69718667458797,23,SITE_Industrial,13414781,openaq_exact
2025-10-26,64.56011457973057,24,SITE_Industrial,13414781,openaq_exact
2025-10-27,68.42424297862583,24,SITE_Industrial,13414781,openaq_exact
2025-10-28,82.62346410044917,24,SITE_Industrial,13414781,openaq_exact
2025-10-29,77.96369848339646,24,SITE_Industrial,13414781,openaq_exact
2025-10-30,72.97596492959995,24,SITE_Industrial,13414781,openaq_exact
2025-10-31,144.34979046627328,24,SITE_Industrial,13414781,openaq_exact
2025-11-01,216.47451848983766,24,SITE_Industrial,13414781,openaq_exact
2025-11-02,113.89554238760913,24,SITE_Industrial,13414781,openaq_exact
2025-11-03,59.754606549667585,24,SITE_Industrial,13414781,openaq_exact
2025-11-04,54.00424708269261,24,SITE_Industrial,13414781,openaq_exact
2025-11-05,108.77560637262131,23,SITE_Industrial,13414781,openaq_exact
2025-11-06,99.50463538699681,24,SITE_Industrial,13414781,openaq_exact
2025-11-07,77.72904435931031,24,SITE_Industrial,13414781,openaq_exact
2025-11-08,45.05139180620511,24,SITE_Industrial,13414781,openaq_exact
2025-11-09,72.00856625822937,14,SITE_Industrial,13414781,openaq_exact
2025-11-10,56.44384156080207,22,SITE_Industrial,13414781,openaq_exact
2025-11-11,85.60645833015441,24,SITE_Industrial,13414781,openaq_exact
2025-11-12,85.03443215217118,18,SITE_Industrial,13414781,openaq_exact
2025-11-13,77.15447951640589,23,SITE_Industrial,13414781,openaq_exact
2025-11-14,79.05428432182029,15,SITE_Industrial,13414781,openaq_exact
2025-11-15,81.94450692865584,24,SITE_Industrial,13414781,openaq_exact
2025-11-16,87.54292022318079,23,SITE_Industrial,13414781,openaq_exact
2025-11-17,119.52445957492095,22,SITE_Industrial,13414781,openaq_exact
2025-11-18,125.46751982923867,23,SITE_Industrial,13414781,openaq_exact
2025-11-19,117.69239181589198,24,SITE_Industrial,13414781,openaq_exact
2025-11-20,100.47340337290908,22,SITE_Industrial,13414781,openaq_exact
2025-11-21,140.96689477217825,19,SITE_Industrial,13414781,openaq_exact
2025-11-22,171.02482233489002,24,SITE_Industrial,13414781,openaq_exact
2025-11-23,130.77967769728767,10,SITE_Industrial,13414781,openaq_exact
2025-11-24,91.67755164845785,20,SITE_Industrial,13414781,openaq_exact
2025-11-25,94.34957063109785,24,SITE_Industrial,13414781,openaq_exact
2025-11-26,110.54465404664626,22,SITE_Industrial,13414781,openaq_exact
2025-11-27,76.67917108368455,19,SITE_Industrial,13414781,openaq_exact
2025-11-28,88.31225577813608,24,SITE_Industrial,13414781,openaq_exact
2025-12-01,88.25330629731403,18,SITE_Industrial,13414781,openaq_exact
2025-12-02,112.39109019550811,24,SITE_Industrial,13414781,openaq_exact
2025-12-03,60.43839874411071,24,SITE_Industrial,13414781,openaq_exact
2025-12-04,105.17337036486026,24,SITE_Industrial,13414781,openaq_exact
2025-12-05,130.467148148572,24,SITE_Industrial,13414781,openaq_exact
2025-12-06,102.70582076390583,20,SITE_Industrial,13414781,openaq_exact
2025-12-08,91.95430000067898,19,SITE_Industrial,13414781,openaq_exact
2025-12-09,162.4690491082012,23,SITE_Industrial,13414781,openaq_exact
2025-12-10,82.55496750276434,19,SITE_Industrial,13414781,openaq_exact
2025-12-11,73.12495605327466,24,SITE_Industrial,13414781,openaq_exact
2025-12-12,64.47590335364696,24,SITE_Industrial,13414781,openaq_exact
2025-12-13,58.67670471696129,19,SITE_Industrial,13414781,openaq_exact
2025-12-15,107.06449704613348,20,SITE_Industrial,13414781,openaq_exact
2025-12-16,90.49047165358509,24,SITE_Industrial,13414781,openaq_exact
2025-12-17,103.22901634271594,23,SITE_Industrial,13414781,openaq_exact
2025-12-18,143.13261533144748,24,SITE_Industrial,13414781,openaq_exact
2025-12-19,134.90434555212656,24,SITE_Industrial,13414781,openaq_exact
2025-12-20,178.4821118019245,24,SITE_Industrial,13414781,openaq_exact
2025-12-21,127.93783105759394,14,SITE_Industrial,13414781,openaq_exact
2025-12-22,100.63924019525922,21,SITE_Industrial,13414781,openaq_exact
2025-12-23,91.18679167429606,24,SITE_Industrial,13414781,openaq_exact
2025-12-24,111.99985238975948,24,SITE_Industrial,13414781,openaq_exact
2025-12-25,122.2808681541019,24,SITE_Industrial,13414781,openaq_exact
2025-12-26,103.04216339162706,24,SITE_Industrial,13414781,openaq_exact
2025-12-27,136.57554664354933,18,SITE_Industrial,13414781,openaq_exact
2025-12-28,130.4816294969916,13,SITE_Industrial,13414781,openaq_exact
2025-12-29,166.26676424986587,24,SITE_Industrial,13414781,openaq_exact
2025-12-30,117.96854167143503,20,SITE_Industrial,13414781,openaq_exact
2025-12-31,70.39242885642581,24,SITE_Industrial,13414781,openaq_exact
2026-01-01,99.32885264732221,24,SITE_Industrial,13414781,openaq_exact
2026-01-02,99.90372632874384,24,SITE_Industrial,13414781,openaq_exact
2026-01-03,139.1897690905465,24,SITE_Industrial,13414781,openaq_exact
2026-01-04,161.19413209054983,17,SITE_Industrial,13414781,openaq_exact
2026-01-05,106.51234497670775,24,SITE_Industrial,13414781,openaq_exact
2026-01-06,83.32769442664252,24,SITE_Industrial,13414781,openaq_exact
2026-01-07,72.2063327992404,24,SITE_Industrial,13414781,openaq_exact
2026-01-08,53.743324326423895,23,SITE_Industrial,13414781,openaq_exact
2026-01-09,70.75199418112084,24,SITE_Industrial,13414781,openaq_exact
2026-01-10,85.6408817593487,23,SITE_Industrial,13414781,openaq_exact
2026-01-11,85.17887780432608,17,SITE_Industrial,13414781,openaq_exact
2026-01-12,155.21177491611905,24,SITE_Industrial,13414781,openaq_exact
2026-01-13,140.2879588400876,24,SITE_Industrial,13414781,openaq_exact
2026-01-14,179.8332116925275,15,SITE_Industrial,13414781,openaq_exact
2026-01-15,125.47051422273073,14,SITE_Industrial,13414781,openaq_exact
2026-01-16,79.48856796040461,11,SITE_Industrial,13414781,openaq_exact
2026-01-17,60.53091920634311,6,SITE_Industrial,13414781,openaq_exact
2026-01-18,88.99014869972511,3,SITE_Industrial,13414781,openaq_exact
2026-01-19,98.85115605926515,5,SITE_Industrial,13414781,openaq_exact
2026-02-13,41.64402503077189,5,SITE_Industrial,13414781,openaq_exact
2026-02-16,39.51284930516803,3,SITE_Industrial,13414781,openaq_exact
2019-05-22,39.93333333333333,3,Saddar,23747,openaq_exact
2019-05-23,39.487500000000004,24,Saddar,23747,openaq_exact
2019-05-24,50.68333333333334,24,Saddar,23747,openaq_exact
2019-05-25,48.1,24,Saddar,23747,openaq_exact
2019-05-26,38.00833333333333,24,Saddar,23747,openaq_exact
2019-05-27,31.6875,24,Saddar,23747,openaq_exact
2019-05-28,26.479166666666668,24,Saddar,23747,openaq_exact
2019-05-29,24.566666666666666,24,Saddar,23747,openaq_exact
2019-05-30,31.412499999999998,24,Saddar,23747,openaq_exact
2019-05-31,33.05416666666667,24,Saddar,23747,openaq_exact
2019-06-01,22.641666666666666,24,Saddar,23747,openaq_exact
2019-06-02,21.641666666666666,24,Saddar,23747,openaq_exact
2019-06-03,19.537499999999998,24,Saddar,23747,openaq_exact
2019-06-04,18.770833333333332,24,Saddar,23747,openaq_exact
2019-06-05,17.166666666666668,24,Saddar,23747,openaq_exact
2019-06-06,18.716666666666665,24,Saddar,23747,openaq_exact
2019-06-07,17.45,24,Saddar,23747,openaq_exact
2019-06-08,17.933333333333334,24,Saddar,23747,openaq_exact
2019-06-09,17.14166666666667,24,Saddar,23747,openaq_exact
2019-06-10,21.379166666666666,24,Saddar,23747,openaq_exact
2019-06-11,25.72083333333333,24,Saddar,23747,openaq_exact
2019-06-13,56.72727272727273,22,Saddar,23747,openaq_exact
2019-06-14,36.03333333333334,21,Saddar,23747,openaq_exact
2019-06-15,31.586363636363636,22,Saddar,23747,openaq_exact
2019-06-16,28.761111111111113,18,Saddar,23747,openaq_exact
2019-06-17,20.894444444444446,18,Saddar,23747,openaq_exact
2019-06-18,32.32608695652174,23,Saddar,23747,openaq_exact
2019-06-19,34.009523809523806,21,Saddar,23747,openaq_exact
2019-06-20,30.620833333333334,24,Saddar,23747,openaq_exact
2019-06-21,40.02916666666666,24,Saddar,23747,openaq_exact
2019-06-22,48.59444444444444,18,Saddar,23747,openaq_exact
2019-06-23,43.083333333333336,24,Saddar,23747,openaq_exact
2019-06-24,39.24166666666667,24,Saddar,23747,openaq_exact
2019-06-25,31.920833333333334,24,Saddar,23747,openaq_exact
2019-06-26,25.253333333333334,15,Saddar,23747,openaq_exact
2019-06-27,26.49285714285714,14,Saddar,23747,openaq_exact
2019-06-28,29.941666666666666,24,Saddar,23747,openaq_exact
2019-06-29,31.63181818181818,22,Saddar,23747,openaq_exact
2019-06-30,31.212500000000002,24,Saddar,23747,openaq_exact
2019-07-01,31.07083333333333,24,Saddar,23747,openaq_exact
2019-07-02,32.82,15,Saddar,23747,openaq_exact
2019-07-03,31.212500000000002,24,Saddar,23747,openaq_exact
2019-07-04,31.84583333333333,24,Saddar,23747,openaq_exact
2019-07-05,34.762499999999996,24,Saddar,23747,openaq_exact
2019-07-06,36.35263157894737,19,Saddar,23747,openaq_exact
2019-07-07,35.9875,24,Saddar,23747,openaq_exact
2019-07-08,40.37083333333333,24,Saddar,23747,openaq_exact
2019-07-09,40.40416666666667,24,Saddar,23747,openaq_exact
2019-07-10,31.829166666666666,24,Saddar,23747,openaq_exact
2019-07-11,35.03529411764706,17,Saddar,23747,openaq_exact
2019-07-13,30.37857142857143,14,Saddar,23747,openaq_exact
2019-07-14,26.646153846153844,13,Saddar,23747,openaq_exact
2019-07-15,113.93636363636364,11,Saddar,23747,openaq_exact
2019-07-16,36.56363636363636,22,Saddar,23747,openaq_exact
2019-07-17,31.353846153846156,13,Saddar,23747,openaq_exact
2019-07-18,28.8875,16,Saddar,23747,openaq_exact
2019-07-19,28.511111111111113,18,Saddar,23747,openaq_exact
2019-07-20,30.115789473684213,19,Saddar,23747,openaq_exact
2019-07-21,25.900000000000002,24,Saddar,23747,openaq_exact
2019-07-22,28.920833333333334,24,Saddar,23747,openaq_exact
2019-07-23,24.491666666666664,24,Saddar,23747,openaq_exact
2019-07-24,23.120833333333334,24,Saddar,23747,openaq_exact
2019-07-25,29.07083333333333,24,Saddar,23747,openaq_exact
2019-07-26,35.4375,24,Saddar,23747,openaq_exact
2019-07-27,30.308333333333334,24,Saddar,23747,openaq_exact
2019-07-28,25.787499999999998,24,Saddar,23747,openaq_exact
2019-07-29,21.220833333333335,24,Saddar,23747,openaq_exact
2019-07-30,22.929166666666664,24,Saddar,23747,openaq_exact
2019-07-31,25.866666666666664,24,Saddar,23747,openaq_exact
2019-08-01,30.00869565217391,23,Saddar,23747,openaq_exact
2019-08-02,30.349999999999998,24,Saddar,23747,openaq_exact
2019-08-03,29.07083333333333,24,Saddar,23747,openaq_exact
2019-08-04,29.0625,24,Saddar,23747,openaq_exact
2019-08-05,30.925,24,Saddar,23747,openaq_exact
2019-08-06,33.645833333333336,24,Saddar,23747,openaq_exact
2019-08-07,38.604166666666664,24,Saddar,23747,openaq_exact
2019-08-08,41.891666666666666,24,Saddar,23747,openaq_exact
2019-08-09,43.22083333333333,24,Saddar,23747,openaq_exact
2019-08-10,32.81428571428572,21,Saddar,23747,openaq_exact
2019-08-12,20.995833333333334,24,Saddar,23747,openaq_exact
2019-08-13,21.816666666666666,24,Saddar,23747,openaq_exact
2019-08-14,12.008333333333333,24,Saddar,23747,openaq_exact
2019-08-15,16.716666666666665,24,Saddar,23747,openaq_exact
2019-08-16,17.10833333333333,24,Saddar,23747,openaq_exact
2019-08-17,16.662499999999998,24,Saddar,23747,openaq_exact
2019-08-18,15.3125,24,Saddar,23747,openaq_exact
2019-08-19,19.7,24,Saddar,23747,openaq_exact
2019-08-20,20.479166666666668,24,Saddar,23747,openaq_exact
2019-08-21,21.920833333333334,24,Saddar,23747,openaq_exact
2019-08-22,21.729166666666668,24,Saddar,23747,openaq_exact
2019-08-23,25.379166666666666,24,Saddar,23747,openaq_exact
2019-08-24,27.045833333333334,24,Saddar,23747,openaq_exact
2019-08-25,28.913636363636364,22,Saddar,23747,openaq_exact
2019-08-26,29.875,24,Saddar,23747,openaq_exact
2019-08-27,29.266666666666666,24,Saddar,23747,openaq_exact
2019-08-28,28.679166666666664,24,Saddar,23747,openaq_exact
2019-08-29,34.8125,24,Saddar,23747,openaq_exact
2019-08-30,49.49166666666667,24,Saddar,23747,openaq_exact
2019-08-31,33.329166666666666,24,Saddar,23747,openaq_exact
2019-09-01,23.316666666666666,24,Saddar,23747,openaq_exact
2019-09-02,27.375,24,Saddar,23747,openaq_exact
2019-09-03,25.666666666666668,24,Saddar,23747,openaq_exact
2019-09-04,24.662499999999998,24,Saddar,23747,openaq_exact
2019-09-05,26.854166666666668,24,Saddar,23747,openaq_exact
2019-09-06,29.03333333333333,24,Saddar,23747,openaq_exact
2019-09-07,29.170833333333334,24,Saddar,23747,openaq_exact
2019-09-08,28.316666666666666,24,Saddar,23747,openaq_exact
2019-09-09,24.066666666666666,18,Saddar,23747,openaq_exact
2019-09-11,30.087500000000002,24,Saddar,23747,openaq_exact
2019-09-12,26.099999999999998,24,Saddar,23747,openaq_exact
2019-09-13,23.958333333333332,24,Saddar,23747,openaq_exact
2019-09-14,21.843478260869563,23,Saddar,23747,openaq_exact
2019-09-15,20.26086956521739,23,Saddar,23747,openaq_exact
2019-09-16,20.991666666666667,24,Saddar,23747,openaq_exact
2019-09-17,27.495833333333334,24,Saddar,23747,openaq_exact
2019-09-18,34.958333333333336,24,Saddar,23747,openaq_exact
2019-09-19,33.96521739130435,23,Saddar,23747,openaq_exact
2019-09-20,35.28333333333333,24,Saddar,23747,openaq_exact
2019-09-21,56.82916666666667,24,Saddar,23747,openaq_exact
2019-09-22,81.425,24,Saddar,23747,openaq_exact
2019-09-23,36.65833333333333,24,Saddar,23747,openaq_exact
2019-09-24,24.558333333333334,24,Saddar,23747,openaq_exact
2019-09-25,36.24166666666667,24,Saddar,23747,openaq_exact
2019-09-26,82.3125,24,Saddar,23747,openaq_exact
2019-09-27,64.3,24,Saddar,23747,openaq_exact
2019-09-28,46.79583333333333,24,Saddar,23747,openaq_exact
2019-09-29,26.96666666666667,24,Saddar,23747,openaq_exact
2019-09-30,26.099999999999998,24,Saddar,23747,openaq_exact
2019-10-01,17.675,24,Saddar,23747,openaq_exact
2019-10-02,20.6375,24,Saddar,23747,openaq_exact
2019-10-03,22.941666666666666,24,Saddar,23747,openaq_exact
2019-10-04,29.045833333333334,24,Saddar,23747,openaq_exact
2019-10-05,27.77916666666667,24,Saddar,23747,openaq_exact
2019-10-06,24.424999999999997,24,Saddar,23747,openaq_exact
2019-10-07,32.88333333333333,24,Saddar,23747,openaq_exact
2019-10-08,42.90416666666667,24,Saddar,23747,openaq_exact
2019-10-09,35.74666666666667,15,Saddar,23747,openaq_exact
2019-10-12,35.372727272727275,22,Saddar,23747,openaq_exact
2019-10-13,36.266666666666666,24,Saddar,23747,openaq_exact
2019-10-14,33.208333333333336,24,Saddar,23747,openaq_exact
2019-10-15,34.78260869565217,23,Saddar,23747,openaq_exact
2019-10-16,49.24583333333334,24,Saddar,23747,openaq_exact
2019-10-17,36.37916666666667,24,Saddar,23747,openaq_exact
2019-10-18,49.275,24,Saddar,23747,openaq_exact
2019-10-19,74.42916666666666,24,Saddar,23747,openaq_exact
2019-10-20,80.85833333333333,24,Saddar,23747,openaq_exact
2019-10-21,77.44166666666666,24,Saddar,23747,openaq_exact
2019-10-22,68.56666666666666,24,Saddar,23747,openaq_exact
2019-10-23,36.70909090909091,22,Saddar,23747,openaq_exact
2019-10-24,76.0,24,Saddar,23747,openaq_exact
2019-10-25,103.73333333333333,24,Saddar,23747,openaq_exact
2019-10-26,71.2375,24,Saddar,23747,openaq_exact
2019-10-27,73.30833333333334,24,Saddar,23747,openaq_exact
2019-10-28,55.59166666666667,24,Saddar,23747,openaq_exact
2019-10-29,63.3125,24,Saddar,23747,openaq_exact
2019-10-30,41.02916666666667,24,Saddar,23747,openaq_exact
2019-10-31,31.6125,24,Saddar,23747,openaq_exact
2019-11-01,57.525,24,Saddar,23747,openaq_exact
2019-11-02,33.94583333333333,24,Saddar,23747,openaq_exact
2019-11-03,37.2875,24,Saddar,23747,openaq_exact
2019-11-04,43.74583333333334,24,Saddar,23747,openaq_exact
2019-11-05,55.81666666666666,24,Saddar,23747,openaq_exact
2019-11-06,34.32,5,Saddar,23747,openaq_exact
2019-11-11,81.53846153846153,13,Saddar,23747,openaq_exact
2019-11-12,93.33749999999999,24,Saddar,23747,openaq_exact
2019-11-13,69.94166666666666,24,Saddar,23747,openaq_exact
2019-11-14,92.68333333333334,6,Saddar,23747,openaq_exact
2019-11-19,77.35454545454546,22,Saddar,23747,openaq_exact
2019-11-20,37.69583333333333,24,Saddar,23747,openaq_exact
2019-11-21,55.06666666666666,24,Saddar,23747,openaq_exact
2019-11-22,104.95,24,Saddar,23747,openaq_exact
2019-11-23,96.89583333333333,24,Saddar,23747,openaq_exact
2019-11-24,68.41666666666667,24,Saddar,23747,openaq_exact
2019-11-25,58.362500000000004,24,Saddar,23747,openaq_exact
2019-11-26,54.62083333333334,24,Saddar,23747,openaq_exact
2019-11-27,80.41666666666667,24,Saddar,23747,openaq_exact
2019-11-28,63.17083333333333,24,Saddar,23747,openaq_exact
2019-11-29,70.1125,24,Saddar,23747,openaq_exact
2019-11-30,78.47500000000001,24,Saddar,23747,openaq_exact
2019-12-01,66.61666666666666,24,Saddar,23747,openaq_exact
2019-12-02,67.64583333333333,24,Saddar,23747,openaq_exact
2019-12-03,56.647619047619045,21,Saddar,23747,openaq_exact
2019-12-04,51.637499999999996,24,Saddar,23747,openaq_exact
2019-12-05,50.15238095238095,21,Saddar,23747,openaq_exact
2019-12-06,54.54583333333333,24,Saddar,23747,openaq_exact
2019-12-07,64.025,24,Saddar,23747,openaq_exact
2019-12-08,77.625,24,Saddar,23747,openaq_exact
2019-12-10,78.8125,24,Saddar,23747,openaq_exact
2019-12-11,41.69166666666667,24,Saddar,23747,openaq_exact
2019-12-12,88.48333333333333,18,Saddar,23747,openaq_exact
2019-12-13,91.52499999999999,24,Saddar,23747,openaq_exact
2019-12-14,85.87916666666666,24,Saddar,23747,openaq_exact
2019-12-15,70.81666666666668,24,Saddar,23747,openaq_exact
2019-12-16,81.39166666666667,24,Saddar,23747,openaq_exact
2019-12-17,48.300000000000004,24,Saddar,23747,openaq_exact
2019-12-18,92.2625,24,Saddar,23747,openaq_exact
2019-12-19,79.96666666666667,24,Saddar,23747,openaq_exact
2019-12-20,109.05833333333334,24,Saddar,23747,openaq_exact
2019-12-21,55.029411764705884,17,Saddar,23747,openaq_exact
2019-12-22,66.75833333333334,24,Saddar,23747,openaq_exact
2019-12-23,75.50833333333334,24,Saddar,23747,openaq_exact
2019-12-24,70.26666666666667,24,Saddar,23747,openaq_exact
2019-12-25,72.55416666666666,24,Saddar,23747,openaq_exact
2019-12-26,135.33333333333334,24,Saddar,23747,openaq_exact
2019-12-27,148.83333333333334,24,Saddar,23747,openaq_exact
2019-12-28,115.61666666666667,24,Saddar,23747,openaq_exact
2019-12-29,101.57083333333333,24,Saddar,23747,openaq_exact
2019-12-30,134.92083333333332,24,Saddar,23747,openaq_exact
2019-12-31,118.20833333333333,24,Saddar,23747,openaq_exact
2020-01-01,96.3875,24,Saddar,23747,openaq_exact
2020-01-02,66.08333333333333,24,Saddar,23747,openaq_exact
2020-01-03,143.61666666666667,24,Saddar,23747,openaq_exact
2020-01-04,115.23333333333333,24,Saddar,23747,openaq_exact
2020-01-05,87.2375,24,Saddar,23747,openaq_exact
2020-01-06,124.01666666666667,24,Saddar,23747,openaq_exact
2020-01-07,59.895833333333336,24,Saddar,23747,openaq_exact
2020-01-09,53.824999999999996,24,Saddar,23747,openaq_exact
2020-01-10,39.1875,24,Saddar,23747,openaq_exact
2020-01-11,56.958333333333336,24,Saddar,23747,openaq_exact
2020-01-12,37.69166666666667,24,Saddar,23747,openaq_exact
2020-01-13,49.6625,24,Saddar,23747,openaq_exact
2020-01-14,52.81666666666666,24,Saddar,23747,openaq_exact
2020-01-15,37.916666666666664,24,Saddar,23747,openaq_exact
2020-01-16,74.67083333333333,24,Saddar,23747,openaq_exact
2020-01-17,96.9695652173913,23,Saddar,23747,openaq_exact
2020-01-18,93.80833333333334,24,Saddar,23747,openaq_exact
2020-01-19,65.23333333333333,24,Saddar,23747,openaq_exact
2020-01-20,95.01666666666667,24,Saddar,23747,openaq_exact
2020-01-21,93.8625,24,Saddar,23747,openaq_exact
2020-01-22,89.40416666666665,24,Saddar,23747,openaq_exact
2020-01-23,70.86666666666666,24,Saddar,23747,openaq_exact
2020-01-24,72.92916666666666,24,Saddar,23747,openaq_exact
2020-01-25,75.4875,24,Saddar,23747,openaq_exact
2020-01-26,51.30416666666667,24,Saddar,23747,openaq_exact
2020-01-27,38.487500000000004,24,Saddar,23747,openaq_exact
2020-01-28,43.208333333333336,24,Saddar,23747,openaq_exact
2020-01-29,68.70833333333333,24,Saddar,23747,openaq_exact
2020-01-30,62.69583333333333,24,Saddar,23747,openaq_exact
2020-01-31,91.83333333333333,24,Saddar,23747,openaq_exact
2020-02-01,76.7375,24,Saddar,23747,openaq_exact
2020-02-02,77.02916666666667,24,Saddar,23747,openaq_exact
2020-02-03,60.12916666666666,24,Saddar,23747,openaq_exact
2020-02-04,49.574999999999996,24,Saddar,23747,openaq_exact
2020-02-05,63.94583333333333,24,Saddar,23747,openaq_exact
2020-02-06,89.64166666666667,24,Saddar,23747,openaq_exact
2020-02-08,86.3875,24,Saddar,23747,openaq_exact
2020-02-09,82.85833333333333,24,Saddar,23747,openaq_exact
2020-02-10,110.75416666666666,24,Saddar,23747,openaq_exact
2020-02-11,66.52499999999999,24,Saddar,23747,openaq_exact
2020-02-12,78.7,24,Saddar,23747,openaq_exact
2020-02-13,92.2,24,Saddar,23747,openaq_exact
2020-02-14,98.17083333333333,24,Saddar,23747,openaq_exact
2020-02-15,65.64999999999999,24,Saddar,23747,openaq_exact
2020-02-16,137.44166666666666,24,Saddar,23747,openaq_exact
2020-02-17,122.88333333333333,24,Saddar,23747,openaq_exact
2020-02-18,86.07916666666667,24,Saddar,23747,openaq_exact
2020-02-19,36.90833333333333,24,Saddar,23747,openaq_exact
2020-02-20,89.46249999999999,24,Saddar,23747,openaq_exact
2020-02-21,45.3375,24,Saddar,23747,openaq_exact
2020-02-22,67.35833333333333,24,Saddar,23747,openaq_exact
2020-02-23,60.20416666666667,24,Saddar,23747,openaq_exact
2020-02-24,72.19166666666666,24,Saddar,23747,openaq_exact
2020-02-25,36.975,24,Saddar,23747,openaq_exact
2020-02-26,41.80833333333333,24,Saddar,23747,openaq_exact
2020-02-27,38.550000000000004,24,Saddar,23747,openaq_exact
2020-02-28,40.82083333333333,24,Saddar,23747,openaq_exact
2020-02-29,89.97500000000001,24,Saddar,23747,openaq_exact
2020-03-01,71.13333333333334,24,Saddar,23747,openaq_exact
2020-03-02,68.50833333333334,24,Saddar,23747,openaq_exact
2020-03-03,44.28181818181818,22,Saddar,23747,openaq_exact
2020-03-04,30.662499999999998,24,Saddar,23747,openaq_exact
2020-03-05,48.145833333333336,24,Saddar,23747,openaq_exact
2020-03-06,57.65,24,Saddar,23747,openaq_exact
2020-03-07,55.67916666666667,24,Saddar,23747,openaq_exact
2020-03-09,38.7125,24,Saddar,23747,openaq_exact
2020-03-10,37.44583333333333,24,Saddar,23747,openaq_exact
2020-03-11,46.916666666666664,24,Saddar,23747,openaq_exact
2020-03-12,81.31666666666666,12,Saddar,23747,openaq_exact
2020-03-13,81.15416666666667,24,Saddar,23747,openaq_exact
2020-03-14,81.46521739130435,23,Saddar,23747,openaq_exact
2020-03-15,68.56666666666666,24,Saddar,23747,openaq_exact
2020-03-16,52.36818181818182,22,Saddar,23747,openaq_exact
2020-03-17,71.70434782608696,23,Saddar,23747,openaq_exact
2020-03-18,68.64583333333333,24,Saddar,23747,openaq_exact
2020-03-19,27.936842105263157,19,Saddar,23747,openaq_exact
2020-03-20,26.579166666666666,24,Saddar,23747,openaq_exact
2020-03-21,19.858333333333334,24,Saddar,23747,openaq_exact
2020-03-22,18.9875,8,Saddar,23747,openaq_exact
2021-04-29,9.552999999999999,7,US_Consulate_Karachi,1303651,openaq_us_consulate
2021-04-30,4.272352941176471,17,US_Consulate_Karachi,1303651,openaq_us_consulate
2021-05-01,5.2045,10,US_Consulate_Karachi,1303651,openaq_us_consulate
2021-05-03,11.192882352941176,17,US_Consulate_Karachi,1303651,openaq_us_consulate
2021-05-04,14.143571428571429,7,US_Consulate_Karachi,1303651,openaq_us_consulate
2021-05-05,19.8206,20,US_Consulate_Karachi,1303651,openaq_us_consulate
2021-05-06,26.02636842105263,19,US_Consulate_Karachi,1303651,openaq_us_consulate
2021-05-07,24.75395,20,US_Consulate_Karachi,1303651,openaq_us_consulate
2021-05-08,16.437649999999998,20,US_Consulate_Karachi,1303651,openaq_us_consulate
2021-05-10,9.748615384615384,13,US_Consulate_Karachi,1303651,openaq_us_consulate
2021-05-12,17.550846153846155,13,US_Consulate_Karachi,1303651,openaq_us_consulate
2021-05-13,16.810769230769232,13,US_Consulate_Karachi,1303651,openaq_us_consulate
2021-05-14,50.34028571428571,7,US_Consulate_Karachi,1303651,openaq_us_consulate
2021-05-15,37.35275,20,US_Consulate_Karachi,1303651,openaq_us_consulate
2021-05-16,20.700333333333333,15,US_Consulate_Karachi,1303651,openaq_us_consulate
2021-05-18,8.001454545454546,11,US_Consulate_Karachi,1303651,openaq_us_consulate
2021-05-19,34.153,12,US_Consulate_Karachi,1303651,openaq_us_consulate
2021-05-20,27.81361904761905,21,US_Consulate_Karachi,1303651,openaq_us_consulate
2021-05-21,10.806833333333335,6,US_Consulate_Karachi,1303651,openaq_us_consulate
2021-05-22,9.264928571428571,14,US_Consulate_Karachi,1303651,openaq_us_consulate
2021-05-25,64.41985714285714,7,US_Consulate_Karachi,1303651,openaq_us_consulate
2021-05-27,78.78325,4,US_Consulate_Karachi,1303651,openaq_us_consulate
2021-05-28,22.479,16,US_Consulate_Karachi,1303651,openaq_us_consulate
2021-05-29,12.606444444444444,9,US_Consulate_Karachi,1303651,openaq_us_consulate
2021-05-31,11.195285714285713,7,US_Consulate_Karachi,1303651,openaq_us_consulate
2021-06-02,7.088307692307692,13,US_Consulate_Karachi,1303651,openaq_us_consulate
2021-06-03,6.307631578947368,19,US_Consulate_Karachi,1303651,openaq_us_consulate
2021-06-04,14.003333333333332,6,US_Consulate_Karachi,1303651,openaq_us_consulate
2021-06-05,11.7266875,16,US_Consulate_Karachi,1303651,openaq_us_consulate
2021-06-06,10.591307692307693,13,US_Consulate_Karachi,1303651,openaq_us_consulate
2021-06-07,12.078588235294118,17,US_Consulate_Karachi,1303651,openaq_us_consulate
2021-06-08,23.962666666666667,12,US_Consulate_Karachi,1303651,openaq_us_consulate
2021-06-10,19.634,9,US_Consulate_Karachi,1303651,openaq_us_consulate
2021-06-11,27.37511111111111,9,US_Consulate_Karachi,1303651,openaq_us_consulate
2021-06-12,34.580000000000005,18,US_Consulate_Karachi,1303651,openaq_us_consulate
2021-06-13,45.96194444444444,18,US_Consulate_Karachi,1303651,openaq_us_consulate
2021-06-14,30.63455,20,US_Consulate_Karachi,1303651,openaq_us_consulate
2021-06-15,48.18592857142857,14,US_Consulate_Karachi,1303651,openaq_us_consulate
2021-06-17,21.36916666666667,6,US_Consulate_Karachi,1303651,openaq_us_consulate
2021-06-18,19.067999999999998,4,US_Consulate_Karachi,1303651,openaq_us_consulate
2021-06-19,12.739526315789472,19,US_Consulate_Karachi,1303651,openaq_us_consulate
2021-06-20,26.37261904761905,21,US_Consulate_Karachi,1303651,openaq_us_consulate
2021-06-21,40.24036842105263,19,US_Consulate_Karachi,1303651,openaq_us_consulate
2021-06-22,43.19716666666667,18,US_Consulate_Karachi,1303651,openaq_us_consulate
2021-06-23,60.047421052631584,19,US_Consulate_Karachi,1303651,openaq_us_consulate
2021-06-24,30.263625,16,US_Consulate_Karachi,1303651,openaq_us_consulate
2021-06-25,55.333,6,US_Consulate_Karachi,1303651,openaq_us_consulate
2021-06-26,38.69545,20,US_Consulate_Karachi,1303651,openaq_us_consulate
2021-06-27,16.87452941176471,17,US_Consulate_Karachi,1303651,openaq_us_consulate
2021-06-28,37.03370588235294,17,US_Consulate_Karachi,1303651,openaq_us_consulate
2021-06-29,22.040846153846154,13,US_Consulate_Karachi,1303651,openaq_us_consulate
2021-06-30,43.595,3,US_Consulate_Karachi,1303651,openaq_us_consulate
2021-07-02,31.21635714285714,14,US_Consulate_Karachi,1303651,openaq_us_consulate
2021-07-03,65.84636842105265,19,US_Consulate_Karachi,1303651,openaq_us_consulate
2021-07-04,13.330058823529411,17,US_Consulate_Karachi,1303651,openaq_us_consulate
2021-07-05,25.182411764705883,17,US_Consulate_Karachi,1303651,openaq_us_consulate
2021-07-06,16.458294117647057,17,US_Consulate_Karachi,1303651,openaq_us_consulate
2021-07-07,35.41433333333333,3,US_Consulate_Karachi,1303651,openaq_us_consulate
2021-07-08,41.23741666666667,12,US_Consulate_Karachi,1303651,openaq_us_consulate
2021-07-09,32.8929375,16,US_Consulate_Karachi,1303651,openaq_us_consulate
2021-07-12,96.94666666666667,3,US_Consulate_Karachi,1303651,openaq_us_consulate
2021-07-13,27.350809523809524,21,US_Consulate_Karachi,1303651,openaq_us_consulate
2021-07-14,55.843380952380954,21,US_Consulate_Karachi,1303651,openaq_us_consulate
2021-07-15,41.54683333333333,6,US_Consulate_Karachi,1303651,openaq_us_consulate
2021-07-16,89.7822,5,US_Consulate_Karachi,1303651,openaq_us_consulate
2021-07-17,139.89566666666667,9,US_Consulate_Karachi,1303651,openaq_us_consulate
2021-07-18,43.257999999999996,17,US_Consulate_Karachi,1303651,openaq_us_consulate
2021-07-19,53.42113333333334,15,US_Consulate_Karachi,1303651,openaq_us_consulate
2021-07-20,128.6974117647059,17,US_Consulate_Karachi,1303651,openaq_us_consulate
2021-07-21,53.4615,4,US_Consulate_Karachi,1303651,openaq_us_consulate
2021-07-22,45.78275,16,US_Consulate_Karachi,1303651,openaq_us_consulate
2021-07-23,17.720823529411767,17,US_Consulate_Karachi,1303651,openaq_us_consulate
2021-07-24,21.642933333333335,15,US_Consulate_Karachi,1303651,openaq_us_consulate
2021-07-25,34.80757142857143,7,US_Consulate_Karachi,1303651,openaq_us_consulate
2021-08-03,24.69875,4,US_Consulate_Karachi,1303651,openaq_us_consulate
2021-08-04,56.894083333333334,12,US_Consulate_Karachi,1303651,openaq_us_consulate
2021-08-06,34.19415789473684,19,US_Consulate_Karachi,1303651,openaq_us_consulate
2021-08-07,23.47561904761905,21,US_Consulate_Karachi,1303651,openaq_us_consulate
2021-08-08,32.486875,8,US_Consulate_Karachi,1303651,openaq_us_consulate
2021-08-09,14.1695,6,US_Consulate_Karachi,1303651,openaq_us_consulate
2021-08-10,12.109304347826088,23,US_Consulate_Karachi,1303651,openaq_us_consulate
2021-08-11,29.067000000000004,22,US_Consulate_Karachi,1303651,openaq_us_consulate
2021-08-12,24.3958,20,US_Consulate_Karachi,1303651,openaq_us_consulate
2021-08-13,8.8135,12,US_Consulate_Karachi,1303651,openaq_us_consulate
2021-08-14,24.421043478260867,23,US_Consulate_Karachi,1303651,openaq_us_consulate
2021-08-15,17.859434782608695,23,US_Consulate_Karachi,1303651,openaq_us_consulate
2021-08-16,23.899772727272726,22,US_Consulate_Karachi,1303651,openaq_us_consulate
2021-08-17,19.944,22,US_Consulate_Karachi,1303651,openaq_us_consulate
2021-08-18,19.944,22,US_Consulate_Karachi,1303651,openaq_us_consulate
2021-08-19,19.944,7,US_Consulate_Karachi,1303651,openaq_us_consulate
2021-08-20,19.944,11,US_Consulate_Karachi,1303651,openaq_us_consulate
2021-08-21,19.944,23,US_Consulate_Karachi,1303651,openaq_us_consulate
2021-08-22,19.944,22,US_Consulate_Karachi,1303651,openaq_us_consulate
2021-08-23,19.944,19,US_Consulate_Karachi,1303651,openaq_us_consulate
2021-08-24,19.944,20,US_Consulate_Karachi,1303651,openaq_us_consulate
2021-08-25,19.944,23,US_Consulate_Karachi,1303651,openaq_us_consulate
2021-08-26,6.72861111111111,18,US_Consulate_Karachi,1303651,openaq_us_consulate
2021-08-27,0.0,23,US_Consulate_Karachi,1303651,openaq_us_consulate
2021-08-28,0.0,9,US_Consulate_Karachi,1303651,openaq_us_consulate
2021-09-01,0.0,12,US_Consulate_Karachi,1303651,openaq_us_consulate
2021-09-02,0.0,22,US_Consulate_Karachi,1303651,openaq_us_consulate
2021-09-03,0.0,22,US_Consulate_Karachi,1303651,openaq_us_consulate
2021-09-04,0.0,22,US_Consulate_Karachi,1303651,openaq_us_consulate
2021-09-05,0.0,23,US_Consulate_Karachi,1303651,openaq_us_consulate
2021-09-06,0.0,21,US_Consulate_Karachi,1303651,openaq_us_consulate
2021-09-09,9.753857142857143,14,US_Consulate_Karachi,1303651,openaq_us_consulate
2021-09-10,11.6533,10,US_Consulate_Karachi,1303651,openaq_us_consulate
2021-09-11,19.164571428571428,21,US_Consulate_Karachi,1303651,openaq_us_consulate
2021-09-12,33.752315789473684,19,US_Consulate_Karachi,1303651,openaq_us_consulate
2021-09-13,28.883,8,US_Consulate_Karachi,1303651,openaq_us_consulate
2021-10-19,6.388571428571429,14,US_Consulate_Karachi,1303651,openaq_us_consulate
2021-10-20,9.97455,20,US_Consulate_Karachi,1303651,openaq_us_consulate
2021-10-21,13.287700000000001,20,US_Consulate_Karachi,1303651,openaq_us_consulate
2021-10-22,19.786578947368422,19,US_Consulate_Karachi,1303651,openaq_us_consulate
2021-10-23,16.8617,20,US_Consulate_Karachi,1303651,openaq_us_consulate
2021-10-24,9.353944444444444,18,US_Consulate_Karachi,1303651,openaq_us_consulate
2021-10-25,4.2452,10,US_Consulate_Karachi,1303651,openaq_us_consulate
2021-10-26,5.027923076923077,13,US_Consulate_Karachi,1303651,openaq_us_consulate
2021-10-27,6.622777777777777,18,US_Consulate_Karachi,1303651,openaq_us_consulate
2021-10-28,7.300833333333333,12,US_Consulate_Karachi,1303651,openaq_us_consulate
2021-10-30,8.407190476190475,21,US_Consulate_Karachi,1303651,openaq_us_consulate
2021-10-31,6.506809523809524,21,US_Consulate_Karachi,1303651,openaq_us_consulate
2021-11-01,8.669318181818182,22,US_Consulate_Karachi,1303651,openaq_us_consulate
2021-11-02,5.357260869565217,23,US_Consulate_Karachi,1303651,openaq_us_consulate
2021-11-03,4.592260869565218,23,US_Consulate_Karachi,1303651,openaq_us_consulate
2021-11-04,7.485608695652174,23,US_Consulate_Karachi,1303651,openaq_us_consulate
2021-11-05,7.872,18,US_Consulate_Karachi,1303651,openaq_us_consulate
2021-11-06,0.98275,16,US_Consulate_Karachi,1303651,openaq_us_consulate
2021-11-07,0.9421666666666666,18,US_Consulate_Karachi,1303651,openaq_us_consulate
2021-11-08,1.9536363636363634,11,US_Consulate_Karachi,1303651,openaq_us_consulate
2021-11-09,4.992666666666667,15,US_Consulate_Karachi,1303651,openaq_us_consulate
2021-11-10,6.833875,16,US_Consulate_Karachi,1303651,openaq_us_consulate
2021-11-11,3.7767857142857144,14,US_Consulate_Karachi,1303651,openaq_us_consulate
2021-11-12,1.6478095238095238,21,US_Consulate_Karachi,1303651,openaq_us_consulate
2021-11-13,5.9045,12,US_Consulate_Karachi,1303651,openaq_us_consulate
2021-11-14,5.29878947368421,19,US_Consulate_Karachi,1303651,openaq_us_consulate
2021-11-15,8.044631578947369,19,US_Consulate_Karachi,1303651,openaq_us_consulate
2021-11-16,4.550050000000001,20,US_Consulate_Karachi,1303651,openaq_us_consulate
2021-11-17,7.044428571428571,7,US_Consulate_Karachi,1303651,openaq_us_consulate
2021-11-18,7.676238095238095,21,US_Consulate_Karachi,1303651,openaq_us_consulate
2021-11-19,4.283476190476191,21,US_Consulate_Karachi,1303651,openaq_us_consulate
2021-11-20,5.305714285714286,21,US_Consulate_Karachi,1303651,openaq_us_consulate
2021-11-21,4.9506,20,US_Consulate_Karachi,1303651,openaq_us_consulate
2021-11-22,7.02505,20,US_Consulate_Karachi,1303651,openaq_us_consulate
2021-11-23,4.283739130434783,23,US_Consulate_Karachi,1303651,openaq_us_consulate
2021-11-24,4.443478260869566,23,US_Consulate_Karachi,1303651,openaq_us_consulate
2021-11-25,2.139409090909091,22,US_Consulate_Karachi,1303651,openaq_us_consulate
2021-11-26,2.5625,22,US_Consulate_Karachi,1303651,openaq_us_consulate
2021-11-27,3.569714285714286,21,US_Consulate_Karachi,1303651,openaq_us_consulate
2021-11-29,1.032,23,US_Consulate_Karachi,1303651,openaq_us_consulate
2021-11-30,1.2319130434782608,23,US_Consulate_Karachi,1303651,openaq_us_consulate
2021-12-01,0.7089565217391305,23,US_Consulate_Karachi,1303651,openaq_us_consulate
2021-12-02,0.863,23,US_Consulate_Karachi,1303651,openaq_us_consulate
2021-12-03,0.39243478260869563,23,US_Consulate_Karachi,1303651,openaq_us_consulate
2021-12-04,1.576318181818182,22,US_Consulate_Karachi,1303651,openaq_us_consulate
2021-12-05,1.0699,20,US_Consulate_Karachi,1303651,openaq_us_consulate
2021-12-06,0.5944545454545455,22,US_Consulate_Karachi,1303651,openaq_us_consulate
2021-12-07,0.5584210526315789,19,US_Consulate_Karachi,1303651,openaq_us_consulate
2021-12-08,1.1663000000000001,20,US_Consulate_Karachi,1303651,openaq_us_consulate
2021-12-09,1.0713333333333335,21,US_Consulate_Karachi,1303651,openaq_us_consulate
2021-12-10,2.610809523809524,21,US_Consulate_Karachi,1303651,openaq_us_consulate
2021-12-11,2.2230454545454545,22,US_Consulate_Karachi,1303651,openaq_us_consulate
2021-12-12,1.4115454545454544,22,US_Consulate_Karachi,1303651,openaq_us_consulate
2021-12-13,2.3635454545454544,22,US_Consulate_Karachi,1303651,openaq_us_consulate
2021-12-14,1.0560526315789474,19,US_Consulate_Karachi,1303651,openaq_us_consulate
2021-12-15,1.105,20,US_Consulate_Karachi,1303651,openaq_us_consulate
2021-12-16,0.7893809523809525,21,US_Consulate_Karachi,1303651,openaq_us_consulate
2021-12-17,0.719047619047619,21,US_Consulate_Karachi,1303651,openaq_us_consulate
2021-12-18,0.8142727272727274,22,US_Consulate_Karachi,1303651,openaq_us_consulate
2021-12-19,0.9900952380952381,21,US_Consulate_Karachi,1303651,openaq_us_consulate
2021-12-20,1.606909090909091,22,US_Consulate_Karachi,1303651,openaq_us_consulate
2021-12-21,1.799,19,US_Consulate_Karachi,1303651,openaq_us_consulate
2021-12-22,3.4957499999999997,12,US_Consulate_Karachi,1303651,openaq_us_consulate
2022-05-19,64.16733333333333,9,US_Consulate_Karachi,1303651,openaq_us_consulate
2022-05-20,26.54570588235294,17,US_Consulate_Karachi,1303651,openaq_us_consulate
2022-05-21,2.671875,16,US_Consulate_Karachi,1303651,openaq_us_consulate
2022-05-22,0.0,9,US_Consulate_Karachi,1303651,openaq_us_consulate
2022-05-30,0.0,15,US_Consulate_Karachi,1303651,openaq_us_consulate
2022-05-31,0.0,20,US_Consulate_Karachi,1303651,openaq_us_consulate
2024-03-11,10.075800000000001,5,US_Consulate_Karachi,1303651,openaq_us_consulate
