date,pm25_mean,pm25_count,station,sensor_id,pm25_source,scope,source
2025-06-19,38.616490092932,17,Federal_B_Area,13368464.0,openaq_exact,,
2025-06-20,32.73253522196202,24,Federal_B_Area,13368464.0,openaq_exact,,
2025-06-21,30.654984361595577,24,Federal_B_Area,13368464.0,openaq_exact,,
2025-06-22,28.037092743497908,22,Federal_B_Area,13368464.0,openaq_exact,,
2025-06-23,33.99622963151327,11,Federal_B_Area,13368464.0,openaq_exact,,
2025-06-24,41.34885356227557,16,Federal_B_Area,13368464.0,openaq_exact,,
2025-06-25,34.042454379977606,22,Federal_B_Area,13368464.0,openaq_exact,,
2025-06-26,41.937613372449526,18,Federal_B_Area,13368464.0,openaq_exact,,
2025-06-27,45.98810447057088,24,Federal_B_Area,13368464.0,openaq_exact,,
2025-06-28,43.942769802941214,21,Federal_B_Area,13368464.0,openaq_exact,,
2025-06-29,21.15756398489078,16,Federal_B_Area,13368464.0,openaq_exact,,
2025-06-30,32.26869800355699,24,Federal_B_Area,13368464.0,openaq_exact,,
2025-07-01,33.01336103015476,24,Federal_B_Area,13368464.0,openaq_exact,,
2025-07-02,33.92899303966099,24,Federal_B_Area,13368464.0,openaq_exact,,
2025-07-03,33.88415515753958,24,Federal_B_Area,13368464.0,openaq_exact,,
2025-07-04,30.704395283782294,24,Federal_B_Area,13368464.0,openaq_exact,,
2025-07-05,25.20573957429992,24,Federal_B_Area,13368464.0,openaq_exact,,
2025-07-06,24.473295132319134,24,Federal_B_Area,13368464.0,openaq_exact,,
2025-07-07,32.08951803545157,24,Federal_B_Area,13368464.0,openaq_exact,,
2025-07-08,32.61529860893885,24,Federal_B_Area,13368464.0,openaq_exact,,
2025-07-09,33.61391895567929,24,Federal_B_Area,13368464.0,openaq_exact,,
2025-07-10,36.84151385890113,24,Federal_B_Area,13368464.0,openaq_exact,,
2025-07-11,31.482499923970963,24,Federal_B_Area,13368464.0,openaq_exact,,
2025-07-12,27.902159770329792,24,Federal_B_Area,13368464.0,openaq_exact,,
2025-07-13,19.612225701411564,24,Federal_B_Area,13368464.0,openaq_exact,,
2025-07-14,30.91259425712957,24,Federal_B_Area,13368464.0,openaq_exact,,
2025-07-15,31.8241759273741,24,Federal_B_Area,13368464.0,openaq_exact,,
2025-07-16,33.69306491781967,24,Federal_B_Area,13368464.0,openaq_exact,,
2025-07-17,31.378469992165616,24,Federal_B_Area,13368464.0,openaq_exact,,
2025-07-18,31.352352393998043,24,Federal_B_Area,13368464.0,openaq_exact,,
2025-07-19,31.66543581088384,24,Federal_B_Area,13368464.0,openaq_exact,,
2025-07-20,27.645656277736027,24,Federal_B_Area,13368464.0,openaq_exact,,
2025-07-21,34.240126146210564,24,Federal_B_Area,13368464.0,openaq_exact,,
2025-07-22,32.761100643210945,24,Federal_B_Area,13368464.0,openaq_exact,,
2025-07-23,29.955444431967205,12,Federal_B_Area,13368464.0,openaq_exact,,
2025-07-24,31.296639555378963,19,Federal_B_Area,13368464.0,openaq_exact,,
2025-07-25,29.96330587135421,24,Federal_B_Area,13368464.0,openaq_exact,,
2025-07-26,31.58228290743298,24,Federal_B_Area,13368464.0,openaq_exact,,
2025-07-27,27.18958854675293,24,Federal_B_Area,13368464.0,openaq_exact,,
2025-07-28,32.98634193340937,24,Federal_B_Area,13368464.0,openaq_exact,,
2025-07-29,32.039492494530144,24,Federal_B_Area,13368464.0,openaq_exact,,
2025-07-30,33.96360759602653,24,Federal_B_Area,13368464.0,openaq_exact,,
2025-07-31,34.5322985317972,24,Federal_B_Area,13368464.0,openaq_exact,,
2025-08-01,29.396262145704693,24,Federal_B_Area,13368464.0,openaq_exact,,
2025-08-02,31.762425967388683,24,Federal_B_Area,13368464.0,openaq_exact,,
2025-08-03,22.206163186166023,24,Federal_B_Area,13368464.0,openaq_exact,,
2025-08-04,28.54898090660572,24,Federal_B_Area,13368464.0,openaq_exact,,
2025-08-05,29.05762744564859,24,Federal_B_Area,13368464.0,openaq_exact,,
2025-08-06,33.474123153421615,24,Federal_B_Area,13368464.0,openaq_exact,,
2025-08-07,31.23401563697391,24,Federal_B_Area,13368464.0,openaq_exact,,
2025-08-08,27.713384846846264,24,Federal_B_Area,13368464.0,openaq_exact,,
2025-08-09,28.94820835855272,24,Federal_B_Area,13368464.0,openaq_exact,,
2025-08-10,22.058800333076054,24,Federal_B_Area,13368464.0,openaq_exact,,
2025-08-11,32.31853244702021,24,Federal_B_Area,13368464.0,openaq_exact,,
2025-08-12,32.46349649959141,12,Federal_B_Area,13368464.0,openaq_exact,,
2025-08-13,36.153669963059606,18,Federal_B_Area,13368464.0,openaq_exact,,
2025-08-14,30.63900343577067,24,Federal_B_Area,13368464.0,openaq_exact,,
2025-08-15,38.27746350235409,24,Federal_B_Area,13368464.0,openaq_exact,,
2025-08-16,33.41497743659549,24,Federal_B_Area,13368464.0,openaq_exact,,
2025-08-17,27.909038093354965,24,Federal_B_Area,13368464.0,openaq_exact,,
2025-08-18,42.86767472161187,24,Federal_B_Area,13368464.0,openaq_exact,,
2025-08-19,49.70113415339637,6,Federal_B_Area,13368464.0,openaq_exact,,
2025-08-20,22.35416964427892,13,Federal_B_Area,13368464.0,openaq_exact,,
2025-08-21,58.65859776978999,21,Federal_B_Area,13368464.0,openaq_exact,,
2025-08-22,29.04630382629958,24,Federal_B_Area,13368464.0,openaq_exact,,
2025-08-23,25.604757570558125,24,Federal_B_Area,13368464.0,openaq_exact,,
2025-08-24,24.429829796155293,24,Federal_B_Area,13368464.0,openaq_exact,,
2025-08-25,36.77006941371494,24,Federal_B_Area,13368464.0,openaq_exact,,
2025-08-26,36.29975382970927,24,Federal_B_Area,13368464.0,openaq_exact,,
2025-08-27,37.7317736811108,24,Federal_B_Area,13368464.0,openaq_exact,,
2025-08-28,40.704052130381264,24,Federal_B_Area,13368464.0,openaq_exact,,
2025-08-29,37.90487247837914,24,Federal_B_Area,13368464.0,openaq_exact,,
2025-08-30,35.74847222036785,24,Federal_B_Area,13368464.0,openaq_exact,,
2025-08-31,26.65761016872194,24,Federal_B_Area,13368464.0,openaq_exact,,
2025-09-01,32.28007462951872,24,Federal_B_Area,13368464.0,openaq_exact,,
2025-09-02,33.97614480449696,24,Federal_B_Area,13368464.0,openaq_exact,,
2025-09-03,35.827301633358005,20,Federal_B_Area,13368464.0,openaq_exact,,
2025-09-04,42.039786557356514,24,Federal_B_Area,13368464.0,openaq_exact,,
2025-09-05,39.80599119928148,24,Federal_B_Area,13368464.0,openaq_exact,,
2025-09-06,33.883062448766495,24,Federal_B_Area,13368464.0,openaq_exact,,
2025-09-07,35.06539408365885,24,Federal_B_Area,13368464.0,openaq_exact,,
2025-09-08,50.84606144721048,19,Federal_B_Area,13368464.0,openaq_exact,,
2025-09-09,33.5290162935853,24,Federal_B_Area,13368464.0,openaq_exact,,
2025-09-10,29.72511800130208,24,Federal_B_Area,13368464.0,openaq_exact,,
2025-09-11,33.98830441302723,24,Federal_B_Area,13368464.0,openaq_exact,,
2025-09-12,32.32573726442125,24,Federal_B_Area,13368464.0,openaq_exact,,
2025-09-13,26.397869176334805,24,Federal_B_Area,13368464.0,openaq_exact,,
2025-09-14,21.07506190902657,24,Federal_B_Area,13368464.0,openaq_exact,,
2025-09-15,31.102182840307552,24,Federal_B_Area,13368464.0,openaq_exact,,
2025-09-16,35.67795312295687,21,Federal_B_Area,13368464.0,openaq_exact,,
2025-09-17,36.20272961590025,24,Federal_B_Area,13368464.0,openaq_exact,,
2025-09-18,37.36509100066291,24,Federal_B_Area,13368464.0,openaq_exact,,
2025-09-19,34.50454857614305,24,Federal_B_Area,13368464.0,openaq_exact,,
2025-09-20,36.752862844202255,24,Federal_B_Area,13368464.0,openaq_exact,,
2025-09-21,24.01544203661909,24,Federal_B_Area,13368464.0,openaq_exact,,
2025-09-22,31.76459365752008,24,Federal_B_Area,13368464.0,openaq_exact,,
2025-09-23,33.90127549899949,24,Federal_B_Area,13368464.0,openaq_exact,,
2025-09-24,37.86196649736828,24,Federal_B_Area,13368464.0,openaq_exact,,
2025-09-25,42.64584549996588,24,Federal_B_Area,13368464.0,openaq_exact,,
2025-09-26,40.07770368821091,24,Federal_B_Area,13368464.0,openaq_exact,,
2025-09-27,46.666666748285074,22,Federal_B_Area,13368464.0,openaq_exact,,
2025-09-28,38.263156579537366,21,Federal_B_Area,13368464.0,openaq_exact,,
2025-09-29,50.85349998024926,23,Federal_B_Area,13368464.0,openaq_exact,,
2025-09-30,45.44137352958568,23,Federal_B_Area,13368464.0,openaq_exact,,
2025-10-01,39.33456214407477,24,Federal_B_Area,13368464.0,openaq_exact,,
2025-10-02,37.186364737102885,24,Federal_B_Area,13368464.0,openaq_exact,,
2025-10-03,37.86334429879984,24,Federal_B_Area,13368464.0,openaq_exact,,
2025-10-04,31.243503067458885,23,Federal_B_Area,13368464.0,openaq_exact,,
2025-10-05,28.36418694070092,24,Federal_B_Area,13368464.0,openaq_exact,,
2025-10-06,34.38752950562371,24,Federal_B_Area,13368464.0,openaq_exact,,
2025-10-07,41.32421877086163,24,Federal_B_Area,13368464.0,openaq_exact,,
2025-10-08,47.100535856573664,24,Federal_B_Area,13368464.0,openaq_exact,,
2025-10-09,47.206674159456185,24,Federal_B_Area,13368464.0,openaq_exact,,
2025-10-10,45.59732983708381,24,Federal_B_Area,13368464.0,openaq_exact,,
2025-10-11,42.40317393063347,23,Federal_B_Area,13368464.0,openaq_exact,,
2025-10-12,41.56944733460744,24,Federal_B_Area,13368464.0,openaq_exact,,
2025-10-13,49.69627258623088,24,Federal_B_Area,13368464.0,openaq_exact,,
2025-10-14,45.731589712478495,24,Federal_B_Area,13368464.0,openaq_exact,,
2025-10-15,52.51359547740884,24,Federal_B_Area,13368464.0,openaq_exact,,
2025-10-16,61.50791059351128,24,Federal_B_Area,13368464.0,openaq_exact,,
2025-10-17,61.85771640163881,24,Federal_B_Area,13368464.0,openaq_exact,,
2025-10-18,54.26831832241129,24,Federal_B_Area,13368464.0,openaq_exact,,
2025-10-19,45.80710188017951,24,Federal_B_Area,13368464.0,openaq_exact,,
2025-10-20,69.29925273681502,21,Federal_B_Area,13368464.0,openaq_exact,,
2025-10-21,73.14115340003261,24,Federal_B_Area,13368464.0,openaq_exact,,
2025-10-22,68.62656637402095,24,Federal_B_Area,13368464.0,openaq_exact,,
2025-10-23,114.32740701633672,24,Federal_B_Area,13368464.0,openaq_exact,,
2025-10-24,98.96495197702338,24,Federal_B_Area,13368464.0,openaq_exact,,
2025-10-25,61.09422289254008,23,Federal_B_Area,13368464.0,openaq_exact,,
2025-10-26,54.85766719800455,24,Federal_B_Area,13368464.0,openaq_exact,,
2025-10-27,55.55107347258815,24,Federal_B_Area,13368464.0,openaq_exact,,
2025-10-28,67.7346683687634,24,Federal_B_Area,13368464.0,openaq_exact,,
2025-10-29,64.55961344330399,24,Federal_B_Area,13368464.0,openaq_exact,,
2025-10-30,62.63409689259449,24,Federal_B_Area,13368464.0,openaq_exact,,
2025-10-31,125.18576033910117,24,Federal_B_Area,13368464.0,openaq_exact,,
2025-11-01,160.94702081005985,22,Federal_B_Area,13368464.0,openaq_exact,,
2025-11-03,53.07180768003368,10,Federal_B_Area,13368464.0,openaq_exact,,
2025-11-06,79.86362566418119,22,Federal_B_Area,13368464.0,openaq_exact,,
2025-11-07,88.90316293889826,24,Federal_B_Area,13368464.0,openaq_exact,,
2025-11-08,55.72421418335703,24,Federal_B_Area,13368464.0,openaq_exact,,
2025-11-09,47.7059449284165,24,Federal_B_Area,13368464.0,openaq_exact,,
2025-11-10,56.879007541471054,24,Federal_B_Area,13368464.0,openaq_exact,,
2025-11-11,58.9476142950331,24,Federal_B_Area,13368464.0,openaq_exact,,
2025-11-12,66.18944898534704,18,Federal_B_Area,13368464.0,openaq_exact,,
2025-11-13,70.61212777536481,23,Federal_B_Area,13368464.0,openaq_exact,,
2025-11-14,78.66243707162361,15,Federal_B_Area,13368464.0,openaq_exact,,
2025-11-15,68.70134846413576,24,Federal_B_Area,13368464.0,openaq_exact,,
2025-11-16,69.4104003360306,23,Federal_B_Area,13368464.0,openaq_exact,,
2025-11-17,97.62661358226428,22,Federal_B_Area,13368464.0,openaq_exact,,
2025-11-18,103.4726467381353,23,Federal_B_Area,13368464.0,openaq_exact,,
2025-11-19,115.57970251154018,24,Federal_B_Area,13368464.0,openaq_exact,,
2025-11-20,82.21685245566897,24,Federal_B_Area,13368464.0,openaq_exact,,
2025-11-21,130.17118926313188,24,Federal_B_Area,13368464.0,openaq_exact,,
2025-11-22,156.86134729915196,24,Federal_B_Area,13368464.0,openaq_exact,,
2025-11-23,110.41353179689438,21,Federal_B_Area,13368464.0,openaq_exact,,
2025-11-24,84.22646558733955,23,Federal_B_Area,13368464.0,openaq_exact,,
2025-11-25,67.59094444380865,24,Federal_B_Area,13368464.0,openaq_exact,,
2025-11-26,73.32094963656532,24,Federal_B_Area,13368464.0,openaq_exact,,
2025-11-27,67.75496706697676,24,Federal_B_Area,13368464.0,openaq_exact,,
2025-11-28,73.97350061822821,24,Federal_B_Area,13368464.0,openaq_exact,,
2025-11-29,84.44698611365425,24,Federal_B_Area,13368464.0,openaq_exact,,
2025-11-30,98.871036283416,24,Federal_B_Area,13368464.0,openaq_exact,,
2025-12-01,92.26184052038884,23,Federal_B_Area,13368464.0,openaq_exact,,
2025-12-02,83.40624243695326,24,Federal_B_Area,13368464.0,openaq_exact,,
2025-12-03,48.48213367064793,24,Federal_B_Area,13368464.0,openaq_exact,,
2025-12-04,78.00241663720873,24,Federal_B_Area,13368464.0,openaq_exact,,
2025-12-05,91.0434461567137,24,Federal_B_Area,13368464.0,openaq_exact,,
2025-12-06,82.86009892092811,24,Federal_B_Area,13368464.0,openaq_exact,,
2025-12-07,111.115221692494,20,Federal_B_Area,13368464.0,openaq_exact,,
2025-12-08,71.64757780434708,24,Federal_B_Area,13368464.0,openaq_exact,,
2025-12-09,130.42150993523776,24,Federal_B_Area,13368464.0,openaq_exact,,
2025-12-10,139.1869814219298,24,Federal_B_Area,13368464.0,openaq_exact,,
2025-12-11,149.4832972613248,8,Federal_B_Area,13368464.0,openaq_exact,,
2025-12-15,111.9957680293492,14,Federal_B_Area,13368464.0,openaq_exact,,
2025-12-16,88.20358670022752,24,Federal_B_Area,13368464.0,openaq_exact,,
2025-12-17,98.57839433881972,23,Federal_B_Area,13368464.0,openaq_exact,,
2025-12-18,113.4637257953284,24,Federal_B_Area,13368464.0,openaq_exact,,
2025-12-19,103.84289135237736,24,Federal_B_Area,13368464.0,openaq_exact,,
2025-12-20,155.41862505806816,24,Federal_B_Area,13368464.0,openaq_exact,,
2025-12-21,100.33393569233442,24,Federal_B_Area,13368464.0,openaq_exact,,
2025-12-22,90.66173032301442,24,Federal_B_Area,13368464.0,openaq_exact,,
2025-12-23,77.64471295851249,24,Federal_B_Area,13368464.0,openaq_exact,,
2025-12-24,107.4092072363253,24,Federal_B_Area,13368464.0,openaq_exact,,
2025-12-25,111.18596958284024,24,Federal_B_Area,13368464.0,openaq_exact,,
2025-12-26,100.99750189636693,24,Federal_B_Area,13368464.0,openaq_exact,,
2025-12-27,109.1472794559267,24,Federal_B_Area,13368464.0,openaq_exact,,
2025-12-28,105.97156593534682,24,Federal_B_Area,13368464.0,openaq_exact,,
2025-12-29,139.01236171280894,24,Federal_B_Area,13368464.0,openaq_exact,,
2025-12-30,104.03906068223895,22,Federal_B_Area,13368464.0,openaq_exact,,
2025-12-31,71.8339583410157,24,Federal_B_Area,13368464.0,openaq_exact,,
2026-01-01,91.18597000632624,24,Federal_B_Area,13368464.0,openaq_exact,,
2026-01-02,87.09390924013825,24,Federal_B_Area,13368464.0,openaq_exact,,
2026-01-03,123.2232639259762,24,Federal_B_Area,13368464.0,openaq_exact,,
2026-01-04,123.477429916087,23,Federal_B_Area,13368464.0,openaq_exact,,
2026-01-05,102.7729738487539,24,Federal_B_Area,13368464.0,openaq_exact,,
2026-01-06,85.61515859321311,24,Federal_B_Area,13368464.0,openaq_exact,,
2026-01-07,79.907372630084,24,Federal_B_Area,13368464.0,openaq_exact,,
2026-01-08,53.69897087787337,24,Federal_B_Area,13368464.0,openaq_exact,,
2026-01-09,59.50540627506044,24,Federal_B_Area,13368464.0,openaq_exact,,
2026-01-10,78.03288430625169,24,Federal_B_Area,13368464.0,openaq_exact,,
2026-01-11,64.82273167078743,24,Federal_B_Area,13368464.0,openaq_exact,,
2026-01-12,130.408820695267,24,Federal_B_Area,13368464.0,openaq_exact,,
2026-01-13,107.03051326981296,24,Federal_B_Area,13368464.0,openaq_exact,,
2026-01-14,146.00047226666604,24,Federal_B_Area,13368464.0,openaq_exact,,
2026-01-15,140.13027862195617,24,Federal_B_Area,13368464.0,openaq_exact,,
2026-01-16,105.04220798433028,24,Federal_B_Area,13368464.0,openaq_exact,,
2026-01-17,68.02951671962386,24,Federal_B_Area,13368464.0,openaq_exact,,
2026-01-18,105.78093962412493,24,Federal_B_Area,13368464.0,openaq_exact,,
2026-01-19,102.06284839344346,24,Federal_B_Area,13368464.0,openaq_exact,,
2026-01-20,76.2985631400946,24,Federal_B_Area,13368464.0,openaq_exact,,
2026-01-21,76.90888026924647,24,Federal_B_Area,13368464.0,openaq_exact,,
2026-01-22,62.25996592117079,24,Federal_B_Area,13368464.0,openaq_exact,,
2026-01-23,20.38753328323364,5,Federal_B_Area,13368464.0,openaq_exact,,
2026-02-10,75.40129556482489,18,Federal_B_Area,13368464.0,openaq_exact,,
2026-02-11,71.7688640108815,24,Federal_B_Area,13368464.0,openaq_exact,,
2026-02-12,81.5774729025966,20,Federal_B_Area,13368464.0,openaq_exact,,
2026-02-13,97.22085632537753,24,Federal_B_Area,13368464.0,openaq_exact,,
2026-02-14,75.5386018068702,24,Federal_B_Area,13368464.0,openaq_exact,,
2026-02-15,54.91686261607341,24,Federal_B_Area,13368464.0,openaq_exact,,
2026-02-16,78.20902340875732,16,Federal_B_Area,13368464.0,openaq_exact,,
2026-02-17,412.27422236866414,4,Federal_B_Area,13368464.0,openaq_exact,,
2026-02-18,183.14650274789915,11,Federal_B_Area,13368464.0,openaq_exact,,
2026-02-26,47.98333333333333,6,Federal_B_Area,13368464.0,openaq_exact,,
2026-02-28,47.82,5,Federal_B_Area,13368464.0,openaq_exact,,
2026-03-11,51.53333333333333,18,Federal_B_Area,13368464.0,openaq_exact,,
2026-03-12,55.79583333333333,24,Federal_B_Area,13368464.0,openaq_exact,,
2026-03-13,50.47916666666666,24,Federal_B_Area,13368464.0,openaq_exact,,
2026-03-14,48.6625,24,Federal_B_Area,13368464.0,openaq_exact,,
2026-03-15,36.5375,24,Federal_B_Area,13368464.0,openaq_exact,,
2026-03-16,43.125,24,Federal_B_Area,13368464.0,openaq_exact,,
2026-03-17,43.833333333333336,24,Federal_B_Area,13368464.0,openaq_exact,,
2026-03-18,47.47916666666666,24,Federal_B_Area,13368464.0,openaq_exact,,
2026-03-19,56.55833333333334,24,Federal_B_Area,13368464.0,openaq_exact,,
2026-03-20,51.47083333333333,24,Federal_B_Area,13368464.0,openaq_exact,,
2026-03-21,32.32173913043478,23,Federal_B_Area,13368464.0,openaq_exact,,
2026-03-22,48.647619047619045,21,Federal_B_Area,13368464.0,openaq_exact,,
2026-03-23,32.791666666666664,24,Federal_B_Area,13368464.0,openaq_exact,,
2026-03-24,48.39166666666667,24,Federal_B_Area,13368464.0,openaq_exact,,
2026-03-25,56.020833333333336,24,Federal_B_Area,13368464.0,openaq_exact,,
2026-03-26,38.15833333333333,24,Federal_B_Area,13368464.0,openaq_exact,,
2026-03-27,32.49166666666667,24,Federal_B_Area,13368464.0,openaq_exact,,
2026-03-28,21.60833333333333,24,Federal_B_Area,13368464.0,openaq_exact,,
2026-03-29,18.6375,24,Federal_B_Area,13368464.0,openaq_exact,,
2026-03-30,42.35,24,Federal_B_Area,13368464.0,openaq_exact,,
2026-03-31,38.0625,24,Federal_B_Area,13368464.0,openaq_exact,,
2026-04-01,41.45652173913044,23,Federal_B_Area,13368464.0,openaq_exact,,
2026-04-02,35.425000000000004,24,Federal_B_Area,13368464.0,openaq_exact,,
2026-04-03,49.42173913043479,23,Federal_B_Area,13368464.0,openaq_exact,,
2026-04-04,42.62916666666667,24,Federal_B_Area,13368464.0,openaq_exact,,
2026-04-05,39.03333333333333,24,Federal_B_Area,13368464.0,openaq_exact,,
2026-04-06,47.41666666666666,24,Federal_B_Area,13368464.0,openaq_exact,,
2026-04-07,40.75833333333333,12,Federal_B_Area,13368464.0,openaq_exact,,
2026-04-14,44.43529411764706,17,Federal_B_Area,13368464.0,openaq_exact,,
2026-04-15,49.35833333333333,24,Federal_B_Area,13368464.0,openaq_exact,,
2026-04-16,45.53636363636363,22,Federal_B_Area,13368464.0,openaq_exact,,
2026-04-17,45.93333333333334,24,Federal_B_Area,13368464.0,openaq_exact,,
2026-04-18,38.12173913043478,23,Federal_B_Area,13368464.0,openaq_exact,,
2026-04-19,40.40416666666667,24,Federal_B_Area,13368464.0,openaq_exact,,
2026-04-20,45.91666666666666,24,Federal_B_Area,13368464.0,openaq_exact,,
2026-04-21,41.8125,24,Federal_B_Area,13368464.0,openaq_exact,,
2026-04-22,37.147619047619045,21,Federal_B_Area,13368464.0,openaq_exact,,
2026-04-23,39.1,16,Federal_B_Area,13368464.0,openaq_exact,,
2026-04-24,42.21666666666667,18,Federal_B_Area,13368464.0,openaq_exact,,
2026-04-25,44.96666666666667,15,Federal_B_Area,13368464.0,openaq_exact,,
2026-04-26,35.25,4,Federal_B_Area,13368464.0,openaq_exact,,
2026-04-28,43.37692307692308,13,Federal_B_Area,13368464.0,openaq_exact,,
2026-04-29,50.68095238095238,21,Federal_B_Area,13368464.0,openaq_exact,,
2026-04-30,45.11304347826086,23,Federal_B_Area,13368464.0,openaq_exact,,
2026-05-01,40.40416666666667,24,Federal_B_Area,13368464.0,openaq_exact,,
2026-05-02,39.875,24,Federal_B_Area,13368464.0,openaq_exact,,
2026-05-03,37.69583333333333,24,Federal_B_Area,13368464.0,openaq_exact,,
2026-05-04,37.9125,24,Federal_B_Area,13368464.0,openaq_exact,,
2026-05-05,48.7695652173913,23,Federal_B_Area,13368464.0,openaq_exact,,
2026-05-06,57.75,24,Federal_B_Area,13368464.0,openaq_exact,,
2026-05-07,39.020833333333336,24,Federal_B_Area,13368464.0,openaq_exact,,
2026-05-08,39.96521739130435,23,Federal_B_Area,13368464.0,openaq_exact,,
2026-05-09,40.75833333333333,24,Federal_B_Area,13368464.0,openaq_exact,,
2026-05-10,33.487500000000004,24,Federal_B_Area,13368464.0,openaq_exact,,
2026-05-11,42.47368421052632,19,Federal_B_Area,13368464.0,openaq_exact,,
2026-05-12,44.0875,24,Federal_B_Area,13368464.0,openaq_exact,,
2026-05-13,40.075,24,Federal_B_Area,13368464.0,openaq_exact,,
2026-05-14,28.308333333333334,24,Federal_B_Area,13368464.0,openaq_exact,,
2026-05-15,27.941666666666663,24,Federal_B_Area,13368464.0,openaq_exact,,
2026-05-16,31.608695652173918,23,Federal_B_Area,13368464.0,openaq_exact,,
2026-05-17,24.870833333333334,24,Federal_B_Area,13368464.0,openaq_exact,,
2026-05-18,28.70833333333333,24,Federal_B_Area,13368464.0,openaq_exact,,
2026-05-19,35.395833333333336,24,Federal_B_Area,13368464.0,openaq_exact,,
2026-05-20,33.487500000000004,24,Federal_B_Area,13368464.0,openaq_exact,,
2026-05-21,34.11666666666667,24,Federal_B_Area,13368464.0,openaq_exact,,
2026-05-22,34.391666666666666,24,Federal_B_Area,13368464.0,openaq_exact,,
2026-05-23,33.53333333333333,24,Federal_B_Area,13368464.0,openaq_exact,,
2026-05-24,25.125,24,Federal_B_Area,13368464.0,openaq_exact,,
2026-05-25,36.30416666666667,24,Federal_B_Area,13368464.0,openaq_exact,,
2026-05-26,24.59166666666667,24,Federal_B_Area,13368464.0,openaq_exact,,
2026-05-27,14.204166666666666,24,Federal_B_Area,13368464.0,openaq_exact,,
2026-05-28,21.495833333333334,24,Federal_B_Area,13368464.0,openaq_exact,,
2026-05-29,25.5,24,Federal_B_Area,13368464.0,openaq_exact,,
2026-05-30,28.491666666666664,24,Federal_B_Area,13368464.0,openaq_exact,,
2026-05-31,30.35833333333333,24,Federal_B_Area,13368464.0,openaq_exact,,
2026-06-01,37.28333333333334,24,Federal_B_Area,13368464.0,openaq_exact,,
2026-06-02,35.1375,24,Federal_B_Area,13368464.0,openaq_exact,,
2026-06-03,35.708333333333336,24,Federal_B_Area,13368464.0,openaq_exact,,
2026-06-04,39.516666666666666,24,Federal_B_Area,13368464.0,openaq_exact,,
2026-06-05,43.93333333333334,24,Federal_B_Area,13368464.0,openaq_exact,,
2026-06-06,40.275,24,Federal_B_Area,13368464.0,openaq_exact,,
2026-06-07,35.6875,24,Federal_B_Area,13368464.0,openaq_exact,,
2026-06-08,44.2875,24,Federal_B_Area,13368464.0,openaq_exact,,
2026-06-09,37.72083333333333,24,Federal_B_Area,13368464.0,openaq_exact,,
2026-06-10,39.17083333333333,24,Federal_B_Area,13368464.0,openaq_exact,,
2026-06-11,41.275,24,Federal_B_Area,13368464.0,openaq_exact,,
2026-06-12,36.84166666666667,24,Federal_B_Area,13368464.0,openaq_exact,,
2026-06-13,39.516666666666666,24,Federal_B_Area,13368464.0,openaq_exact,,
2026-06-14,30.77916666666667,24,Federal_B_Area,13368464.0,openaq_exact,,
2026-06-15,38.63333333333333,24,Federal_B_Area,13368464.0,openaq_exact,,
2026-06-16,39.81666666666667,24,Federal_B_Area,13368464.0,openaq_exact,,
2026-06-17,35.975,24,Federal_B_Area,13368464.0,openaq_exact,,
2026-06-18,37.53333333333333,24,Federal_B_Area,13368464.0,openaq_exact,,
2026-06-19,32.2875,24,Federal_B_Area,13368464.0,openaq_exact,,
2026-06-20,32.2,24,Federal_B_Area,13368464.0,openaq_exact,,
2026-06-21,25.916666666666668,24,Federal_B_Area,13368464.0,openaq_exact,,
2026-06-22,38.49444444444444,18,Federal_B_Area,13368464.0,openaq_exact,,
2025-06-23,31.75537367220278,9,Gulistan_Jauhar,13408226.0,openaq_exact,,
2025-06-24,33.62198907678778,22,Gulistan_Jauhar,13408226.0,openaq_exact,,
2025-06-25,34.77599197773894,22,Gulistan_Jauhar,13408226.0,openaq_exact,,
2025-06-26,43.926636587227016,22,Gulistan_Jauhar,13408226.0,openaq_exact,,
2025-06-27,38.00074136919445,24,Gulistan_Jauhar,13408226.0,openaq_exact,,
2025-06-28,43.73817710081736,24,Gulistan_Jauhar,13408226.0,openaq_exact,,
2025-06-29,24.83870831463072,24,Gulistan_Jauhar,13408226.0,openaq_exact,,
2025-06-30,28.28867533471849,24,Gulistan_Jauhar,13408226.0,openaq_exact,,
2025-07-01,32.83700799279743,24,Gulistan_Jauhar,13408226.0,openaq_exact,,
2025-07-02,29.43653643131256,24,Gulistan_Jauhar,13408226.0,openaq_exact,,
2025-07-03,28.32697387031777,24,Gulistan_Jauhar,13408226.0,openaq_exact,,
2025-07-04,29.433954858117637,24,Gulistan_Jauhar,13408226.0,openaq_exact,,
2025-07-05,34.22673775752386,24,Gulistan_Jauhar,13408226.0,openaq_exact,,
2025-07-06,26.543500021100044,24,Gulistan_Jauhar,13408226.0,openaq_exact,,
2025-07-07,26.81056254439884,24,Gulistan_Jauhar,13408226.0,openaq_exact,,
2025-07-08,28.11693408091863,24,Gulistan_Jauhar,13408226.0,openaq_exact,,
2025-07-09,26.23357314817489,24,Gulistan_Jauhar,13408226.0,openaq_exact,,
2025-07-10,29.916350722312927,24,Gulistan_Jauhar,13408226.0,openaq_exact,,
2025-07-11,29.18970489501953,24,Gulistan_Jauhar,13408226.0,openaq_exact,,
2025-07-12,29.14196699195438,24,Gulistan_Jauhar,13408226.0,openaq_exact,,
2025-07-13,22.84943046006892,24,Gulistan_Jauhar,13408226.0,openaq_exact,,
2025-07-14,26.243579801585938,24,Gulistan_Jauhar,13408226.0,openaq_exact,,
2025-07-15,29.768210030264324,24,Gulistan_Jauhar,13408226.0,openaq_exact,,
2025-07-16,31.9082674185435,24,Gulistan_Jauhar,13408226.0,openaq_exact,,
2025-07-17,26.95244793759452,24,Gulistan_Jauhar,13408226.0,openaq_exact,,
2025-07-18,29.281289968225693,24,Gulistan_Jauhar,13408226.0,openaq_exact,,
2025-07-19,30.36454855071173,24,Gulistan_Jauhar,13408226.0,openaq_exact,,
2025-07-20,30.695728639761608,24,Gulistan_Jauhar,13408226.0,openaq_exact,,
2025-07-21,32.38724137677087,24,Gulistan_Jauhar,13408226.0,openaq_exact,,
2025-07-22,24.30996479969176,12,Gulistan_Jauhar,13408226.0,openaq_exact,,
2025-07-23,21.705505222082135,24,Gulistan_Jauhar,13408226.0,openaq_exact,,
2025-07-24,29.338354110717773,24,Gulistan_Jauhar,13408226.0,openaq_exact,,
2025-07-25,28.74990973207686,24,Gulistan_Jauhar,13408226.0,openaq_exact,,
2025-07-26,29.201131920019787,24,Gulistan_Jauhar,13408226.0,openaq_exact,,
2025-07-27,28.204953100946213,24,Gulistan_Jauhar,13408226.0,openaq_exact,,
2025-07-28,26.327572875552708,24,Gulistan_Jauhar,13408226.0,openaq_exact,,
2025-07-29,29.406251748402912,24,Gulistan_Jauhar,13408226.0,openaq_exact,,
2025-07-30,28.428826325469547,24,Gulistan_Jauhar,13408226.0,openaq_exact,,
2025-07-31,27.652541584438747,24,Gulistan_Jauhar,13408226.0,openaq_exact,,
2025-08-01,24.636303985291637,23,Gulistan_Jauhar,13408226.0,openaq_exact,,
2025-08-02,29.40334384971195,24,Gulistan_Jauhar,13408226.0,openaq_exact,,
2025-08-03,21.39620361432197,24,Gulistan_Jauhar,13408226.0,openaq_exact,,
2025-08-04,27.03200862473912,24,Gulistan_Jauhar,13408226.0,openaq_exact,,
2025-08-05,24.80361800061332,24,Gulistan_Jauhar,13408226.0,openaq_exact,,
2025-08-06,29.84044268396165,24,Gulistan_Jauhar,13408226.0,openaq_exact,,
2025-08-07,31.295288155476253,24,Gulistan_Jauhar,13408226.0,openaq_exact,,
2025-08-08,26.82124302122328,24,Gulistan_Jauhar,13408226.0,openaq_exact,,
2025-08-09,25.044527752531906,24,Gulistan_Jauhar,13408226.0,openaq_exact,,
2025-08-10,23.785367988877827,24,Gulistan_Jauhar,13408226.0,openaq_exact,,
2025-08-11,30.799961313936446,24,Gulistan_Jauhar,13408226.0,openaq_exact,,
2025-08-12,27.39265106783973,24,Gulistan_Jauhar,13408226.0,openaq_exact,,
2025-08-13,33.29173611270057,24,Gulistan_Jauhar,13408226.0,openaq_exact,,
2025-08-22,25.26137296926408,21,Gulistan_Jauhar,13408226.0,openaq_exact,,
2025-08-23,25.85660758321248,21,Gulistan_Jauhar,13408226.0,openaq_exact,,
2025-08-24,30.53936249673652,19,Gulistan_Jauhar,13408226.0,openaq_exact,,
2025-08-25,35.524912341993456,19,Gulistan_Jauhar,13408226.0,openaq_exact,,
2025-08-26,37.33966373403867,24,Gulistan_Jauhar,13408226.0,openaq_exact,,
2025-08-27,38.20267188970489,24,Gulistan_Jauhar,13408226.0,openaq_exact,,
2025-08-28,36.74377773426197,18,Gulistan_Jauhar,13408226.0,openaq_exact,,
2025-08-29,43.21637016534805,24,Gulistan_Jauhar,13408226.0,openaq_exact,,
2025-08-30,35.91459803629403,12,Gulistan_Jauhar,13408226.0,openaq_exact,,
2025-08-31,31.763444482730467,23,Gulistan_Jauhar,13408226.0,openaq_exact,,
2025-09-01,30.401342617140877,24,Gulistan_Jauhar,13408226.0,openaq_exact,,
2025-09-02,31.19287095136113,24,Gulistan_Jauhar,13408226.0,openaq_exact,,
2025-09-03,30.969270147596085,20,Gulistan_Jauhar,13408226.0,openaq_exact,,
2025-09-04,34.988732059796654,24,Gulistan_Jauhar,13408226.0,openaq_exact,,
2025-09-05,37.41343802875942,24,Gulistan_Jauhar,13408226.0,openaq_exact,,
2025-09-06,36.37317078643376,24,Gulistan_Jauhar,13408226.0,openaq_exact,,
2025-09-07,35.22332522604201,24,Gulistan_Jauhar,13408226.0,openaq_exact,,
2025-09-08,34.46027350843999,19,Gulistan_Jauhar,13408226.0,openaq_exact,,
2025-09-09,25.261556702355545,24,Gulistan_Jauhar,13408226.0,openaq_exact,,
2025-09-10,21.05815019683233,21,Gulistan_Jauhar,13408226.0,openaq_exact,,
2025-09-11,25.80757411652141,24,Gulistan_Jauhar,13408226.0,openaq_exact,,
2025-09-12,34.09645424286524,24,Gulistan_Jauhar,13408226.0,openaq_exact,,
2025-09-13,30.832782997025387,24,Gulistan_Jauhar,13408226.0,openaq_exact,,
2025-09-14,29.76274776678625,23,Gulistan_Jauhar,13408226.0,openaq_exact,,
2025-09-15,28.23713024457296,24,Gulistan_Jauhar,13408226.0,openaq_exact,,
2025-09-16,33.737476805845894,24,Gulistan_Jauhar,13408226.0,openaq_exact,,
2025-09-17,36.220528281397286,24,Gulistan_Jauhar,13408226.0,openaq_exact,,
2025-09-18,34.331905557049645,24,Gulistan_Jauhar,13408226.0,openaq_exact,,
2025-09-19,35.259025348557365,24,Gulistan_Jauhar,13408226.0,openaq_exact,,
2025-09-20,36.18220882283317,24,Gulistan_Jauhar,13408226.0,openaq_exact,,
2025-09-21,29.683538215027912,24,Gulistan_Jauhar,13408226.0,openaq_exact,,
2025-09-22,31.461451962590218,24,Gulistan_Jauhar,13408226.0,openaq_exact,,
2025-09-23,31.833175746346495,22,Gulistan_Jauhar,13408226.0,openaq_exact,,
2025-09-24,33.99531482987934,24,Gulistan_Jauhar,13408226.0,openaq_exact,,
2025-09-25,38.51921760031471,24,Gulistan_Jauhar,13408226.0,openaq_exact,,
2025-09-26,35.86628355141039,24,Gulistan_Jauhar,13408226.0,openaq_exact,,
2025-09-27,36.442370387673705,22,Gulistan_Jauhar,13408226.0,openaq_exact,,
2025-09-28,37.92867586675775,21,Gulistan_Jauhar,13408226.0,openaq_exact,,
2025-09-29,51.650502420738704,23,Gulistan_Jauhar,13408226.0,openaq_exact,,
2025-09-30,32.32034428331168,23,Gulistan_Jauhar,13408226.0,openaq_exact,,
2025-10-01,27.942983219238243,24,Gulistan_Jauhar,13408226.0,openaq_exact,,
2025-10-02,28.30756881358447,24,Gulistan_Jauhar,13408226.0,openaq_exact,,
2025-10-03,26.4319803216943,24,Gulistan_Jauhar,13408226.0,openaq_exact,,
2025-10-04,29.067846628893975,23,Gulistan_Jauhar,13408226.0,openaq_exact,,
2025-10-05,28.91368691821893,24,Gulistan_Jauhar,13408226.0,openaq_exact,,
2025-10-06,33.806933508868575,24,Gulistan_Jauhar,13408226.0,openaq_exact,,
2025-10-07,37.71395198106766,24,Gulistan_Jauhar,13408226.0,openaq_exact,,
2025-10-08,42.79837144635342,24,Gulistan_Jauhar,13408226.0,openaq_exact,,
2025-10-09,41.85860559884833,21,Gulistan_Jauhar,13408226.0,openaq_exact,,
2025-10-10,37.44186379852749,22,Gulistan_Jauhar,13408226.0,openaq_exact,,
2025-10-11,41.39504045772092,23,Gulistan_Jauhar,13408226.0,openaq_exact,,
2025-10-12,42.82407352339339,24,Gulistan_Jauhar,13408226.0,openaq_exact,,
2025-10-13,45.23944501280784,24,Gulistan_Jauhar,13408226.0,openaq_exact,,
2025-10-14,41.188432660446594,24,Gulistan_Jauhar,13408226.0,openaq_exact,,
2025-10-15,45.58515741107641,24,Gulistan_Jauhar,13408226.0,openaq_exact,,
2025-10-16,64.63006998223287,24,Gulistan_Jauhar,13408226.0,openaq_exact,,
2025-10-17,50.85472276873059,24,Gulistan_Jauhar,13408226.0,openaq_exact,,
2025-10-18,63.36238370935123,24,Gulistan_Jauhar,13408226.0,openaq_exact,,
2025-10-19,49.033717599180015,24,Gulistan_Jauhar,13408226.0,openaq_exact,,
2025-10-20,56.647054501068894,13,Gulistan_Jauhar,13408226.0,openaq_exact,,
2025-10-21,64.68213070185497,24,Gulistan_Jauhar,13408226.0,openaq_exact,,
2025-10-22,66.43507947456155,24,Gulistan_Jauhar,13408226.0,openaq_exact,,
2025-10-23,78.677912414385,24,Gulistan_Jauhar,13408226.0,openaq_exact,,
2025-10-24,90.30009375678168,24,Gulistan_Jauhar,13408226.0,openaq_exact,,
2025-10-25,50.224564032163016,23,Gulistan_Jauhar,13408226.0,openaq_exact,,
2025-10-26,52.43264528822016,24,Gulistan_Jauhar,13408226.0,openaq_exact,,
2025-10-27,54.05117361810472,24,Gulistan_Jauhar,13408226.0,openaq_exact,,
2025-10-28,65.77598642331581,24,Gulistan_Jauhar,13408226.0,openaq_exact,,
2025-10-29,63.231883087864624,24,Gulistan_Jauhar,13408226.0,openaq_exact,,
2025-10-30,61.439570847585145,24,Gulistan_Jauhar,13408226.0,openaq_exact,,
2025-10-31,126.0242697486171,24,Gulistan_Jauhar,13408226.0,openaq_exact,,
2025-11-01,150.57323498814193,24,Gulistan_Jauhar,13408226.0,openaq_exact,,
2025-11-02,74.53540010570008,24,Gulistan_Jauhar,13408226.0,openaq_exact,,
2025-11-03,47.63108221003503,24,Gulistan_Jauhar,13408226.0,openaq_exact,,
2025-11-04,48.09647390345733,24,Gulistan_Jauhar,13408226.0,openaq_exact,,
2025-11-05,44.1823695473049,23,Gulistan_Jauhar,13408226.0,openaq_exact,,
2025-11-06,66.28229856325521,24,Gulistan_Jauhar,13408226.0,openaq_exact,,
2025-11-07,65.67394522055231,24,Gulistan_Jauhar,13408226.0,openaq_exact,,
2025-11-08,45.185388294635,24,Gulistan_Jauhar,13408226.0,openaq_exact,,
2025-11-09,53.556701376703046,24,Gulistan_Jauhar,13408226.0,openaq_exact,,
2025-11-10,46.5601076769608,24,Gulistan_Jauhar,13408226.0,openaq_exact,,
2025-11-11,50.14570839007696,24,Gulistan_Jauhar,13408226.0,openaq_exact,,
2025-11-12,56.51820635795593,16,Gulistan_Jauhar,13408226.0,openaq_exact,,
2025-11-13,54.2697015929442,23,Gulistan_Jauhar,13408226.0,openaq_exact,,
2025-11-14,68.71338896009658,15,Gulistan_Jauhar,13408226.0,openaq_exact,,
2025-11-15,53.95064579778247,24,Gulistan_Jauhar,13408226.0,openaq_exact,,
2025-11-16,71.41307245613872,23,Gulistan_Jauhar,13408226.0,openaq_exact,,
2025-11-17,78.30069700298887,22,Gulistan_Jauhar,13408226.0,openaq_exact,,
2025-11-18,81.79543296979821,23,Gulistan_Jauhar,13408226.0,openaq_exact,,
2025-11-19,83.3306302467982,24,Gulistan_Jauhar,13408226.0,openaq_exact,,
2025-11-20,71.04354280542445,24,Gulistan_Jauhar,13408226.0,openaq_exact,,
2025-11-21,104.56935664764558,24,Gulistan_Jauhar,13408226.0,openaq_exact,,
2025-11-22,149.34425003263684,24,Gulistan_Jauhar,13408226.0,openaq_exact,,
2025-11-23,98.19722826215956,21,Gulistan_Jauhar,13408226.0,openaq_exact,,
2025-11-24,74.26401262974393,23,Gulistan_Jauhar,13408226.0,openaq_exact,,
2025-11-25,69.08667880429162,24,Gulistan_Jauhar,13408226.0,openaq_exact,,
2025-11-26,70.62509552902645,24,Gulistan_Jauhar,13408226.0,openaq_exact,,
2025-11-27,67.1523748872256,24,Gulistan_Jauhar,13408226.0,openaq_exact,,
2025-11-28,73.30022228029038,24,Gulistan_Jauhar,13408226.0,openaq_exact,,
2025-11-29,76.19094619486067,24,Gulistan_Jauhar,13408226.0,openaq_exact,,
2025-11-30,93.57883113562458,24,Gulistan_Jauhar,13408226.0,openaq_exact,,
2025-12-01,80.51709243525629,23,Gulistan_Jauhar,13408226.0,openaq_exact,,
2025-12-02,70.11318749947982,24,Gulistan_Jauhar,13408226.0,openaq_exact,,
2025-12-03,48.56607984701792,24,Gulistan_Jauhar,13408226.0,openaq_exact,,
2025-12-04,68.18910592661963,24,Gulistan_Jauhar,13408226.0,openaq_exact,,
2025-12-05,82.20853129757775,24,Gulistan_Jauhar,13408226.0,openaq_exact,,
2025-12-06,73.23632463084327,24,Gulistan_Jauhar,13408226.0,openaq_exact,,
2025-12-07,93.42807637320624,24,Gulistan_Jauhar,13408226.0,openaq_exact,,
2025-12-08,67.1999715780971,24,Gulistan_Jauhar,13408226.0,openaq_exact,,
2025-12-09,125.65198605457942,24,Gulistan_Jauhar,13408226.0,openaq_exact,,
2025-12-10,104.05064588122896,24,Gulistan_Jauhar,13408226.0,openaq_exact,,
2025-12-11,95.01230755632434,23,Gulistan_Jauhar,13408226.0,openaq_exact,,
2025-12-12,89.07588539388445,24,Gulistan_Jauhar,13408226.0,openaq_exact,,
2025-12-13,67.75774646600087,24,Gulistan_Jauhar,13408226.0,openaq_exact,,
2025-12-14,110.7384375056835,24,Gulistan_Jauhar,13408226.0,openaq_exact,,
2025-12-15,91.95259777793176,24,Gulistan_Jauhar,13408226.0,openaq_exact,,
2025-12-16,77.56761637210079,23,Gulistan_Jauhar,13408226.0,openaq_exact,,
2025-12-17,85.7563994442975,23,Gulistan_Jauhar,13408226.0,openaq_exact,,
2025-12-18,101.8583532126263,24,Gulistan_Jauhar,13408226.0,openaq_exact,,
2025-12-19,100.04348012122556,23,Gulistan_Jauhar,13408226.0,openaq_exact,,
2025-12-20,149.70895142025418,24,Gulistan_Jauhar,13408226.0,openaq_exact,,
2025-12-21,94.39355560806062,24,Gulistan_Jauhar,13408226.0,openaq_exact,,
2025-12-22,80.14844961729314,24,Gulistan_Jauhar,13408226.0,openaq_exact,,
2025-12-23,68.5046730711767,24,Gulistan_Jauhar,13408226.0,openaq_exact,,
2025-12-24,85.27953124046326,24,Gulistan_Jauhar,13408226.0,openaq_exact,,
2025-12-25,95.53436464203727,24,Gulistan_Jauhar,13408226.0,openaq_exact,,
2025-12-26,82.22523922583069,24,Gulistan_Jauhar,13408226.0,openaq_exact,,
2025-12-27,81.56199307971531,24,Gulistan_Jauhar,13408226.0,openaq_exact,,
2025-12-28,94.23488480691556,24,Gulistan_Jauhar,13408226.0,openaq_exact,,
2025-12-29,132.20097578896417,24,Gulistan_Jauhar,13408226.0,openaq_exact,,
2025-12-30,114.51160608927408,11,Gulistan_Jauhar,13408226.0,openaq_exact,,
2026-01-01,83.14168764281074,23,Gulistan_Jauhar,13408226.0,openaq_exact,,
2026-01-02,73.5883049329122,24,Gulistan_Jauhar,13408226.0,openaq_exact,,
2026-01-03,112.3345307447292,24,Gulistan_Jauhar,13408226.0,openaq_exact,,
2026-01-04,116.23590035093002,23,Gulistan_Jauhar,13408226.0,openaq_exact,,
2026-01-05,93.04322219424778,24,Gulistan_Jauhar,13408226.0,openaq_exact,,
2026-01-06,81.04998900537137,24,Gulistan_Jauhar,13408226.0,openaq_exact,,
2026-01-07,75.9184531768163,24,Gulistan_Jauhar,13408226.0,openaq_exact,,
2026-01-08,51.55379715086233,24,Gulistan_Jauhar,13408226.0,openaq_exact,,
2026-01-09,56.28718741536141,16,Gulistan_Jauhar,13408226.0,openaq_exact,,
2026-01-10,68.9638124624888,24,Gulistan_Jauhar,13408226.0,openaq_exact,,
2026-01-11,55.05231093403734,24,Gulistan_Jauhar,13408226.0,openaq_exact,,
2026-01-12,121.0074060806923,24,Gulistan_Jauhar,13408226.0,openaq_exact,,
2026-01-13,97.84224829408858,24,Gulistan_Jauhar,13408226.0,openaq_exact,,
2026-01-14,136.511710269122,24,Gulistan_Jauhar,13408226.0,openaq_exact,,
2026-01-15,124.6886128173934,24,Gulistan_Jauhar,13408226.0,openaq_exact,,
2026-01-16,89.12573593706395,24,Gulistan_Jauhar,13408226.0,openaq_exact,,
2026-01-17,66.11602432197995,24,Gulistan_Jauhar,13408226.0,openaq_exact,,
2026-01-18,88.98397112350271,24,Gulistan_Jauhar,13408226.0,openaq_exact,,
2026-01-19,74.74618229203755,24,Gulistan_Jauhar,13408226.0,openaq_exact,,
2026-01-20,62.07023735313504,24,Gulistan_Jauhar,13408226.0,openaq_exact,,
2026-01-21,65.53518703264821,24,Gulistan_Jauhar,13408226.0,openaq_exact,,
2026-01-22,62.55396256381615,24,Gulistan_Jauhar,13408226.0,openaq_exact,,
2026-01-23,51.5775437145763,24,Gulistan_Jauhar,13408226.0,openaq_exact,,
2026-01-24,44.32199346619423,22,Gulistan_Jauhar,13408226.0,openaq_exact,,
2026-01-25,53.12181417379114,24,Gulistan_Jauhar,13408226.0,openaq_exact,,
2026-01-26,41.43643585293381,18,Gulistan_Jauhar,13408226.0,openaq_exact,,
2026-01-27,54.284112162258886,24,Gulistan_Jauhar,13408226.0,openaq_exact,,
2026-01-28,84.92183506647746,18,Gulistan_Jauhar,13408226.0,openaq_exact,,
2026-01-29,55.5412991642952,24,Gulistan_Jauhar,13408226.0,openaq_exact,,
2026-01-30,61.511106954150726,24,Gulistan_Jauhar,13408226.0,openaq_exact,,
2026-01-31,98.94166222919118,24,Gulistan_Jauhar,13408226.0,openaq_exact,,
2026-02-01,89.23795827229817,24,Gulistan_Jauhar,13408226.0,openaq_exact,,
2026-02-02,76.87290966245864,24,Gulistan_Jauhar,13408226.0,openaq_exact,,
2026-02-03,93.54387112522768,24,Gulistan_Jauhar,13408226.0,openaq_exact,,
2026-02-04,61.79995174106926,24,Gulistan_Jauhar,13408226.0,openaq_exact,,
2026-02-05,62.87834677969165,24,Gulistan_Jauhar,13408226.0,openaq_exact,,
2026-02-06,90.29951560497284,24,Gulistan_Jauhar,13408226.0,openaq_exact,,
2026-02-07,94.14123609198464,24,Gulistan_Jauhar,13408226.0,openaq_exact,,
2026-02-08,81.88891148832109,24,Gulistan_Jauhar,13408226.0,openaq_exact,,
2026-02-09,49.17670394651818,24,Gulistan_Jauhar,13408226.0,openaq_exact,,
2026-02-10,64.58844865269131,24,Gulistan_Jauhar,13408226.0,openaq_exact,,
2026-02-11,76.51561805937025,24,Gulistan_Jauhar,13408226.0,openaq_exact,,
2026-02-12,83.60032526595825,24,Gulistan_Jauhar,13408226.0,openaq_exact,,
2026-02-13,90.09083017508188,24,Gulistan_Jauhar,13408226.0,openaq_exact,,
2026-02-14,79.98636405379683,24,Gulistan_Jauhar,13408226.0,openaq_exact,,
2026-02-15,74.01566492644223,24,Gulistan_Jauhar,13408226.0,openaq_exact,,
2026-02-16,50.02666001620919,24,Gulistan_Jauhar,13408226.0,openaq_exact,,
2026-02-17,65.60655054390614,23,Gulistan_Jauhar,13408226.0,openaq_exact,,
2026-02-18,60.0472157474419,24,Gulistan_Jauhar,13408226.0,openaq_exact,,
2026-02-19,45.3000582769182,24,Gulistan_Jauhar,13408226.0,openaq_exact,,
2026-02-20,50.28836043370693,24,Gulistan_Jauhar,13408226.0,openaq_exact,,
2026-02-21,58.73806075784896,24,Gulistan_Jauhar,13408226.0,openaq_exact,,
2026-02-22,54.12939512982513,24,Gulistan_Jauhar,13408226.0,openaq_exact,,
2026-02-23,55.11915212541993,19,Gulistan_Jauhar,13408226.0,openaq_exact,,
2026-02-24,78.95508826686773,23,Gulistan_Jauhar,13408226.0,openaq_exact,,
2026-02-25,73.47500000000001,24,Gulistan_Jauhar,13408226.0,openaq_exact,,
2026-02-26,66.58749999999999,24,Gulistan_Jauhar,13408226.0,openaq_exact,,
2026-02-27,45.92916666666667,24,Gulistan_Jauhar,13408226.0,openaq_exact,,
2026-02-28,47.575,24,Gulistan_Jauhar,13408226.0,openaq_exact,,
2026-03-01,44.1125,24,Gulistan_Jauhar,13408226.0,openaq_exact,,
2026-03-02,53.40833333333333,24,Gulistan_Jauhar,13408226.0,openaq_exact,,
2026-03-03,48.4625,24,Gulistan_Jauhar,13408226.0,openaq_exact,,
2026-03-04,43.4125,24,Gulistan_Jauhar,13408226.0,openaq_exact,,
2026-03-05,37.6625,24,Gulistan_Jauhar,13408226.0,openaq_exact,,
2026-03-06,40.15416666666667,24,Gulistan_Jauhar,13408226.0,openaq_exact,,
2026-03-07,57.9875,24,Gulistan_Jauhar,13408226.0,openaq_exact,,
2026-03-08,111.46666666666664,12,Gulistan_Jauhar,13408226.0,openaq_exact,,
2026-03-09,147.35,6,Gulistan_Jauhar,13408226.0,openaq_exact,,
2026-03-16,142.54545454545453,11,Gulistan_Jauhar,13408226.0,openaq_exact,,
2026-03-17,333.56666666666666,3,Gulistan_Jauhar,13408226.0,openaq_exact,,
2026-03-27,31.63333333333333,3,Gulistan_Jauhar,13408226.0,openaq_exact,,
2026-05-11,47.9625,8,Gulistan_Jauhar,13408226.0,openaq_exact,,
2026-05-12,44.75,24,Gulistan_Jauhar,13408226.0,openaq_exact,,
2026-05-13,35.37916666666667,24,Gulistan_Jauhar,13408226.0,openaq_exact,,
2026-05-14,25.98333333333333,24,Gulistan_Jauhar,13408226.0,openaq_exact,,
2026-05-15,25.633333333333336,24,Gulistan_Jauhar,13408226.0,openaq_exact,,
2026-05-16,32.74782608695652,23,Gulistan_Jauhar,13408226.0,openaq_exact,,
2026-05-17,30.475,24,Gulistan_Jauhar,13408226.0,openaq_exact,,
2026-05-18,29.991666666666664,24,Gulistan_Jauhar,13408226.0,openaq_exact,,
2026-05-19,33.229166666666664,24,Gulistan_Jauhar,13408226.0,openaq_exact,,
2026-05-20,31.1,18,Gulistan_Jauhar,13408226.0,openaq_exact,,
2026-05-21,33.68181818181818,22,Gulistan_Jauhar,13408226.0,openaq_exact,,
2026-05-22,34.71666666666667,24,Gulistan_Jauhar,13408226.0,openaq_exact,,
2026-05-23,33.785714285714285,21,Gulistan_Jauhar,13408226.0,openaq_exact,,
2026-05-24,31.079166666666666,24,Gulistan_Jauhar,13408226.0,openaq_exact,,
2026-05-25,32.204166666666666,24,Gulistan_Jauhar,13408226.0,openaq_exact,,
2026-05-26,30.383333333333336,24,Gulistan_Jauhar,13408226.0,openaq_exact,,
2026-05-27,26.73333333333333,24,Gulistan_Jauhar,13408226.0,openaq_exact,,
2026-05-28,31.39583333333333,24,Gulistan_Jauhar,13408226.0,openaq_exact,,
2026-05-29,27.5,24,Gulistan_Jauhar,13408226.0,openaq_exact,,
2026-05-30,66.625,24,Gulistan_Jauhar,13408226.0,openaq_exact,,
2026-05-31,29.27083333333333,24,Gulistan_Jauhar,13408226.0,openaq_exact,,
2026-06-01,34.704166666666666,24,Gulistan_Jauhar,13408226.0,openaq_exact,,
2026-06-02,30.620833333333334,24,Gulistan_Jauhar,13408226.0,openaq_exact,,
2026-06-03,33.0375,24,Gulistan_Jauhar,13408226.0,openaq_exact,,
2026-06-04,34.82083333333333,24,Gulistan_Jauhar,13408226.0,openaq_exact,,
2026-06-05,62.81666666666666,24,Gulistan_Jauhar,13408226.0,openaq_exact,,
2026-06-06,38.1608695652174,23,Gulistan_Jauhar,13408226.0,openaq_exact,,
2026-06-07,35.09166666666667,24,Gulistan_Jauhar,13408226.0,openaq_exact,,
2026-06-08,34.07142857142857,21,Gulistan_Jauhar,13408226.0,openaq_exact,,
2026-06-09,32.017391304347825,23,Gulistan_Jauhar,13408226.0,openaq_exact,,
2026-06-10,32.35,24,Gulistan_Jauhar,13408226.0,openaq_exact,,
2026-06-11,36.2,22,Gulistan_Jauhar,13408226.0,openaq_exact,,
2026-06-12,35.74285714285715,21,Gulistan_Jauhar,13408226.0,openaq_exact,,
2026-06-13,38.3625,24,Gulistan_Jauhar,13408226.0,openaq_exact,,
2026-06-14,30.745833333333334,24,Gulistan_Jauhar,13408226.0,openaq_exact,,
2026-06-15,30.321739130434786,23,Gulistan_Jauhar,13408226.0,openaq_exact,,
2026-06-16,30.25,22,Gulistan_Jauhar,13408226.0,openaq_exact,,
2026-06-17,30.956521739130437,23,Gulistan_Jauhar,13408226.0,openaq_exact,,
2026-06-18,30.309090909090912,22,Gulistan_Jauhar,13408226.0,openaq_exact,,
2026-06-19,42.06190476190476,21,Gulistan_Jauhar,13408226.0,openaq_exact,,
2026-06-20,32.34090909090909,22,Gulistan_Jauhar,13408226.0,openaq_exact,,
2026-06-21,32.43157894736842,19,Gulistan_Jauhar,13408226.0,openaq_exact,,
2026-06-22,30.192857142857143,14,Gulistan_Jauhar,13408226.0,openaq_exact,,
2025-06-19,35.37593691878849,12,Gulshan-e-Iqbal,13370571.0,openaq_exact,,
2025-06-20,31.84869736433029,24,Gulshan-e-Iqbal,13370571.0,openaq_exact,,
2025-06-21,31.468093812465668,24,Gulshan-e-Iqbal,13370571.0,openaq_exact,,
2025-06-22,29.82286876620668,22,Gulshan-e-Iqbal,13370571.0,openaq_exact,,
2025-06-23,32.50172521065975,23,Gulshan-e-Iqbal,13370571.0,openaq_exact,,
2025-06-24,32.03920006752014,22,Gulshan-e-Iqbal,13370571.0,openaq_exact,,
2025-06-25,30.45130868391557,22,Gulshan-e-Iqbal,13370571.0,openaq_exact,,
2025-06-26,44.275105284319984,24,Gulshan-e-Iqbal,13370571.0,openaq_exact,,
2025-06-27,36.677024801572166,24,Gulshan-e-Iqbal,13370571.0,openaq_exact,,
2025-06-28,42.3102455329012,24,Gulshan-e-Iqbal,13370571.0,openaq_exact,,
2025-06-29,19.47662182114642,24,Gulshan-e-Iqbal,13370571.0,openaq_exact,,
2025-06-30,30.721486190954845,24,Gulshan-e-Iqbal,13370571.0,openaq_exact,,
2025-07-01,30.23736108493323,24,Gulshan-e-Iqbal,13370571.0,openaq_exact,,
2025-07-02,27.835587009235667,24,Gulshan-e-Iqbal,13370571.0,openaq_exact,,
2025-07-03,25.16479858093792,24,Gulshan-e-Iqbal,13370571.0,openaq_exact,,
2025-07-04,28.988173610634277,24,Gulshan-e-Iqbal,13370571.0,openaq_exact,,
2025-07-05,28.97253645128674,24,Gulshan-e-Iqbal,13370571.0,openaq_exact,,
2025-07-06,24.568691828184654,24,Gulshan-e-Iqbal,13370571.0,openaq_exact,,
2025-07-07,24.133625015616417,24,Gulshan-e-Iqbal,13370571.0,openaq_exact,,
2025-07-08,28.191607667340172,24,Gulshan-e-Iqbal,13370571.0,openaq_exact,,
2025-07-09,25.770942101875946,24,Gulshan-e-Iqbal,13370571.0,openaq_exact,,
2025-07-10,29.71963316864437,24,Gulshan-e-Iqbal,13370571.0,openaq_exact,,
2025-07-11,26.5244780447748,24,Gulshan-e-Iqbal,13370571.0,openaq_exact,,
2025-07-12,26.894501219193145,24,Gulshan-e-Iqbal,13370571.0,openaq_exact,,
2025-07-13,18.595377321044605,24,Gulshan-e-Iqbal,13370571.0,openaq_exact,,
2025-07-14,24.001621009574997,24,Gulshan-e-Iqbal,13370571.0,openaq_exact,,
2025-07-15,29.39560533232159,24,Gulshan-e-Iqbal,13370571.0,openaq_exact,,
2025-07-16,27.066707750161488,24,Gulshan-e-Iqbal,13370571.0,openaq_exact,,
2025-07-17,23.802119238509075,24,Gulshan-e-Iqbal,13370571.0,openaq_exact,,
2025-07-18,25.34946820139885,24,Gulshan-e-Iqbal,13370571.0,openaq_exact,,
2025-07-19,27.40892595714993,24,Gulshan-e-Iqbal,13370571.0,openaq_exact,,
2025-07-20,29.10700580808852,24,Gulshan-e-Iqbal,13370571.0,openaq_exact,,
2025-07-21,29.90816726287206,24,Gulshan-e-Iqbal,13370571.0,openaq_exact,,
2025-07-22,30.08589520719316,24,Gulshan-e-Iqbal,13370571.0,openaq_exact,,
2025-07-23,28.403561370240315,24,Gulshan-e-Iqbal,13370571.0,openaq_exact,,
2025-07-24,26.161336799462635,24,Gulshan-e-Iqbal,13370571.0,openaq_exact,,
2025-07-25,26.520940937929684,24,Gulshan-e-Iqbal,13370571.0,openaq_exact,,
2025-07-26,32.54267872042126,24,Gulshan-e-Iqbal,13370571.0,openaq_exact,,
2025-07-27,28.839647968610127,24,Gulshan-e-Iqbal,13370571.0,openaq_exact,,
2025-07-28,35.596317158805,24,Gulshan-e-Iqbal,13370571.0,openaq_exact,,
2025-07-29,35.368640063300965,24,Gulshan-e-Iqbal,13370571.0,openaq_exact,,
2025-07-30,29.604011052184635,24,Gulshan-e-Iqbal,13370571.0,openaq_exact,,
2025-07-31,26.046491305033367,24,Gulshan-e-Iqbal,13370571.0,openaq_exact,,
2025-08-01,24.41704398062494,24,Gulshan-e-Iqbal,13370571.0,openaq_exact,,
2025-08-02,30.422799785931904,24,Gulshan-e-Iqbal,13370571.0,openaq_exact,,
2025-08-03,26.836189213726257,24,Gulshan-e-Iqbal,13370571.0,openaq_exact,,
2025-08-04,27.276798622475727,24,Gulshan-e-Iqbal,13370571.0,openaq_exact,,
2025-08-05,28.70241667330265,24,Gulshan-e-Iqbal,13370571.0,openaq_exact,,
2025-08-06,31.99023272924953,24,Gulshan-e-Iqbal,13370571.0,openaq_exact,,
2025-08-07,30.722432348463272,24,Gulshan-e-Iqbal,13370571.0,openaq_exact,,
2025-08-08,25.997145864698624,24,Gulshan-e-Iqbal,13370571.0,openaq_exact,,
2025-08-09,26.14775698052512,24,Gulshan-e-Iqbal,13370571.0,openaq_exact,,
2025-08-10,20.67267595231533,24,Gulshan-e-Iqbal,13370571.0,openaq_exact,,
2025-08-11,32.760738945669594,24,Gulshan-e-Iqbal,13370571.0,openaq_exact,,
2025-08-12,31.565814250045356,24,Gulshan-e-Iqbal,13370571.0,openaq_exact,,
2025-08-13,36.73640398304872,24,Gulshan-e-Iqbal,13370571.0,openaq_exact,,
2025-08-14,30.50135012136565,24,Gulshan-e-Iqbal,13370571.0,openaq_exact,,
2025-08-15,37.34362330701616,24,Gulshan-e-Iqbal,13370571.0,openaq_exact,,
2025-08-16,28.493395460976497,24,Gulshan-e-Iqbal,13370571.0,openaq_exact,,
2025-08-17,25.973777158392803,24,Gulshan-e-Iqbal,13370571.0,openaq_exact,,
2025-08-18,36.60297681887945,24,Gulshan-e-Iqbal,13370571.0,openaq_exact,,
2025-08-19,21.19914487657585,24,Gulshan-e-Iqbal,13370571.0,openaq_exact,,
2025-08-20,23.325857622548934,24,Gulshan-e-Iqbal,13370571.0,openaq_exact,,
2025-08-21,45.41479569011264,24,Gulshan-e-Iqbal,13370571.0,openaq_exact,,
2025-08-22,31.611501730150646,24,Gulshan-e-Iqbal,13370571.0,openaq_exact,,
2025-08-23,37.25238593419393,24,Gulshan-e-Iqbal,13370571.0,openaq_exact,,
2025-08-24,29.98883044719696,24,Gulshan-e-Iqbal,13370571.0,openaq_exact,,
2025-08-25,30.76568401853244,24,Gulshan-e-Iqbal,13370571.0,openaq_exact,,
2025-08-26,33.60803873505857,24,Gulshan-e-Iqbal,13370571.0,openaq_exact,,
2025-08-27,33.234761622216965,24,Gulshan-e-Iqbal,13370571.0,openaq_exact,,
2025-08-28,33.252258585559,24,Gulshan-e-Iqbal,13370571.0,openaq_exact,,
2025-08-29,33.05180422224179,24,Gulshan-e-Iqbal,13370571.0,openaq_exact,,
2025-08-30,36.72566619846556,24,Gulshan-e-Iqbal,13370571.0,openaq_exact,,
2025-08-31,27.645639201607366,24,Gulshan-e-Iqbal,13370571.0,openaq_exact,,
2025-09-01,31.800948648139684,24,Gulshan-e-Iqbal,13370571.0,openaq_exact,,
2025-09-02,28.349458383189305,24,Gulshan-e-Iqbal,13370571.0,openaq_exact,,
2025-09-03,27.878228181884403,20,Gulshan-e-Iqbal,13370571.0,openaq_exact,,
2025-09-04,28.294978868828245,19,Gulshan-e-Iqbal,13370571.0,openaq_exact,,
2025-09-05,31.329925960964623,24,Gulshan-e-Iqbal,13370571.0,openaq_exact,,
2025-09-06,30.622410277525585,24,Gulshan-e-Iqbal,13370571.0,openaq_exact,,
2025-09-07,32.18254813220766,24,Gulshan-e-Iqbal,13370571.0,openaq_exact,,
2025-09-08,30.903768957706923,19,Gulshan-e-Iqbal,13370571.0,openaq_exact,,
2025-09-09,23.290563209965654,19,Gulshan-e-Iqbal,13370571.0,openaq_exact,,
2025-09-10,21.60077241767536,24,Gulshan-e-Iqbal,13370571.0,openaq_exact,,
2025-09-11,30.03843289448156,24,Gulshan-e-Iqbal,13370571.0,openaq_exact,,
2025-09-12,32.28110995557573,24,Gulshan-e-Iqbal,13370571.0,openaq_exact,,
2025-09-13,30.278387397811525,14,Gulshan-e-Iqbal,13370571.0,openaq_exact,,
2025-09-14,20.15018112295204,24,Gulshan-e-Iqbal,13370571.0,openaq_exact,,
2025-09-15,31.23270086116261,24,Gulshan-e-Iqbal,13370571.0,openaq_exact,,
2025-09-16,42.652266171243454,24,Gulshan-e-Iqbal,13370571.0,openaq_exact,,
2025-09-17,45.03385960822012,17,Gulshan-e-Iqbal,13370571.0,openaq_exact,,
2025-09-18,29.410096089045208,24,Gulshan-e-Iqbal,13370571.0,openaq_exact,,
2025-09-19,34.03093525436189,24,Gulshan-e-Iqbal,13370571.0,openaq_exact,,
2025-09-20,31.28160595231586,24,Gulshan-e-Iqbal,13370571.0,openaq_exact,,
2025-09-21,23.723085668351917,24,Gulshan-e-Iqbal,13370571.0,openaq_exact,,
2025-09-22,26.28151102198495,24,Gulshan-e-Iqbal,13370571.0,openaq_exact,,
2025-09-23,34.176641239060295,24,Gulshan-e-Iqbal,13370571.0,openaq_exact,,
2025-09-24,33.46105078337849,23,Gulshan-e-Iqbal,13370571.0,openaq_exact,,
2025-09-25,37.51450868425546,24,Gulshan-e-Iqbal,13370571.0,openaq_exact,,
2025-09-26,30.295652756867582,24,Gulshan-e-Iqbal,13370571.0,openaq_exact,,
2025-09-27,33.94559464411959,22,Gulshan-e-Iqbal,13370571.0,openaq_exact,,
2025-09-28,32.84730487159951,21,Gulshan-e-Iqbal,13370571.0,openaq_exact,,
2025-09-29,49.98393539852567,23,Gulshan-e-Iqbal,13370571.0,openaq_exact,,
2025-09-30,37.03892344074601,23,Gulshan-e-Iqbal,13370571.0,openaq_exact,,
2025-10-01,27.113856521298988,24,Gulshan-e-Iqbal,13370571.0,openaq_exact,,
2025-10-02,27.800400462154588,24,Gulshan-e-Iqbal,13370571.0,openaq_exact,,
2025-10-03,26.491843765091016,24,Gulshan-e-Iqbal,13370571.0,openaq_exact,,
2025-10-04,27.19520533706831,23,Gulshan-e-Iqbal,13370571.0,openaq_exact,,
2025-10-05,27.63549536753584,24,Gulshan-e-Iqbal,13370571.0,openaq_exact,,
2025-10-06,31.47885995319596,24,Gulshan-e-Iqbal,13370571.0,openaq_exact,,
2025-10-07,35.499660344300445,24,Gulshan-e-Iqbal,13370571.0,openaq_exact,,
2025-10-08,36.49356479407461,24,Gulshan-e-Iqbal,13370571.0,openaq_exact,,
2025-10-09,32.47062634600935,24,Gulshan-e-Iqbal,13370571.0,openaq_exact,,
2025-10-10,33.587832191365735,24,Gulshan-e-Iqbal,13370571.0,openaq_exact,,
2025-10-11,37.049019308712175,23,Gulshan-e-Iqbal,13370571.0,openaq_exact,,
2025-10-12,36.11785823106766,24,Gulshan-e-Iqbal,13370571.0,openaq_exact,,
2025-10-13,36.96542506376501,24,Gulshan-e-Iqbal,13370571.0,openaq_exact,,
2025-10-14,38.98100352000307,24,Gulshan-e-Iqbal,13370571.0,openaq_exact,,
2025-10-15,36.12053531441424,24,Gulshan-e-Iqbal,13370571.0,openaq_exact,,
2025-10-16,56.62340158345523,24,Gulshan-e-Iqbal,13370571.0,openaq_exact,,
2025-10-17,47.40323951807287,24,Gulshan-e-Iqbal,13370571.0,openaq_exact,,
2025-10-18,57.765636627541646,24,Gulshan-e-Iqbal,13370571.0,openaq_exact,,
2025-10-19,43.520660829062415,24,Gulshan-e-Iqbal,13370571.0,openaq_exact,,
2025-10-20,53.562924231808594,20,Gulshan-e-Iqbal,13370571.0,openaq_exact,,
2025-10-21,73.57120253951462,24,Gulshan-e-Iqbal,13370571.0,openaq_exact,,
2025-10-22,69.35571327798696,24,Gulshan-e-Iqbal,13370571.0,openaq_exact,,
2025-10-23,105.7739194175611,24,Gulshan-e-Iqbal,13370571.0,openaq_exact,,
2025-10-24,95.31378827095033,24,Gulshan-e-Iqbal,13370571.0,openaq_exact,,
2025-10-25,77.94621131926918,23,Gulshan-e-Iqbal,13370571.0,openaq_exact,,
2025-10-26,57.61745657126109,24,Gulshan-e-Iqbal,13370571.0,openaq_exact,,
2025-10-27,55.51470838122898,24,Gulshan-e-Iqbal,13370571.0,openaq_exact,,
2025-10-28,70.5474253680971,24,Gulshan-e-Iqbal,13370571.0,openaq_exact,,
2025-10-29,69.38938893212212,24,Gulshan-e-Iqbal,13370571.0,openaq_exact,,
2025-10-30,68.06963225855971,24,Gulshan-e-Iqbal,13370571.0,openaq_exact,,
2025-10-31,129.31543887152188,23,Gulshan-e-Iqbal,13370571.0,openaq_exact,,
2025-11-01,159.93960323245437,24,Gulshan-e-Iqbal,13370571.0,openaq_exact,,
2025-11-02,78.6715575646471,24,Gulshan-e-Iqbal,13370571.0,openaq_exact,,
2025-11-03,45.884972288010495,24,Gulshan-e-Iqbal,13370571.0,openaq_exact,,
2025-11-04,36.06875001827876,10,Gulshan-e-Iqbal,13370571.0,openaq_exact,,
2025-11-17,106.112066599528,15,Gulshan-e-Iqbal,13370571.0,openaq_exact,,
2025-11-18,111.18203142638696,23,Gulshan-e-Iqbal,13370571.0,openaq_exact,,
2025-11-19,96.51130487565642,24,Gulshan-e-Iqbal,13370571.0,openaq_exact,,
2025-11-20,106.22423083782196,24,Gulshan-e-Iqbal,13370571.0,openaq_exact,,
2025-11-21,120.6939403684051,24,Gulshan-e-Iqbal,13370571.0,openaq_exact,,
2025-11-22,159.98162335554758,24,Gulshan-e-Iqbal,13370571.0,openaq_exact,,
2025-11-23,126.91859183639446,21,Gulshan-e-Iqbal,13370571.0,openaq_exact,,
2025-11-24,90.43349226688991,23,Gulshan-e-Iqbal,13370571.0,openaq_exact,,
2025-11-25,83.51920311980777,24,Gulshan-e-Iqbal,13370571.0,openaq_exact,,
2025-11-26,92.41672743956248,24,Gulshan-e-Iqbal,13370571.0,openaq_exact,,
2025-11-27,80.92228468259175,24,Gulshan-e-Iqbal,13370571.0,openaq_exact,,
2025-11-28,86.54078242160655,24,Gulshan-e-Iqbal,13370571.0,openaq_exact,,
2025-11-29,96.52023325054734,24,Gulshan-e-Iqbal,13370571.0,openaq_exact,,
2025-11-30,101.92133119974316,23,Gulshan-e-Iqbal,13370571.0,openaq_exact,,
2025-12-01,92.04840270519256,20,Gulshan-e-Iqbal,13370571.0,openaq_exact,,
2025-12-02,95.68877907060212,24,Gulshan-e-Iqbal,13370571.0,openaq_exact,,
2025-12-03,63.81860568908729,23,Gulshan-e-Iqbal,13370571.0,openaq_exact,,
2025-12-04,84.86465214005223,24,Gulshan-e-Iqbal,13370571.0,openaq_exact,,
2025-12-05,110.05562332073848,24,Gulshan-e-Iqbal,13370571.0,openaq_exact,,
2025-12-06,101.47942184607189,24,Gulshan-e-Iqbal,13370571.0,openaq_exact,,
2025-12-07,111.36342762929422,24,Gulshan-e-Iqbal,13370571.0,openaq_exact,,
2025-12-08,77.10517931755143,24,Gulshan-e-Iqbal,13370571.0,openaq_exact,,
2025-12-09,92.30945299120027,13,Gulshan-e-Iqbal,13370571.0,openaq_exact,,
2025-12-10,38.84306911038028,8,Gulshan-e-Iqbal,13370571.0,openaq_exact,,
2025-12-11,40.69657426706697,6,Gulshan-e-Iqbal,13370571.0,openaq_exact,,
2025-12-12,46.99718688283648,5,Gulshan-e-Iqbal,13370571.0,openaq_exact,,
2026-01-27,37.0966737182052,6,Gulshan-e-Iqbal,13370571.0,openaq_exact,,
2026-01-31,70.15891399030333,6,Gulshan-e-Iqbal,13370571.0,openaq_exact,,
2026-02-16,39.70171829102531,3,Gulshan-e-Iqbal,13370571.0,openaq_exact,,
2025-06-21,22.51997791552076,17,Korangi_Industrial,13387131.0,openaq_exact,,
2025-06-22,23.77410100445603,22,Korangi_Industrial,13387131.0,openaq_exact,,
2025-06-23,26.534271102020703,23,Korangi_Industrial,13387131.0,openaq_exact,,
2025-06-24,29.029211559680974,22,Korangi_Industrial,13387131.0,openaq_exact,,
2025-06-27,34.84091889230829,19,Korangi_Industrial,13387131.0,openaq_exact,,
2025-06-28,33.4856901941476,24,Korangi_Industrial,13387131.0,openaq_exact,,
2025-06-29,14.678928771780598,24,Korangi_Industrial,13387131.0,openaq_exact,,
2025-06-30,21.022939241594734,24,Korangi_Industrial,13387131.0,openaq_exact,,
2025-07-01,22.20457586314943,24,Korangi_Industrial,13387131.0,openaq_exact,,
2025-07-02,20.00662899017334,24,Korangi_Industrial,13387131.0,openaq_exact,,
2025-07-03,19.80597323463077,24,Korangi_Industrial,13387131.0,openaq_exact,,
2025-07-04,18.546583223342896,5,Korangi_Industrial,13387131.0,openaq_exact,,
2025-06-20,23.84099191401428,14,Landhi,13379213.0,openaq_exact,,
2024-10-02,21.407142917315166,8,North_Nazimabad,10815113.0,openaq_exact,,
2024-10-03,25.101592193047207,24,North_Nazimabad,10815113.0,openaq_exact,,
2024-10-04,25.11232268479135,24,North_Nazimabad,10815113.0,openaq_exact,,
2024-10-05,28.36236132250892,14,North_Nazimabad,10815113.0,openaq_exact,,
2024-10-06,34.59309475576723,10,North_Nazimabad,10815113.0,openaq_exact,,
2024-10-10,43.59735898176829,4,North_Nazimabad,10815113.0,openaq_exact,,
2024-10-11,37.95821991420927,7,North_Nazimabad,10815113.0,openaq_exact,,
2024-10-14,40.96595230102539,5,North_Nazimabad,10815113.0,openaq_exact,,
2024-10-15,40.06469488143921,4,North_Nazimabad,10815113.0,openaq_exact,,
2025-06-24,33.80585419138273,16,SITE_Industrial,13414781.0,openaq_exact,,
2025-06-25,39.71968741850419,22,SITE_Industrial,13414781.0,openaq_exact,,
2025-06-26,47.02632619274987,24,SITE_Industrial,13414781.0,openaq_exact,,
2025-06-27,43.38802778720856,24,SITE_Industrial,13414781.0,openaq_exact,,
2025-06-28,37.860496520996094,24,SITE_Industrial,13414781.0,openaq_exact,,
2025-06-29,26.849390145805145,24,SITE_Industrial,13414781.0,openaq_exact,,
2025-06-30,24.77669969532225,24,SITE_Industrial,13414781.0,openaq_exact,,
2025-07-01,26.957738955815632,24,SITE_Industrial,13414781.0,openaq_exact,,
2025-07-02,27.307466987106537,24,SITE_Industrial,13414781.0,openaq_exact,,
2025-07-03,26.506393608119755,24,SITE_Industrial,13414781.0,openaq_exact,,
2025-07-04,26.45490915907754,24,SITE_Industrial,13414781.0,openaq_exact,,
2025-07-05,27.95745016468896,24,SITE_Industrial,13414781.0,openaq_exact,,
2025-07-06,24.98506248493989,24,SITE_Industrial,13414781.0,openaq_exact,,
2025-07-07,34.32860769745376,24,SITE_Industrial,13414781.0,openaq_exact,,
2025-07-08,35.338094214598335,24,SITE_Industrial,13414781.0,openaq_exact,,
2025-07-09,33.24948254558775,24,SITE_Industrial,13414781.0,openaq_exact,,
2025-07-10,35.76677088605033,24,SITE_Industrial,13414781.0,openaq_exact,,
2025-07-11,29.465048684014217,24,SITE_Industrial,13414781.0,openaq_exact,,
2025-07-12,24.590840220451355,18,SITE_Industrial,13414781.0,openaq_exact,,
2025-07-13,16.600901963664036,17,SITE_Industrial,13414781.0,openaq_exact,,
2025-07-14,22.972321743766468,24,SITE_Industrial,13414781.0,openaq_exact,,
2025-07-15,26.01601856946945,24,SITE_Industrial,13414781.0,openaq_exact,,
2025-07-16,26.80180955956681,24,SITE_Industrial,13414781.0,openaq_exact,,
2025-07-17,25.794056692207704,24,SITE_Industrial,13414781.0,openaq_exact,,
2025-07-18,24.778496556811863,24,SITE_Industrial,13414781.0,openaq_exact,,
2025-07-19,27.05133392413457,24,SITE_Industrial,13414781.0,openaq_exact,,
2025-07-20,27.877288202444717,24,SITE_Industrial,13414781.0,openaq_exact,,
2025-07-21,28.31365862819884,24,SITE_Industrial,13414781.0,openaq_exact,,
2025-07-22,25.370034686393208,24,SITE_Industrial,13414781.0,openaq_exact,,
2025-07-23,22.04489869752316,24,SITE_Industrial,13414781.0,openaq_exact,,
2025-07-24,26.943344432898243,24,SITE_Industrial,13414781.0,openaq_exact,,
2025-07-25,26.161475737889607,24,SITE_Industrial,13414781.0,openaq_exact,,
2025-07-26,33.4850780069828,24,SITE_Industrial,13414781.0,openaq_exact,,
2025-07-27,27.342583987447952,24,SITE_Industrial,13414781.0,openaq_exact,,
2025-07-28,28.22373151116901,24,SITE_Industrial,13414781.0,openaq_exact,,
2025-07-29,25.38480742242601,24,SITE_Industrial,13414781.0,openaq_exact,,
2025-07-30,29.190010405249065,24,SITE_Industrial,13414781.0,openaq_exact,,
2025-07-31,32.283343805207146,24,SITE_Industrial,13414781.0,openaq_exact,,
2025-08-01,25.43888305624326,24,SITE_Industrial,13414781.0,openaq_exact,,
2025-08-02,26.68139436633298,24,SITE_Industrial,13414781.0,openaq_exact,,
2025-08-03,20.379406041418665,24,SITE_Industrial,13414781.0,openaq_exact,,
2025-08-04,21.05767597258091,24,SITE_Industrial,13414781.0,openaq_exact,,
2025-08-05,25.93144328561094,24,SITE_Industrial,13414781.0,openaq_exact,,
2025-08-06,27.537942128049,24,SITE_Industrial,13414781.0,openaq_exact,,
2025-08-07,24.57959506186572,24,SITE_Industrial,13414781.0,openaq_exact,,
2025-08-08,22.32410519261553,24,SITE_Industrial,13414781.0,openaq_exact,,
2025-08-09,22.20214296546247,24,SITE_Industrial,13414781.0,openaq_exact,,
2025-08-10,22.02013957566685,24,SITE_Industrial,13414781.0,openaq_exact,,
2025-08-11,25.26808013819685,24,SITE_Industrial,13414781.0,openaq_exact,,
2025-08-12,25.599343436676318,23,SITE_Industrial,13414781.0,openaq_exact,,
2025-08-13,33.82384299352392,23,SITE_Industrial,13414781.0,openaq_exact,,
2025-08-14,38.91315754269108,20,SITE_Industrial,13414781.0,openaq_exact,,
2025-08-15,41.97957295009068,21,SITE_Industrial,13414781.0,openaq_exact,,
2025-08-16,30.678292966079105,19,SITE_Industrial,13414781.0,openaq_exact,,
2025-08-17,28.88625810119416,17,SITE_Industrial,13414781.0,openaq_exact,,
2025-08-18,42.038884167048494,24,SITE_Industrial,13414781.0,openaq_exact,,
2025-08-19,36.113516497752514,19,SITE_Industrial,13414781.0,openaq_exact,,
2025-08-20,29.16713634720354,22,SITE_Industrial,13414781.0,openaq_exact,,
2025-08-21,49.98169216403255,18,SITE_Industrial,13414781.0,openaq_exact,,
2025-08-22,18.050214764144688,24,SITE_Industrial,13414781.0,openaq_exact,,
2025-08-23,24.78770134680801,24,SITE_Industrial,13414781.0,openaq_exact,,
2025-08-24,26.402774340576595,24,SITE_Industrial,13414781.0,openaq_exact,,
2025-08-25,33.7344305978881,24,SITE_Industrial,13414781.0,openaq_exact,,
2025-08-26,28.42804056074884,24,SITE_Industrial,13414781.0,openaq_exact,,
2025-08-27,32.2015660405159,24,SITE_Industrial,13414781.0,openaq_exact,,
2025-08-28,32.426914923720894,24,SITE_Industrial,13414781.0,openaq_exact,,
2025-08-29,40.01360536946191,24,SITE_Industrial,13414781.0,openaq_exact,,
2025-08-30,32.8933327282318,24,SITE_Industrial,13414781.0,openaq_exact,,
2025-09-01,26.28469762360136,17,SITE_Industrial,13414781.0,openaq_exact,,
2025-09-02,27.142236526147496,23,SITE_Industrial,13414781.0,openaq_exact,,
2025-09-03,27.89221571286519,20,SITE_Industrial,13414781.0,openaq_exact,,
2025-09-04,31.34841963979933,24,SITE_Industrial,13414781.0,openaq_exact,,
2025-09-05,30.979700247446697,24,SITE_Industrial,13414781.0,openaq_exact,,
2025-09-06,31.46759266985788,24,SITE_Industrial,13414781.0,openaq_exact,,
2025-09-07,31.42967367172241,4,SITE_Industrial,13414781.0,openaq_exact,,
2025-09-08,34.71841076337374,13,SITE_Industrial,13414781.0,openaq_exact,,
2025-09-09,38.7618124898937,24,SITE_Industrial,13414781.0,openaq_exact,,
2025-09-10,43.482127747451415,24,SITE_Industrial,13414781.0,openaq_exact,,
2025-09-11,30.678266157706577,24,SITE_Industrial,13414781.0,openaq_exact,,
2025-09-12,26.63223917165188,24,SITE_Industrial,13414781.0,openaq_exact,,
2025-09-13,18.99329228036933,24,SITE_Industrial,13414781.0,openaq_exact,,
2025-09-14,15.561140068703226,24,SITE_Industrial,13414781.0,openaq_exact,,
2025-09-15,18.93072978158792,24,SITE_Industrial,13414781.0,openaq_exact,,
2025-09-16,26.146717636121647,24,SITE_Industrial,13414781.0,openaq_exact,,
2025-09-17,28.39217025854371,24,SITE_Industrial,13414781.0,openaq_exact,,
2025-09-18,27.313754667838413,24,SITE_Industrial,13414781.0,openaq_exact,,
2025-09-19,30.613174269596737,24,SITE_Industrial,13414781.0,openaq_exact,,
2025-09-20,28.161481817563377,16,SITE_Industrial,13414781.0,openaq_exact,,
2025-09-22,25.23920488447854,8,SITE_Industrial,13414781.0,openaq_exact,,
2025-09-23,23.980934123198196,8,SITE_Industrial,13414781.0,openaq_exact,,
2025-09-24,27.44136819373879,18,SITE_Industrial,13414781.0,openaq_exact,,
2025-09-25,32.92479109808251,24,SITE_Industrial,13414781.0,openaq_exact,,
2025-09-26,33.85512494974666,24,SITE_Industrial,13414781.0,openaq_exact,,
2025-09-27,38.26634871067533,22,SITE_Industrial,13414781.0,openaq_exact,,
2025-09-28,39.17920834601872,21,SITE_Industrial,13414781.0,openaq_exact,,
2025-09-29,58.736576612256414,23,SITE_Industrial,13414781.0,openaq_exact,,
2025-09-30,41.41581241744204,23,SITE_Industrial,13414781.0,openaq_exact,,
2025-10-01,32.244476901561725,24,SITE_Industrial,13414781.0,openaq_exact,,
2025-10-02,31.520352063074657,24,SITE_Industrial,13414781.0,openaq_exact,,
2025-10-03,30.344267936547595,24,SITE_Industrial,13414781.0,openaq_exact,,
2025-10-04,37.80978145380527,23,SITE_Industrial,13414781.0,openaq_exact,,
2025-10-05,26.494294568785914,24,SITE_Industrial,13414781.0,openaq_exact,,
2025-10-06,30.335773180149214,24,SITE_Industrial,13414781.0,openaq_exact,,
2025-10-07,39.42155090647715,24,SITE_Industrial,13414781.0,openaq_exact,,
2025-10-08,55.7981185791669,24,SITE_Industrial,13414781.0,openaq_exact,,
2025-10-09,42.40954834712007,24,SITE_Industrial,13414781.0,openaq_exact,,
2025-10-10,40.02390452833088,24,SITE_Industrial,13414781.0,openaq_exact,,
2025-10-11,42.69236167110683,23,SITE_Industrial,13414781.0,openaq_exact,,
2025-10-12,54.41335762408045,24,SITE_Industrial,13414781.0,openaq_exact,,
2025-10-13,61.63292994576472,24,SITE_Industrial,13414781.0,openaq_exact,,
2025-10-14,66.37308223567628,24,SITE_Industrial,13414781.0,openaq_exact,,
2025-10-15,63.036210668638894,24,SITE_Industrial,13414781.0,openaq_exact,,
2025-10-16,85.08579571754844,24,SITE_Industrial,13414781.0,openaq_exact,,
2025-10-17,58.58132574238159,24,SITE_Industrial,13414781.0,openaq_exact,,
2025-10-18,69.93732522946817,24,SITE_Industrial,13414781.0,openaq_exact,,
2025-10-19,102.75802701248062,16,SITE_Industrial,13414781.0,openaq_exact,,
2025-10-20,76.02005802349954,21,SITE_Industrial,13414781.0,openaq_exact,,
2025-10-21,105.3308287558732,24,SITE_Industrial,13414781.0,openaq_exact,,
2025-10-22,88.66824510895442,24,SITE_Industrial,13414781.0,openaq_exact,,
2025-10-23,118.43879029710683,24,SITE_Industrial,13414781.0,openaq_exact,,
2025-10-24,112.23138250297971,24,SITE_Industrial,13414781.0,openaq_exact,,
2025-10-25,83.69718667458797,23,SITE_Industrial,13414781.0,openaq_exact,,
2025-10-26,64.56011457973057,24,SITE_Industrial,13414781.0,openaq_exact,,
2025-10-27,68.42424297862583,24,SITE_Industrial,13414781.0,openaq_exact,,
2025-10-28,82.62346410044917,24,SITE_Industrial,13414781.0,openaq_exact,,
2025-10-29,77.96369848339646,24,SITE_Industrial,13414781.0,openaq_exact,,
2025-10-30,72.97596492959995,24,SITE_Industrial,13414781.0,openaq_exact,,
2025-10-31,144.34979046627328,24,SITE_Industrial,13414781.0,openaq_exact,,
2025-11-01,216.4745184898377,24,SITE_Industrial,13414781.0,openaq_exact,,
2025-11-02,113.89554238760913,24,SITE_Industrial,13414781.0,openaq_exact,,
2025-11-03,59.75460654966759,24,SITE_Industrial,13414781.0,openaq_exact,,
2025-11-04,54.00424708269261,24,SITE_Industrial,13414781.0,openaq_exact,,
2025-11-05,108.77560637262133,23,SITE_Industrial,13414781.0,openaq_exact,,
2025-11-06,99.5046353869968,24,SITE_Industrial,13414781.0,openaq_exact,,
2025-11-07,77.72904435931031,24,SITE_Industrial,13414781.0,openaq_exact,,
2025-11-08,45.05139180620511,24,SITE_Industrial,13414781.0,openaq_exact,,
2025-11-09,72.00856625822937,14,SITE_Industrial,13414781.0,openaq_exact,,
2025-11-10,56.44384156080207,22,SITE_Industrial,13414781.0,openaq_exact,,
2025-11-11,85.60645833015441,24,SITE_Industrial,13414781.0,openaq_exact,,
2025-11-12,85.03443215217118,18,SITE_Industrial,13414781.0,openaq_exact,,
2025-11-13,77.15447951640589,23,SITE_Industrial,13414781.0,openaq_exact,,
2025-11-14,79.05428432182029,15,SITE_Industrial,13414781.0,openaq_exact,,
2025-11-15,81.94450692865584,24,SITE_Industrial,13414781.0,openaq_exact,,
2025-11-16,87.54292022318079,23,SITE_Industrial,13414781.0,openaq_exact,,
2025-11-17,119.52445957492095,22,SITE_Industrial,13414781.0,openaq_exact,,
2025-11-18,125.46751982923868,23,SITE_Industrial,13414781.0,openaq_exact,,
2025-11-19,117.69239181589198,24,SITE_Industrial,13414781.0,openaq_exact,,
2025-11-20,100.47340337290908,22,SITE_Industrial,13414781.0,openaq_exact,,
2025-11-21,140.96689477217825,19,SITE_Industrial,13414781.0,openaq_exact,,
2025-11-22,171.02482233489002,24,SITE_Industrial,13414781.0,openaq_exact,,
2025-11-23,130.77967769728767,10,SITE_Industrial,13414781.0,openaq_exact,,
2025-11-24,91.67755164845784,20,SITE_Industrial,13414781.0,openaq_exact,,
2025-11-25,94.34957063109783,24,SITE_Industrial,13414781.0,openaq_exact,,
2025-11-26,110.54465404664626,22,SITE_Industrial,13414781.0,openaq_exact,,
2025-11-27,76.67917108368455,19,SITE_Industrial,13414781.0,openaq_exact,,
2025-11-28,88.31225577813608,24,SITE_Industrial,13414781.0,openaq_exact,,
2025-12-01,88.25330629731403,18,SITE_Industrial,13414781.0,openaq_exact,,
2025-12-02,112.39109019550811,24,SITE_Industrial,13414781.0,openaq_exact,,
2025-12-03,60.43839874411071,24,SITE_Industrial,13414781.0,openaq_exact,,
2025-12-04,105.17337036486026,24,SITE_Industrial,13414781.0,openaq_exact,,
2025-12-05,130.467148148572,24,SITE_Industrial,13414781.0,openaq_exact,,
2025-12-06,102.70582076390583,20,SITE_Industrial,13414781.0,openaq_exact,,
2025-12-08,91.95430000067898,19,SITE_Industrial,13414781.0,openaq_exact,,
2025-12-09,162.4690491082012,23,SITE_Industrial,13414781.0,openaq_exact,,
2025-12-10,82.55496750276434,19,SITE_Industrial,13414781.0,openaq_exact,,
2025-12-11,73.12495605327466,24,SITE_Industrial,13414781.0,openaq_exact,,
2025-12-12,64.47590335364696,24,SITE_Industrial,13414781.0,openaq_exact,,
2025-12-13,58.67670471696129,19,SITE_Industrial,13414781.0,openaq_exact,,
2025-12-15,107.06449704613348,20,SITE_Industrial,13414781.0,openaq_exact,,
2025-12-16,90.49047165358508,24,SITE_Industrial,13414781.0,openaq_exact,,
2025-12-17,103.22901634271594,23,SITE_Industrial,13414781.0,openaq_exact,,
2025-12-18,143.13261533144748,24,SITE_Industrial,13414781.0,openaq_exact,,
2025-12-19,134.90434555212656,24,SITE_Industrial,13414781.0,openaq_exact,,
2025-12-20,178.4821118019245,24,SITE_Industrial,13414781.0,openaq_exact,,
2025-12-21,127.93783105759394,14,SITE_Industrial,13414781.0,openaq_exact,,
2025-12-22,100.63924019525922,21,SITE_Industrial,13414781.0,openaq_exact,,
2025-12-23,91.18679167429606,24,SITE_Industrial,13414781.0,openaq_exact,,
2025-12-24,111.99985238975948,24,SITE_Industrial,13414781.0,openaq_exact,,
2025-12-25,122.2808681541019,24,SITE_Industrial,13414781.0,openaq_exact,,
2025-12-26,103.04216339162706,24,SITE_Industrial,13414781.0,openaq_exact,,
2025-12-27,136.57554664354933,18,SITE_Industrial,13414781.0,openaq_exact,,
2025-12-28,130.4816294969916,13,SITE_Industrial,13414781.0,openaq_exact,,
2025-12-29,166.26676424986587,24,SITE_Industrial,13414781.0,openaq_exact,,
2025-12-30,117.96854167143503,20,SITE_Industrial,13414781.0,openaq_exact,,
2025-12-31,70.39242885642581,24,SITE_Industrial,13414781.0,openaq_exact,,
2026-01-01,99.3288526473222,24,SITE_Industrial,13414781.0,openaq_exact,,
2026-01-02,99.90372632874384,24,SITE_Industrial,13414781.0,openaq_exact,,
2026-01-03,139.1897690905465,24,SITE_Industrial,13414781.0,openaq_exact,,
2026-01-04,161.19413209054983,17,SITE_Industrial,13414781.0,openaq_exact,,
2026-01-05,106.51234497670777,24,SITE_Industrial,13414781.0,openaq_exact,,
2026-01-06,83.32769442664252,24,SITE_Industrial,13414781.0,openaq_exact,,
2026-01-07,72.2063327992404,24,SITE_Industrial,13414781.0,openaq_exact,,
2026-01-08,53.743324326423895,23,SITE_Industrial,13414781.0,openaq_exact,,
2026-01-09,70.75199418112084,24,SITE_Industrial,13414781.0,openaq_exact,,
2026-01-10,85.6408817593487,23,SITE_Industrial,13414781.0,openaq_exact,,
2026-01-11,85.17887780432608,17,SITE_Industrial,13414781.0,openaq_exact,,
2026-01-12,155.21177491611903,24,SITE_Industrial,13414781.0,openaq_exact,,
2026-01-13,140.2879588400876,24,SITE_Industrial,13414781.0,openaq_exact,,
2026-01-14,179.8332116925275,15,SITE_Industrial,13414781.0,openaq_exact,,
2026-01-15,125.47051422273071,14,SITE_Industrial,13414781.0,openaq_exact,,
2026-01-16,79.48856796040461,11,SITE_Industrial,13414781.0,openaq_exact,,
2026-01-17,60.53091920634311,6,SITE_Industrial,13414781.0,openaq_exact,,
2026-01-18,88.99014869972511,3,SITE_Industrial,13414781.0,openaq_exact,,
2026-01-19,98.85115605926516,5,SITE_Industrial,13414781.0,openaq_exact,,
2026-02-13,41.64402503077189,5,SITE_Industrial,13414781.0,openaq_exact,,
2026-02-16,39.51284930516803,3,SITE_Industrial,13414781.0,openaq_exact,,
2019-05-22,39.93333333333333,3,Saddar,23747.0,openaq_exact,,
2019-05-23,39.4875,24,Saddar,23747.0,openaq_exact,,
2019-05-24,50.68333333333334,24,Saddar,23747.0,openaq_exact,,
2019-05-25,48.1,24,Saddar,23747.0,openaq_exact,,
2019-05-26,38.00833333333333,24,Saddar,23747.0,openaq_exact,,
2019-05-27,31.6875,24,Saddar,23747.0,openaq_exact,,
2019-05-28,26.479166666666668,24,Saddar,23747.0,openaq_exact,,
2019-05-29,24.566666666666663,24,Saddar,23747.0,openaq_exact,,
2019-05-30,31.4125,24,Saddar,23747.0,openaq_exact,,
2019-05-31,33.05416666666667,24,Saddar,23747.0,openaq_exact,,
2019-06-01,22.641666666666666,24,Saddar,23747.0,openaq_exact,,
2019-06-02,21.641666666666666,24,Saddar,23747.0,openaq_exact,,
2019-06-03,19.5375,24,Saddar,23747.0,openaq_exact,,
2019-06-04,18.77083333333333,24,Saddar,23747.0,openaq_exact,,
2019-06-05,17.166666666666668,24,Saddar,23747.0,openaq_exact,,
2019-06-06,18.716666666666665,24,Saddar,23747.0,openaq_exact,,
2019-06-07,17.45,24,Saddar,23747.0,openaq_exact,,
2019-06-08,17.933333333333334,24,Saddar,23747.0,openaq_exact,,
2019-06-09,17.14166666666667,24,Saddar,23747.0,openaq_exact,,
2019-06-10,21.379166666666663,24,Saddar,23747.0,openaq_exact,,
2019-06-11,25.72083333333333,24,Saddar,23747.0,openaq_exact,,
2019-06-13,56.72727272727273,22,Saddar,23747.0,openaq_exact,,
2019-06-14,36.03333333333334,21,Saddar,23747.0,openaq_exact,,
2019-06-15,31.58636363636364,22,Saddar,23747.0,openaq_exact,,
2019-06-16,28.761111111111116,18,Saddar,23747.0,openaq_exact,,
2019-06-17,20.89444444444445,18,Saddar,23747.0,openaq_exact,,
2019-06-18,32.32608695652174,23,Saddar,23747.0,openaq_exact,,
2019-06-19,34.009523809523806,21,Saddar,23747.0,openaq_exact,,
2019-06-20,30.620833333333334,24,Saddar,23747.0,openaq_exact,,
2019-06-21,40.02916666666666,24,Saddar,23747.0,openaq_exact,,
2019-06-22,48.59444444444444,18,Saddar,23747.0,openaq_exact,,
2019-06-23,43.083333333333336,24,Saddar,23747.0,openaq_exact,,
2019-06-24,39.24166666666667,24,Saddar,23747.0,openaq_exact,,
2019-06-25,31.92083333333333,24,Saddar,23747.0,openaq_exact,,
2019-06-26,25.25333333333333,15,Saddar,23747.0,openaq_exact,,
2019-06-27,26.49285714285714,14,Saddar,23747.0,openaq_exact,,
2019-06-28,29.941666666666663,24,Saddar,23747.0,openaq_exact,,
2019-06-29,31.63181818181818,22,Saddar,23747.0,openaq_exact,,
2019-06-30,31.2125,24,Saddar,23747.0,openaq_exact,,
2019-07-01,31.07083333333333,24,Saddar,23747.0,openaq_exact,,
2019-07-02,32.82,15,Saddar,23747.0,openaq_exact,,
2019-07-03,31.2125,24,Saddar,23747.0,openaq_exact,,
2019-07-04,31.84583333333333,24,Saddar,23747.0,openaq_exact,,
2019-07-05,34.7625,24,Saddar,23747.0,openaq_exact,,
2019-07-06,36.35263157894737,19,Saddar,23747.0,openaq_exact,,
2019-07-07,35.9875,24,Saddar,23747.0,openaq_exact,,
2019-07-08,40.37083333333333,24,Saddar,23747.0,openaq_exact,,
2019-07-09,40.40416666666667,24,Saddar,23747.0,openaq_exact,,
2019-07-10,31.829166666666666,24,Saddar,23747.0,openaq_exact,,
2019-07-11,35.03529411764706,17,Saddar,23747.0,openaq_exact,,
2019-07-13,30.37857142857143,14,Saddar,23747.0,openaq_exact,,
2019-07-14,26.646153846153844,13,Saddar,23747.0,openaq_exact,,
2019-07-15,113.93636363636364,11,Saddar,23747.0,openaq_exact,,
2019-07-16,36.56363636363636,22,Saddar,23747.0,openaq_exact,,
2019-07-17,31.35384615384616,13,Saddar,23747.0,openaq_exact,,
2019-07-18,28.8875,16,Saddar,23747.0,openaq_exact,,
2019-07-19,28.511111111111116,18,Saddar,23747.0,openaq_exact,,
2019-07-20,30.115789473684213,19,Saddar,23747.0,openaq_exact,,
2019-07-21,25.9,24,Saddar,23747.0,openaq_exact,,
2019-07-22,28.92083333333333,24,Saddar,23747.0,openaq_exact,,
2019-07-23,24.491666666666664,24,Saddar,23747.0,openaq_exact,,
2019-07-24,23.120833333333334,24,Saddar,23747.0,openaq_exact,,
2019-07-25,29.07083333333333,24,Saddar,23747.0,openaq_exact,,
2019-07-26,35.4375,24,Saddar,23747.0,openaq_exact,,
2019-07-27,30.308333333333334,24,Saddar,23747.0,openaq_exact,,
2019-07-28,25.7875,24,Saddar,23747.0,openaq_exact,,
2019-07-29,21.22083333333333,24,Saddar,23747.0,openaq_exact,,
2019-07-30,22.929166666666664,24,Saddar,23747.0,openaq_exact,,
2019-07-31,25.866666666666664,24,Saddar,23747.0,openaq_exact,,
2019-08-01,30.00869565217391,23,Saddar,23747.0,openaq_exact,,
2019-08-02,30.35,24,Saddar,23747.0,openaq_exact,,
2019-08-03,29.07083333333333,24,Saddar,23747.0,openaq_exact,,
2019-08-04,29.0625,24,Saddar,23747.0,openaq_exact,,
2019-08-05,30.925,24,Saddar,23747.0,openaq_exact,,
2019-08-06,33.645833333333336,24,Saddar,23747.0,openaq_exact,,
2019-08-07,38.60416666666666,24,Saddar,23747.0,openaq_exact,,
2019-08-08,41.891666666666666,24,Saddar,23747.0,openaq_exact,,
2019-08-09,43.22083333333333,24,Saddar,23747.0,openaq_exact,,
2019-08-10,32.81428571428572,21,Saddar,23747.0,openaq_exact,,
2019-08-12,20.995833333333334,24,Saddar,23747.0,openaq_exact,,
2019-08-13,21.816666666666663,24,Saddar,23747.0,openaq_exact,,
2019-08-14,12.008333333333333,24,Saddar,23747.0,openaq_exact,,
2019-08-15,16.716666666666665,24,Saddar,23747.0,openaq_exact,,
2019-08-16,17.10833333333333,24,Saddar,23747.0,openaq_exact,,
2019-08-17,16.662499999999998,24,Saddar,23747.0,openaq_exact,,
2019-08-18,15.3125,24,Saddar,23747.0,openaq_exact,,
2019-08-19,19.7,24,Saddar,23747.0,openaq_exact,,
2019-08-20,20.479166666666668,24,Saddar,23747.0,openaq_exact,,
2019-08-21,21.92083333333333,24,Saddar,23747.0,openaq_exact,,
2019-08-22,21.729166666666668,24,Saddar,23747.0,openaq_exact,,
2019-08-23,25.379166666666663,24,Saddar,23747.0,openaq_exact,,
2019-08-24,27.04583333333333,24,Saddar,23747.0,openaq_exact,,
2019-08-25,28.913636363636364,22,Saddar,23747.0,openaq_exact,,
2019-08-26,29.875,24,Saddar,23747.0,openaq_exact,,
2019-08-27,29.266666666666666,24,Saddar,23747.0,openaq_exact,,
2019-08-28,28.679166666666664,24,Saddar,23747.0,openaq_exact,,
2019-08-29,34.8125,24,Saddar,23747.0,openaq_exact,,
2019-08-30,49.49166666666667,24,Saddar,23747.0,openaq_exact,,
2019-08-31,33.329166666666666,24,Saddar,23747.0,openaq_exact,,
2019-09-01,23.316666666666663,24,Saddar,23747.0,openaq_exact,,
2019-09-02,27.375,24,Saddar,23747.0,openaq_exact,,
2019-09-03,25.666666666666668,24,Saddar,23747.0,openaq_exact,,
2019-09-04,24.6625,24,Saddar,23747.0,openaq_exact,,
2019-09-05,26.854166666666668,24,Saddar,23747.0,openaq_exact,,
2019-09-06,29.03333333333333,24,Saddar,23747.0,openaq_exact,,
2019-09-07,29.17083333333333,24,Saddar,23747.0,openaq_exact,,
2019-09-08,28.316666666666663,24,Saddar,23747.0,openaq_exact,,
2019-09-09,24.066666666666663,18,Saddar,23747.0,openaq_exact,,
2019-09-11,30.0875,24,Saddar,23747.0,openaq_exact,,
2019-09-12,26.1,24,Saddar,23747.0,openaq_exact,,
2019-09-13,23.95833333333333,24,Saddar,23747.0,openaq_exact,,
2019-09-14,21.843478260869563,23,Saddar,23747.0,openaq_exact,,
2019-09-15,20.26086956521739,23,Saddar,23747.0,openaq_exact,,
2019-09-16,20.991666666666667,24,Saddar,23747.0,openaq_exact,,
2019-09-17,27.495833333333334,24,Saddar,23747.0,openaq_exact,,
2019-09-18,34.958333333333336,24,Saddar,23747.0,openaq_exact,,
2019-09-19,33.96521739130435,23,Saddar,23747.0,openaq_exact,,
2019-09-20,35.28333333333333,24,Saddar,23747.0,openaq_exact,,
2019-09-21,56.82916666666667,24,Saddar,23747.0,openaq_exact,,
2019-09-22,81.425,24,Saddar,23747.0,openaq_exact,,
2019-09-23,36.65833333333333,24,Saddar,23747.0,openaq_exact,,
2019-09-24,24.558333333333334,24,Saddar,23747.0,openaq_exact,,
2019-09-25,36.24166666666667,24,Saddar,23747.0,openaq_exact,,
2019-09-26,82.3125,24,Saddar,23747.0,openaq_exact,,
2019-09-27,64.3,24,Saddar,23747.0,openaq_exact,,
2019-09-28,46.79583333333333,24,Saddar,23747.0,openaq_exact,,
2019-09-29,26.96666666666667,24,Saddar,23747.0,openaq_exact,,
2019-09-30,26.1,24,Saddar,23747.0,openaq_exact,,
2019-10-01,17.675,24,Saddar,23747.0,openaq_exact,,
2019-10-02,20.6375,24,Saddar,23747.0,openaq_exact,,
2019-10-03,22.941666666666663,24,Saddar,23747.0,openaq_exact,,
2019-10-04,29.04583333333333,24,Saddar,23747.0,openaq_exact,,
2019-10-05,27.77916666666667,24,Saddar,23747.0,openaq_exact,,
2019-10-06,24.425,24,Saddar,23747.0,openaq_exact,,
2019-10-07,32.88333333333333,24,Saddar,23747.0,openaq_exact,,
2019-10-08,42.90416666666667,24,Saddar,23747.0,openaq_exact,,
2019-10-09,35.74666666666667,15,Saddar,23747.0,openaq_exact,,
2019-10-12,35.372727272727275,22,Saddar,23747.0,openaq_exact,,
2019-10-13,36.266666666666666,24,Saddar,23747.0,openaq_exact,,
2019-10-14,33.208333333333336,24,Saddar,23747.0,openaq_exact,,
2019-10-15,34.78260869565217,23,Saddar,23747.0,openaq_exact,,
2019-10-16,49.24583333333334,24,Saddar,23747.0,openaq_exact,,
2019-10-17,36.37916666666667,24,Saddar,23747.0,openaq_exact,,
2019-10-18,49.275,24,Saddar,23747.0,openaq_exact,,
2019-10-19,74.42916666666666,24,Saddar,23747.0,openaq_exact,,
2019-10-20,80.85833333333333,24,Saddar,23747.0,openaq_exact,,
2019-10-21,77.44166666666666,24,Saddar,23747.0,openaq_exact,,
2019-10-22,68.56666666666666,24,Saddar,23747.0,openaq_exact,,
2019-10-23,36.70909090909091,22,Saddar,23747.0,openaq_exact,,
2019-10-24,76.0,24,Saddar,23747.0,openaq_exact,,
2019-10-25,103.73333333333332,24,Saddar,23747.0,openaq_exact,,
2019-10-26,71.2375,24,Saddar,23747.0,openaq_exact,,
2019-10-27,73.30833333333334,24,Saddar,23747.0,openaq_exact,,
2019-10-28,55.59166666666667,24,Saddar,23747.0,openaq_exact,,
2019-10-29,63.3125,24,Saddar,23747.0,openaq_exact,,
2019-10-30,41.02916666666667,24,Saddar,23747.0,openaq_exact,,
2019-10-31,31.6125,24,Saddar,23747.0,openaq_exact,,
2019-11-01,57.525,24,Saddar,23747.0,openaq_exact,,
2019-11-02,33.94583333333333,24,Saddar,23747.0,openaq_exact,,
2019-11-03,37.2875,24,Saddar,23747.0,openaq_exact,,
2019-11-04,43.74583333333334,24,Saddar,23747.0,openaq_exact,,
2019-11-05,55.81666666666666,24,Saddar,23747.0,openaq_exact,,
2019-11-06,34.32,5,Saddar,23747.0,openaq_exact,,
2019-11-11,81.53846153846153,13,Saddar,23747.0,openaq_exact,,
2019-11-12,93.3375,24,Saddar,23747.0,openaq_exact,,
2019-11-13,69.94166666666666,24,Saddar,23747.0,openaq_exact,,
2019-11-14,92.68333333333334,6,Saddar,23747.0,openaq_exact,,
2019-11-19,77.35454545454546,22,Saddar,23747.0,openaq_exact,,
2019-11-20,37.69583333333333,24,Saddar,23747.0,openaq_exact,,
2019-11-21,55.06666666666666,24,Saddar,23747.0,openaq_exact,,
2019-11-22,104.95,24,Saddar,23747.0,openaq_exact,,
2019-11-23,96.89583333333331,24,Saddar,23747.0,openaq_exact,,
2019-11-24,68.41666666666667,24,Saddar,23747.0,openaq_exact,,
2019-11-25,58.3625,24,Saddar,23747.0,openaq_exact,,
2019-11-26,54.62083333333334,24,Saddar,23747.0,openaq_exact,,
2019-11-27,80.41666666666667,24,Saddar,23747.0,openaq_exact,,
2019-11-28,63.17083333333333,24,Saddar,23747.0,openaq_exact,,
2019-11-29,70.1125,24,Saddar,23747.0,openaq_exact,,
2019-11-30,78.47500000000001,24,Saddar,23747.0,openaq_exact,,
2019-12-01,66.61666666666666,24,Saddar,23747.0,openaq_exact,,
2019-12-02,67.64583333333333,24,Saddar,23747.0,openaq_exact,,
2019-12-03,56.647619047619045,21,Saddar,23747.0,openaq_exact,,
2019-12-04,51.6375,24,Saddar,23747.0,openaq_exact,,
2019-12-05,50.15238095238095,21,Saddar,23747.0,openaq_exact,,
2019-12-06,54.54583333333333,24,Saddar,23747.0,openaq_exact,,
2019-12-07,64.025,24,Saddar,23747.0,openaq_exact,,
2019-12-08,77.625,24,Saddar,23747.0,openaq_exact,,
2019-12-10,78.8125,24,Saddar,23747.0,openaq_exact,,
2019-12-11,41.69166666666667,24,Saddar,23747.0,openaq_exact,,
2019-12-12,88.48333333333333,18,Saddar,23747.0,openaq_exact,,
2019-12-13,91.525,24,Saddar,23747.0,openaq_exact,,
2019-12-14,85.87916666666666,24,Saddar,23747.0,openaq_exact,,
2019-12-15,70.81666666666668,24,Saddar,23747.0,openaq_exact,,
2019-12-16,81.39166666666667,24,Saddar,23747.0,openaq_exact,,
2019-12-17,48.3,24,Saddar,23747.0,openaq_exact,,
2019-12-18,92.2625,24,Saddar,23747.0,openaq_exact,,
2019-12-19,79.96666666666667,24,Saddar,23747.0,openaq_exact,,
2019-12-20,109.05833333333334,24,Saddar,23747.0,openaq_exact,,
2019-12-21,55.02941176470589,17,Saddar,23747.0,openaq_exact,,
2019-12-22,66.75833333333334,24,Saddar,23747.0,openaq_exact,,
2019-12-23,75.50833333333334,24,Saddar,23747.0,openaq_exact,,
2019-12-24,70.26666666666667,24,Saddar,23747.0,openaq_exact,,
2019-12-25,72.55416666666666,24,Saddar,23747.0,openaq_exact,,
2019-12-26,135.33333333333334,24,Saddar,23747.0,openaq_exact,,
2019-12-27,148.83333333333334,24,Saddar,23747.0,openaq_exact,,
2019-12-28,115.61666666666667,24,Saddar,23747.0,openaq_exact,,
2019-12-29,101.57083333333333,24,Saddar,23747.0,openaq_exact,,
2019-12-30,134.92083333333332,24,Saddar,23747.0,openaq_exact,,
2019-12-31,118.20833333333331,24,Saddar,23747.0,openaq_exact,,
2020-01-01,96.3875,24,Saddar,23747.0,openaq_exact,,
2020-01-02,66.08333333333333,24,Saddar,23747.0,openaq_exact,,
2020-01-03,143.61666666666667,24,Saddar,23747.0,openaq_exact,,
2020-01-04,115.23333333333332,24,Saddar,23747.0,openaq_exact,,
2020-01-05,87.2375,24,Saddar,23747.0,openaq_exact,,
2020-01-06,124.01666666666668,24,Saddar,23747.0,openaq_exact,,
2020-01-07,59.895833333333336,24,Saddar,23747.0,openaq_exact,,
2020-01-09,53.825,24,Saddar,23747.0,openaq_exact,,
2020-01-10,39.1875,24,Saddar,23747.0,openaq_exact,,
2020-01-11,56.958333333333336,24,Saddar,23747.0,openaq_exact,,
2020-01-12,37.69166666666667,24,Saddar,23747.0,openaq_exact,,
2020-01-13,49.6625,24,Saddar,23747.0,openaq_exact,,
2020-01-14,52.81666666666666,24,Saddar,23747.0,openaq_exact,,
2020-01-15,37.91666666666666,24,Saddar,23747.0,openaq_exact,,
2020-01-16,74.67083333333333,24,Saddar,23747.0,openaq_exact,,
2020-01-17,96.9695652173913,23,Saddar,23747.0,openaq_exact,,
2020-01-18,93.80833333333334,24,Saddar,23747.0,openaq_exact,,
2020-01-19,65.23333333333333,24,Saddar,23747.0,openaq_exact,,
2020-01-20,95.01666666666668,24,Saddar,23747.0,openaq_exact,,
2020-01-21,93.8625,24,Saddar,23747.0,openaq_exact,,
2020-01-22,89.40416666666665,24,Saddar,23747.0,openaq_exact,,
2020-01-23,70.86666666666666,24,Saddar,23747.0,openaq_exact,,
2020-01-24,72.92916666666666,24,Saddar,23747.0,openaq_exact,,
2020-01-25,75.4875,24,Saddar,23747.0,openaq_exact,,
2020-01-26,51.30416666666667,24,Saddar,23747.0,openaq_exact,,
2020-01-27,38.4875,24,Saddar,23747.0,openaq_exact,,
2020-01-28,43.208333333333336,24,Saddar,23747.0,openaq_exact,,
2020-01-29,68.70833333333333,24,Saddar,23747.0,openaq_exact,,
2020-01-30,62.69583333333333,24,Saddar,23747.0,openaq_exact,,
2020-01-31,91.83333333333331,24,Saddar,23747.0,openaq_exact,,
2020-02-01,76.7375,24,Saddar,23747.0,openaq_exact,,
2020-02-02,77.02916666666667,24,Saddar,23747.0,openaq_exact,,
2020-02-03,60.12916666666666,24,Saddar,23747.0,openaq_exact,,
2020-02-04,49.575,24,Saddar,23747.0,openaq_exact,,
2020-02-05,63.94583333333333,24,Saddar,23747.0,openaq_exact,,
2020-02-06,89.64166666666667,24,Saddar,23747.0,openaq_exact,,
2020-02-08,86.3875,24,Saddar,23747.0,openaq_exact,,
2020-02-09,82.85833333333333,24,Saddar,23747.0,openaq_exact,,
2020-02-10,110.75416666666666,24,Saddar,23747.0,openaq_exact,,
2020-02-11,66.52499999999999,24,Saddar,23747.0,openaq_exact,,
2020-02-12,78.7,24,Saddar,23747.0,openaq_exact,,
2020-02-13,92.2,24,Saddar,23747.0,openaq_exact,,
2020-02-14,98.17083333333332,24,Saddar,23747.0,openaq_exact,,
2020-02-15,65.64999999999999,24,Saddar,23747.0,openaq_exact,,
2020-02-16,137.44166666666666,24,Saddar,23747.0,openaq_exact,,
2020-02-17,122.88333333333333,24,Saddar,23747.0,openaq_exact,,
2020-02-18,86.07916666666667,24,Saddar,23747.0,openaq_exact,,
2020-02-19,36.90833333333333,24,Saddar,23747.0,openaq_exact,,
2020-02-20,89.46249999999999,24,Saddar,23747.0,openaq_exact,,
2020-02-21,45.3375,24,Saddar,23747.0,openaq_exact,,
2020-02-22,67.35833333333333,24,Saddar,23747.0,openaq_exact,,
2020-02-23,60.20416666666667,24,Saddar,23747.0,openaq_exact,,
2020-02-24,72.19166666666666,24,Saddar,23747.0,openaq_exact,,
2020-02-25,36.975,24,Saddar,23747.0,openaq_exact,,
2020-02-26,41.80833333333333,24,Saddar,23747.0,openaq_exact,,
2020-02-27,38.55,24,Saddar,23747.0,openaq_exact,,
2020-02-28,40.82083333333333,24,Saddar,23747.0,openaq_exact,,
2020-02-29,89.97500000000001,24,Saddar,23747.0,openaq_exact,,
2020-03-01,71.13333333333334,24,Saddar,23747.0,openaq_exact,,
2020-03-02,68.50833333333334,24,Saddar,23747.0,openaq_exact,,
2020-03-03,44.28181818181818,22,Saddar,23747.0,openaq_exact,,
2020-03-04,30.6625,24,Saddar,23747.0,openaq_exact,,
2020-03-05,48.145833333333336,24,Saddar,23747.0,openaq_exact,,
2020-03-06,57.65,24,Saddar,23747.0,openaq_exact,,
2020-03-07,55.67916666666667,24,Saddar,23747.0,openaq_exact,,
2020-03-09,38.7125,24,Saddar,23747.0,openaq_exact,,
2020-03-10,37.44583333333333,24,Saddar,23747.0,openaq_exact,,
2020-03-11,46.91666666666666,24,Saddar,23747.0,openaq_exact,,
2020-03-12,81.31666666666666,12,Saddar,23747.0,openaq_exact,,
2020-03-13,81.15416666666667,24,Saddar,23747.0,openaq_exact,,
2020-03-14,81.46521739130435,23,Saddar,23747.0,openaq_exact,,
2020-03-15,68.56666666666666,24,Saddar,23747.0,openaq_exact,,
2020-03-16,52.36818181818182,22,Saddar,23747.0,openaq_exact,,
2020-03-17,71.70434782608696,23,Saddar,23747.0,openaq_exact,,
2020-03-18,68.64583333333333,24,Saddar,23747.0,openaq_exact,,
2020-03-19,27.93684210526316,19,Saddar,23747.0,openaq_exact,,
2020-03-20,26.579166666666666,24,Saddar,23747.0,openaq_exact,,
2020-03-21,19.85833333333333,24,Saddar,23747.0,openaq_exact,,
2020-03-22,18.9875,8,Saddar,23747.0,openaq_exact,,
2021-04-29,9.553,7,US_Consulate_Karachi,1303651.0,openaq_us_consulate,,
2021-04-30,4.272352941176471,17,US_Consulate_Karachi,1303651.0,openaq_us_consulate,,
2021-05-01,5.2045,10,US_Consulate_Karachi,1303651.0,openaq_us_consulate,,
2021-05-03,11.192882352941176,17,US_Consulate_Karachi,1303651.0,openaq_us_consulate,,
2021-05-04,14.143571428571429,7,US_Consulate_Karachi,1303651.0,openaq_us_consulate,,
2021-05-05,19.8206,20,US_Consulate_Karachi,1303651.0,openaq_us_consulate,,
2021-05-06,26.02636842105263,19,US_Consulate_Karachi,1303651.0,openaq_us_consulate,,
2021-05-07,24.75395,20,US_Consulate_Karachi,1303651.0,openaq_us_consulate,,
2021-05-08,16.437649999999998,20,US_Consulate_Karachi,1303651.0,openaq_us_consulate,,
2021-05-10,9.748615384615384,13,US_Consulate_Karachi,1303651.0,openaq_us_consulate,,
2021-05-12,17.550846153846155,13,US_Consulate_Karachi,1303651.0,openaq_us_consulate,,
2021-05-13,16.810769230769232,13,US_Consulate_Karachi,1303651.0,openaq_us_consulate,,
2021-05-14,50.34028571428571,7,US_Consulate_Karachi,1303651.0,openaq_us_consulate,,
2021-05-15,37.35275,20,US_Consulate_Karachi,1303651.0,openaq_us_consulate,,
2021-05-16,20.700333333333333,15,US_Consulate_Karachi,1303651.0,openaq_us_consulate,,
2021-05-18,8.001454545454546,11,US_Consulate_Karachi,1303651.0,openaq_us_consulate,,
2021-05-19,34.153,12,US_Consulate_Karachi,1303651.0,openaq_us_consulate,,
2021-05-20,27.81361904761905,21,US_Consulate_Karachi,1303651.0,openaq_us_consulate,,
2021-05-21,10.806833333333335,6,US_Consulate_Karachi,1303651.0,openaq_us_consulate,,
2021-05-22,9.264928571428571,14,US_Consulate_Karachi,1303651.0,openaq_us_consulate,,
2021-05-25,64.41985714285714,7,US_Consulate_Karachi,1303651.0,openaq_us_consulate,,
2021-05-27,78.78325,4,US_Consulate_Karachi,1303651.0,openaq_us_consulate,,
2021-05-28,22.479,16,US_Consulate_Karachi,1303651.0,openaq_us_consulate,,
2021-05-29,12.606444444444444,9,US_Consulate_Karachi,1303651.0,openaq_us_consulate,,
2021-05-31,11.195285714285712,7,US_Consulate_Karachi,1303651.0,openaq_us_consulate,,
2021-06-02,7.088307692307692,13,US_Consulate_Karachi,1303651.0,openaq_us_consulate,,
2021-06-03,6.307631578947368,19,US_Consulate_Karachi,1303651.0,openaq_us_consulate,,
2021-06-04,14.003333333333332,6,US_Consulate_Karachi,1303651.0,openaq_us_consulate,,
2021-06-05,11.7266875,16,US_Consulate_Karachi,1303651.0,openaq_us_consulate,,
2021-06-06,10.591307692307693,13,US_Consulate_Karachi,1303651.0,openaq_us_consulate,,
2021-06-07,12.078588235294118,17,US_Consulate_Karachi,1303651.0,openaq_us_consulate,,
2021-06-08,23.962666666666667,12,US_Consulate_Karachi,1303651.0,openaq_us_consulate,,
2021-06-10,19.634,9,US_Consulate_Karachi,1303651.0,openaq_us_consulate,,
2021-06-11,27.37511111111111,9,US_Consulate_Karachi,1303651.0,openaq_us_consulate,,
2021-06-12,34.580000000000005,18,US_Consulate_Karachi,1303651.0,openaq_us_consulate,,
2021-06-13,45.96194444444444,18,US_Consulate_Karachi,1303651.0,openaq_us_consulate,,
2021-06-14,30.63455,20,US_Consulate_Karachi,1303651.0,openaq_us_consulate,,
2021-06-15,48.18592857142857,14,US_Consulate_Karachi,1303651.0,openaq_us_consulate,,
2021-06-17,21.36916666666667,6,US_Consulate_Karachi,1303651.0,openaq_us_consulate,,
2021-06-18,19.068,4,US_Consulate_Karachi,1303651.0,openaq_us_consulate,,
2021-06-19,12.739526315789472,19,US_Consulate_Karachi,1303651.0,openaq_us_consulate,,
2021-06-20,26.37261904761905,21,US_Consulate_Karachi,1303651.0,openaq_us_consulate,,
2021-06-21,40.24036842105263,19,US_Consulate_Karachi,1303651.0,openaq_us_consulate,,
2021-06-22,43.19716666666667,18,US_Consulate_Karachi,1303651.0,openaq_us_consulate,,
2021-06-23,60.047421052631584,19,US_Consulate_Karachi,1303651.0,openaq_us_consulate,,
2021-06-24,30.263625,16,US_Consulate_Karachi,1303651.0,openaq_us_consulate,,
2021-06-25,55.333,6,US_Consulate_Karachi,1303651.0,openaq_us_consulate,,
2021-06-26,38.69545,20,US_Consulate_Karachi,1303651.0,openaq_us_consulate,,
2021-06-27,16.87452941176471,17,US_Consulate_Karachi,1303651.0,openaq_us_consulate,,
2021-06-28,37.03370588235294,17,US_Consulate_Karachi,1303651.0,openaq_us_consulate,,
2021-06-29,22.040846153846157,13,US_Consulate_Karachi,1303651.0,openaq_us_consulate,,
2021-06-30,43.595,3,US_Consulate_Karachi,1303651.0,openaq_us_consulate,,
2021-07-02,31.21635714285714,14,US_Consulate_Karachi,1303651.0,openaq_us_consulate,,
2021-07-03,65.84636842105265,19,US_Consulate_Karachi,1303651.0,openaq_us_consulate,,
2021-07-04,13.330058823529413,17,US_Consulate_Karachi,1303651.0,openaq_us_consulate,,
2021-07-05,25.182411764705883,17,US_Consulate_Karachi,1303651.0,openaq_us_consulate,,
2021-07-06,16.458294117647057,17,US_Consulate_Karachi,1303651.0,openaq_us_consulate,,
2021-07-07,35.41433333333333,3,US_Consulate_Karachi,1303651.0,openaq_us_consulate,,
2021-07-08,41.23741666666667,12,US_Consulate_Karachi,1303651.0,openaq_us_consulate,,
2021-07-09,32.8929375,16,US_Consulate_Karachi,1303651.0,openaq_us_consulate,,
2021-07-12,96.94666666666669,3,US_Consulate_Karachi,1303651.0,openaq_us_consulate,,
2021-07-13,27.350809523809524,21,US_Consulate_Karachi,1303651.0,openaq_us_consulate,,
2021-07-14,55.84338095238096,21,US_Consulate_Karachi,1303651.0,openaq_us_consulate,,
2021-07-15,41.54683333333333,6,US_Consulate_Karachi,1303651.0,openaq_us_consulate,,
2021-07-16,89.7822,5,US_Consulate_Karachi,1303651.0,openaq_us_consulate,,
2021-07-17,139.89566666666667,9,US_Consulate_Karachi,1303651.0,openaq_us_consulate,,
2021-07-18,43.258,17,US_Consulate_Karachi,1303651.0,openaq_us_consulate,,
2021-07-19,53.42113333333334,15,US_Consulate_Karachi,1303651.0,openaq_us_consulate,,
2021-07-20,128.6974117647059,17,US_Consulate_Karachi,1303651.0,openaq_us_consulate,,
2021-07-21,53.4615,4,US_Consulate_Karachi,1303651.0,openaq_us_consulate,,
2021-07-22,45.78275,16,US_Consulate_Karachi,1303651.0,openaq_us_consulate,,
2021-07-23,17.720823529411767,17,US_Consulate_Karachi,1303651.0,openaq_us_consulate,,
2021-07-24,21.642933333333332,15,US_Consulate_Karachi,1303651.0,openaq_us_consulate,,
2021-07-25,34.80757142857143,7,US_Consulate_Karachi,1303651.0,openaq_us_consulate,,
2021-08-03,24.69875,4,US_Consulate_Karachi,1303651.0,openaq_us_consulate,,
2021-08-04,56.89408333333333,12,US_Consulate_Karachi,1303651.0,openaq_us_consulate,,
2021-08-06,34.19415789473684,19,US_Consulate_Karachi,1303651.0,openaq_us_consulate,,
2021-08-07,23.47561904761905,21,US_Consulate_Karachi,1303651.0,openaq_us_consulate,,
2021-08-08,32.486875,8,US_Consulate_Karachi,1303651.0,openaq_us_consulate,,
2021-08-09,14.1695,6,US_Consulate_Karachi,1303651.0,openaq_us_consulate,,
2021-08-10,12.109304347826088,23,US_Consulate_Karachi,1303651.0,openaq_us_consulate,,
2021-08-11,29.067000000000004,22,US_Consulate_Karachi,1303651.0,openaq_us_consulate,,
2021-08-12,24.3958,20,US_Consulate_Karachi,1303651.0,openaq_us_consulate,,
2021-08-13,8.8135,12,US_Consulate_Karachi,1303651.0,openaq_us_consulate,,
2021-08-14,24.421043478260867,23,US_Consulate_Karachi,1303651.0,openaq_us_consulate,,
2021-08-15,17.859434782608695,23,US_Consulate_Karachi,1303651.0,openaq_us_consulate,,
2021-08-16,23.89977272727273,22,US_Consulate_Karachi,1303651.0,openaq_us_consulate,,
2021-08-17,19.944,22,US_Consulate_Karachi,1303651.0,openaq_us_consulate,,
2021-08-18,19.944,22,US_Consulate_Karachi,1303651.0,openaq_us_consulate,,
2021-08-19,19.944,7,US_Consulate_Karachi,1303651.0,openaq_us_consulate,,
2021-08-20,19.944,11,US_Consulate_Karachi,1303651.0,openaq_us_consulate,,
2021-08-21,19.944,23,US_Consulate_Karachi,1303651.0,openaq_us_consulate,,
2021-08-22,19.944,22,US_Consulate_Karachi,1303651.0,openaq_us_consulate,,
2021-08-23,19.944,19,US_Consulate_Karachi,1303651.0,openaq_us_consulate,,
2021-08-24,19.944,20,US_Consulate_Karachi,1303651.0,openaq_us_consulate,,
2021-08-25,19.944,23,US_Consulate_Karachi,1303651.0,openaq_us_consulate,,
2021-08-26,6.72861111111111,18,US_Consulate_Karachi,1303651.0,openaq_us_consulate,,
2021-08-27,0.0,23,US_Consulate_Karachi,1303651.0,openaq_us_consulate,,
2021-08-28,0.0,9,US_Consulate_Karachi,1303651.0,openaq_us_consulate,,
2021-09-01,0.0,12,US_Consulate_Karachi,1303651.0,openaq_us_consulate,,
2021-09-02,0.0,22,US_Consulate_Karachi,1303651.0,openaq_us_consulate,,
2021-09-03,0.0,22,US_Consulate_Karachi,1303651.0,openaq_us_consulate,,
2021-09-04,0.0,22,US_Consulate_Karachi,1303651.0,openaq_us_consulate,,
2021-09-05,0.0,23,US_Consulate_Karachi,1303651.0,openaq_us_consulate,,
2021-09-06,0.0,21,US_Consulate_Karachi,1303651.0,openaq_us_consulate,,
2021-09-09,9.753857142857145,14,US_Consulate_Karachi,1303651.0,openaq_us_consulate,,
2021-09-10,11.6533,10,US_Consulate_Karachi,1303651.0,openaq_us_consulate,,
2021-09-11,19.164571428571428,21,US_Consulate_Karachi,1303651.0,openaq_us_consulate,,
2021-09-12,33.752315789473684,19,US_Consulate_Karachi,1303651.0,openaq_us_consulate,,
2021-09-13,28.883,8,US_Consulate_Karachi,1303651.0,openaq_us_consulate,,
2021-10-19,6.388571428571429,14,US_Consulate_Karachi,1303651.0,openaq_us_consulate,,
2021-10-20,9.97455,20,US_Consulate_Karachi,1303651.0,openaq_us_consulate,,
2021-10-21,13.2877,20,US_Consulate_Karachi,1303651.0,openaq_us_consulate,,
2021-10-22,19.786578947368422,19,US_Consulate_Karachi,1303651.0,openaq_us_consulate,,
2021-10-23,16.8617,20,US_Consulate_Karachi,1303651.0,openaq_us_consulate,,
2021-10-24,9.353944444444444,18,US_Consulate_Karachi,1303651.0,openaq_us_consulate,,
2021-10-25,4.2452,10,US_Consulate_Karachi,1303651.0,openaq_us_consulate,,
2021-10-26,5.027923076923077,13,US_Consulate_Karachi,1303651.0,openaq_us_consulate,,
2021-10-27,6.622777777777777,18,US_Consulate_Karachi,1303651.0,openaq_us_consulate,,
2021-10-28,7.300833333333333,12,US_Consulate_Karachi,1303651.0,openaq_us_consulate,,
2021-10-30,8.407190476190475,21,US_Consulate_Karachi,1303651.0,openaq_us_consulate,,
2021-10-31,6.506809523809524,21,US_Consulate_Karachi,1303651.0,openaq_us_consulate,,
2021-11-01,8.669318181818182,22,US_Consulate_Karachi,1303651.0,openaq_us_consulate,,
2021-11-02,5.357260869565217,23,US_Consulate_Karachi,1303651.0,openaq_us_consulate,,
2021-11-03,4.592260869565218,23,US_Consulate_Karachi,1303651.0,openaq_us_consulate,,
2021-11-04,7.485608695652174,23,US_Consulate_Karachi,1303651.0,openaq_us_consulate,,
2021-11-05,7.872,18,US_Consulate_Karachi,1303651.0,openaq_us_consulate,,
2021-11-06,0.98275,16,US_Consulate_Karachi,1303651.0,openaq_us_consulate,,
2021-11-07,0.9421666666666666,18,US_Consulate_Karachi,1303651.0,openaq_us_consulate,,
2021-11-08,1.9536363636363636,11,US_Consulate_Karachi,1303651.0,openaq_us_consulate,,
2021-11-09,4.992666666666667,15,US_Consulate_Karachi,1303651.0,openaq_us_consulate,,
2021-11-10,6.833875,16,US_Consulate_Karachi,1303651.0,openaq_us_consulate,,
2021-11-11,3.7767857142857135,14,US_Consulate_Karachi,1303651.0,openaq_us_consulate,,
2021-11-12,1.6478095238095238,21,US_Consulate_Karachi,1303651.0,openaq_us_consulate,,
2021-11-13,5.9045,12,US_Consulate_Karachi,1303651.0,openaq_us_consulate,,
2021-11-14,5.29878947368421,19,US_Consulate_Karachi,1303651.0,openaq_us_consulate,,
2021-11-15,8.044631578947369,19,US_Consulate_Karachi,1303651.0,openaq_us_consulate,,
2021-11-16,4.550050000000001,20,US_Consulate_Karachi,1303651.0,openaq_us_consulate,,
2021-11-17,7.044428571428571,7,US_Consulate_Karachi,1303651.0,openaq_us_consulate,,
2021-11-18,7.676238095238095,21,US_Consulate_Karachi,1303651.0,openaq_us_consulate,,
2021-11-19,4.283476190476191,21,US_Consulate_Karachi,1303651.0,openaq_us_consulate,,
2021-11-20,5.305714285714286,21,US_Consulate_Karachi,1303651.0,openaq_us_consulate,,
2021-11-21,4.9506,20,US_Consulate_Karachi,1303651.0,openaq_us_consulate,,
2021-11-22,7.02505,20,US_Consulate_Karachi,1303651.0,openaq_us_consulate,,
2021-11-23,4.283739130434783,23,US_Consulate_Karachi,1303651.0,openaq_us_consulate,,
2021-11-24,4.443478260869566,23,US_Consulate_Karachi,1303651.0,openaq_us_consulate,,
2021-11-25,2.139409090909091,22,US_Consulate_Karachi,1303651.0,openaq_us_consulate,,
2021-11-26,2.5625,22,US_Consulate_Karachi,1303651.0,openaq_us_consulate,,
2021-11-27,3.569714285714286,21,US_Consulate_Karachi,1303651.0,openaq_us_consulate,,
2021-11-29,1.032,23,US_Consulate_Karachi,1303651.0,openaq_us_consulate,,
2021-11-30,1.2319130434782608,23,US_Consulate_Karachi,1303651.0,openaq_us_consulate,,
2021-12-01,0.7089565217391305,23,US_Consulate_Karachi,1303651.0,openaq_us_consulate,,
2021-12-02,0.863,23,US_Consulate_Karachi,1303651.0,openaq_us_consulate,,
2021-12-03,0.3924347826086956,23,US_Consulate_Karachi,1303651.0,openaq_us_consulate,,
2021-12-04,1.576318181818182,22,US_Consulate_Karachi,1303651.0,openaq_us_consulate,,
2021-12-05,1.0699,20,US_Consulate_Karachi,1303651.0,openaq_us_consulate,,
2021-12-06,0.5944545454545455,22,US_Consulate_Karachi,1303651.0,openaq_us_consulate,,
2021-12-07,0.5584210526315789,19,US_Consulate_Karachi,1303651.0,openaq_us_consulate,,
2021-12-08,1.1663,20,US_Consulate_Karachi,1303651.0,openaq_us_consulate,,
2021-12-09,1.0713333333333337,21,US_Consulate_Karachi,1303651.0,openaq_us_consulate,,
2021-12-10,2.610809523809524,21,US_Consulate_Karachi,1303651.0,openaq_us_consulate,,
2021-12-11,2.2230454545454545,22,US_Consulate_Karachi,1303651.0,openaq_us_consulate,,
2021-12-12,1.4115454545454544,22,US_Consulate_Karachi,1303651.0,openaq_us_consulate,,
2021-12-13,2.3635454545454544,22,US_Consulate_Karachi,1303651.0,openaq_us_consulate,,
2021-12-14,1.0560526315789474,19,US_Consulate_Karachi,1303651.0,openaq_us_consulate,,
2021-12-15,1.105,20,US_Consulate_Karachi,1303651.0,openaq_us_consulate,,
2021-12-16,0.7893809523809525,21,US_Consulate_Karachi,1303651.0,openaq_us_consulate,,
2021-12-17,0.719047619047619,21,US_Consulate_Karachi,1303651.0,openaq_us_consulate,,
2021-12-18,0.8142727272727274,22,US_Consulate_Karachi,1303651.0,openaq_us_consulate,,
2021-12-19,0.990095238095238,21,US_Consulate_Karachi,1303651.0,openaq_us_consulate,,
2021-12-20,1.606909090909091,22,US_Consulate_Karachi,1303651.0,openaq_us_consulate,,
2021-12-21,1.799,19,US_Consulate_Karachi,1303651.0,openaq_us_consulate,,
2021-12-22,3.49575,12,US_Consulate_Karachi,1303651.0,openaq_us_consulate,,
2022-05-19,64.16733333333333,9,US_Consulate_Karachi,1303651.0,openaq_us_consulate,,
2022-05-20,26.54570588235294,17,US_Consulate_Karachi,1303651.0,openaq_us_consulate,,
2022-05-21,2.671875,16,US_Consulate_Karachi,1303651.0,openaq_us_consulate,,
2022-05-22,0.0,9,US_Consulate_Karachi,1303651.0,openaq_us_consulate,,
2022-05-30,0.0,15,US_Consulate_Karachi,1303651.0,openaq_us_consulate,,
2022-05-31,0.0,20,US_Consulate_Karachi,1303651.0,openaq_us_consulate,,
2024-03-11,10.0758,5,US_Consulate_Karachi,1303651.0,openaq_us_consulate,,
2019-01-01,45.0565,8,,,merra2_citywide,citywide,MERRA-2_GEE
2019-01-02,64.0866,8,,,merra2_citywide,citywide,MERRA-2_GEE
2019-01-03,96.9782,8,,,merra2_citywide,citywide,MERRA-2_GEE
2019-01-04,71.0507,8,,,merra2_citywide,citywide,MERRA-2_GEE
2019-01-05,92.753,8,,,merra2_citywide,citywide,MERRA-2_GEE
2019-01-06,113.2607,8,,,merra2_citywide,citywide,MERRA-2_GEE
2019-01-07,101.651,8,,,merra2_citywide,citywide,MERRA-2_GEE
2019-01-08,97.6206,8,,,merra2_citywide,citywide,MERRA-2_GEE
2019-01-09,104.2372,8,,,merra2_citywide,citywide,MERRA-2_GEE
2019-01-10,57.2878,8,,,merra2_citywide,citywide,MERRA-2_GEE
2019-01-11,51.4552,8,,,merra2_citywide,citywide,MERRA-2_GEE
2019-01-12,133.5387,8,,,merra2_citywide,citywide,MERRA-2_GEE
2019-01-13,106.3963,8,,,merra2_citywide,citywide,MERRA-2_GEE
2019-01-14,115.6435,8,,,merra2_citywide,citywide,MERRA-2_GEE
2019-01-15,88.5653,8,,,merra2_citywide,citywide,MERRA-2_GEE
2019-01-16,44.7297,8,,,merra2_citywide,citywide,MERRA-2_GEE
2019-01-17,96.1533,8,,,merra2_citywide,citywide,MERRA-2_GEE
2019-01-18,114.881,8,,,merra2_citywide,citywide,MERRA-2_GEE
2019-01-19,74.5808,8,,,merra2_citywide,citywide,MERRA-2_GEE
2019-01-20,52.0932,8,,,merra2_citywide,citywide,MERRA-2_GEE
2019-01-21,107.9344,8,,,merra2_citywide,citywide,MERRA-2_GEE
2019-01-22,35.623,8,,,merra2_citywide,citywide,MERRA-2_GEE
2019-01-23,59.3381,8,,,merra2_citywide,citywide,MERRA-2_GEE
2019-01-24,77.3951,8,,,merra2_citywide,citywide,MERRA-2_GEE
2019-01-25,69.2995,8,,,merra2_citywide,citywide,MERRA-2_GEE
2019-01-26,59.5266,8,,,merra2_citywide,citywide,MERRA-2_GEE
2019-01-27,56.3843,8,,,merra2_citywide,citywide,MERRA-2_GEE
2019-01-28,75.1607,8,,,merra2_citywide,citywide,MERRA-2_GEE
2019-01-29,70.9393,8,,,merra2_citywide,citywide,MERRA-2_GEE
2019-01-30,54.0111,8,,,merra2_citywide,citywide,MERRA-2_GEE
2019-01-31,88.337,8,,,merra2_citywide,citywide,MERRA-2_GEE
2019-02-01,88.5945,8,,,merra2_citywide,citywide,MERRA-2_GEE
2019-02-02,83.4345,8,,,merra2_citywide,citywide,MERRA-2_GEE
2019-02-03,72.8155,8,,,merra2_citywide,citywide,MERRA-2_GEE
2019-02-04,61.3432,8,,,merra2_citywide,citywide,MERRA-2_GEE
2019-02-05,46.9256,8,,,merra2_citywide,citywide,MERRA-2_GEE
2019-02-06,57.2665,8,,,merra2_citywide,citywide,MERRA-2_GEE
2019-02-07,68.9423,8,,,merra2_citywide,citywide,MERRA-2_GEE
2019-02-08,61.897,8,,,merra2_citywide,citywide,MERRA-2_GEE
2019-02-09,72.9204,8,,,merra2_citywide,citywide,MERRA-2_GEE
2019-02-10,48.8754,8,,,merra2_citywide,citywide,MERRA-2_GEE
2019-02-11,77.5561,8,,,merra2_citywide,citywide,MERRA-2_GEE
2019-02-12,76.7773,8,,,merra2_citywide,citywide,MERRA-2_GEE
2019-02-13,100.2615,8,,,merra2_citywide,citywide,MERRA-2_GEE
2019-02-14,69.7525,8,,,merra2_citywide,citywide,MERRA-2_GEE
2019-02-15,47.6552,8,,,merra2_citywide,citywide,MERRA-2_GEE
2019-02-16,45.1524,8,,,merra2_citywide,citywide,MERRA-2_GEE
2019-02-17,25.1101,8,,,merra2_citywide,citywide,MERRA-2_GEE
2019-02-18,37.9166,8,,,merra2_citywide,citywide,MERRA-2_GEE
2019-02-19,29.8467,8,,,merra2_citywide,citywide,MERRA-2_GEE
2019-02-20,41.3555,8,,,merra2_citywide,citywide,MERRA-2_GEE
2019-02-21,70.9371,8,,,merra2_citywide,citywide,MERRA-2_GEE
2019-02-22,45.6126,8,,,merra2_citywide,citywide,MERRA-2_GEE
2019-02-23,42.6754,8,,,merra2_citywide,citywide,MERRA-2_GEE
2019-02-24,56.8098,8,,,merra2_citywide,citywide,MERRA-2_GEE
2019-02-25,60.4172,8,,,merra2_citywide,citywide,MERRA-2_GEE
2019-02-26,57.1097,8,,,merra2_citywide,citywide,MERRA-2_GEE
2019-02-27,41.8521,8,,,merra2_citywide,citywide,MERRA-2_GEE
2019-02-28,29.1117,8,,,merra2_citywide,citywide,MERRA-2_GEE
2019-03-01,35.753,8,,,merra2_citywide,citywide,MERRA-2_GEE
2019-03-02,102.031,8,,,merra2_citywide,citywide,MERRA-2_GEE
2019-03-03,135.9206,8,,,merra2_citywide,citywide,MERRA-2_GEE
2019-03-04,87.4209,8,,,merra2_citywide,citywide,MERRA-2_GEE
2019-03-05,53.3857,8,,,merra2_citywide,citywide,MERRA-2_GEE
2019-03-06,36.6089,8,,,merra2_citywide,citywide,MERRA-2_GEE
2019-03-07,33.8296,8,,,merra2_citywide,citywide,MERRA-2_GEE
2019-03-08,63.7838,8,,,merra2_citywide,citywide,MERRA-2_GEE
2019-03-09,84.9403,8,,,merra2_citywide,citywide,MERRA-2_GEE
2019-03-10,58.489,8,,,merra2_citywide,citywide,MERRA-2_GEE
2019-03-11,65.3857,8,,,merra2_citywide,citywide,MERRA-2_GEE
2019-03-12,53.2371,8,,,merra2_citywide,citywide,MERRA-2_GEE
2019-03-13,34.021,8,,,merra2_citywide,citywide,MERRA-2_GEE
2019-03-14,34.418,8,,,merra2_citywide,citywide,MERRA-2_GEE
2019-03-15,40.5417,8,,,merra2_citywide,citywide,MERRA-2_GEE
2019-03-16,41.9083,8,,,merra2_citywide,citywide,MERRA-2_GEE
2019-03-17,38.2347,8,,,merra2_citywide,citywide,MERRA-2_GEE
2019-03-18,38.121,8,,,merra2_citywide,citywide,MERRA-2_GEE
2019-03-19,54.2894,8,,,merra2_citywide,citywide,MERRA-2_GEE
2019-03-20,64.8915,8,,,merra2_citywide,citywide,MERRA-2_GEE
2019-03-21,48.6095,8,,,merra2_citywide,citywide,MERRA-2_GEE
2019-03-22,55.0865,8,,,merra2_citywide,citywide,MERRA-2_GEE
2019-03-23,74.377,8,,,merra2_citywide,citywide,MERRA-2_GEE
2019-03-24,74.1313,8,,,merra2_citywide,citywide,MERRA-2_GEE
2019-03-25,52.6313,8,,,merra2_citywide,citywide,MERRA-2_GEE
2019-03-26,60.3404,8,,,merra2_citywide,citywide,MERRA-2_GEE
2019-03-27,81.6386,8,,,merra2_citywide,citywide,MERRA-2_GEE
2019-03-28,110.8189,8,,,merra2_citywide,citywide,MERRA-2_GEE
2019-03-29,93.1952,8,,,merra2_citywide,citywide,MERRA-2_GEE
2019-03-30,64.4146,8,,,merra2_citywide,citywide,MERRA-2_GEE
2019-03-31,69.2941,8,,,merra2_citywide,citywide,MERRA-2_GEE
2019-04-01,52.201,8,,,merra2_citywide,citywide,MERRA-2_GEE
2019-04-02,42.5931,8,,,merra2_citywide,citywide,MERRA-2_GEE
2019-04-03,58.0345,8,,,merra2_citywide,citywide,MERRA-2_GEE
2019-04-04,72.0289,8,,,merra2_citywide,citywide,MERRA-2_GEE
2019-04-05,81.4034,8,,,merra2_citywide,citywide,MERRA-2_GEE
2019-04-06,87.9602,8,,,merra2_citywide,citywide,MERRA-2_GEE
2019-04-07,82.7896,8,,,merra2_citywide,citywide,MERRA-2_GEE
2019-04-08,60.157,8,,,merra2_citywide,citywide,MERRA-2_GEE
2019-04-09,70.5225,8,,,merra2_citywide,citywide,MERRA-2_GEE
2019-04-10,72.6853,8,,,merra2_citywide,citywide,MERRA-2_GEE
2019-04-11,74.9097,8,,,merra2_citywide,citywide,MERRA-2_GEE
2019-04-12,93.482,8,,,merra2_citywide,citywide,MERRA-2_GEE
2019-04-13,66.8174,8,,,merra2_citywide,citywide,MERRA-2_GEE
2019-04-14,77.5487,8,,,merra2_citywide,citywide,MERRA-2_GEE
2019-04-15,46.9232,8,,,merra2_citywide,citywide,MERRA-2_GEE
2019-04-16,46.3686,8,,,merra2_citywide,citywide,MERRA-2_GEE
2019-04-17,37.9259,8,,,merra2_citywide,citywide,MERRA-2_GEE
2019-04-18,41.333,8,,,merra2_citywide,citywide,MERRA-2_GEE
2019-04-19,39.9267,8,,,merra2_citywide,citywide,MERRA-2_GEE
2019-04-20,43.4158,8,,,merra2_citywide,citywide,MERRA-2_GEE
2019-04-21,47.2534,8,,,merra2_citywide,citywide,MERRA-2_GEE
2019-04-22,50.9062,8,,,merra2_citywide,citywide,MERRA-2_GEE
2019-04-23,51.1038,8,,,merra2_citywide,citywide,MERRA-2_GEE
2019-04-24,47.0798,8,,,merra2_citywide,citywide,MERRA-2_GEE
2019-04-25,75.9622,8,,,merra2_citywide,citywide,MERRA-2_GEE
2019-04-26,109.6397,8,,,merra2_citywide,citywide,MERRA-2_GEE
2019-04-27,85.3573,8,,,merra2_citywide,citywide,MERRA-2_GEE
2019-04-28,87.4716,8,,,merra2_citywide,citywide,MERRA-2_GEE
2019-04-29,107.384,8,,,merra2_citywide,citywide,MERRA-2_GEE
2019-04-30,111.1289,8,,,merra2_citywide,citywide,MERRA-2_GEE
2019-05-01,80.1794,8,,,merra2_citywide,citywide,MERRA-2_GEE
2019-05-02,68.127,8,,,merra2_citywide,citywide,MERRA-2_GEE
2019-05-03,55.8606,8,,,merra2_citywide,citywide,MERRA-2_GEE
2019-05-04,53.1413,8,,,merra2_citywide,citywide,MERRA-2_GEE
2019-05-05,49.5845,8,,,merra2_citywide,citywide,MERRA-2_GEE
2019-05-06,67.16,8,,,merra2_citywide,citywide,MERRA-2_GEE
2019-05-07,69.4455,8,,,merra2_citywide,citywide,MERRA-2_GEE
2019-05-08,61.7866,8,,,merra2_citywide,citywide,MERRA-2_GEE
2019-05-09,71.766,8,,,merra2_citywide,citywide,MERRA-2_GEE
2019-05-10,70.6988,8,,,merra2_citywide,citywide,MERRA-2_GEE
2019-05-11,77.2123,8,,,merra2_citywide,citywide,MERRA-2_GEE
2019-05-12,68.9679,8,,,merra2_citywide,citywide,MERRA-2_GEE
2019-05-13,75.8584,8,,,merra2_citywide,citywide,MERRA-2_GEE
2019-05-14,88.9243,8,,,merra2_citywide,citywide,MERRA-2_GEE
2019-05-15,58.6391,8,,,merra2_citywide,citywide,MERRA-2_GEE
2019-05-16,68.9317,8,,,merra2_citywide,citywide,MERRA-2_GEE
2019-05-17,67.5562,8,,,merra2_citywide,citywide,MERRA-2_GEE
2019-05-18,65.6321,8,,,merra2_citywide,citywide,MERRA-2_GEE
2019-05-19,65.3438,8,,,merra2_citywide,citywide,MERRA-2_GEE
2019-05-20,96.3491,8,,,merra2_citywide,citywide,MERRA-2_GEE
2019-05-21,79.1917,8,,,merra2_citywide,citywide,MERRA-2_GEE
2019-05-22,99.353,8,,,merra2_citywide,citywide,MERRA-2_GEE
2019-05-23,100.4163,8,,,merra2_citywide,citywide,MERRA-2_GEE
2019-05-24,92.045,8,,,merra2_citywide,citywide,MERRA-2_GEE
2019-05-25,60.2307,8,,,merra2_citywide,citywide,MERRA-2_GEE
2019-05-26,78.4209,8,,,merra2_citywide,citywide,MERRA-2_GEE
2019-05-27,95.8334,8,,,merra2_citywide,citywide,MERRA-2_GEE
2019-05-28,87.6562,8,,,merra2_citywide,citywide,MERRA-2_GEE
2019-05-29,98.6489,8,,,merra2_citywide,citywide,MERRA-2_GEE
2019-05-30,110.185,8,,,merra2_citywide,citywide,MERRA-2_GEE
2019-05-31,92.6198,8,,,merra2_citywide,citywide,MERRA-2_GEE
2019-06-01,81.568,8,,,merra2_citywide,citywide,MERRA-2_GEE
2019-06-02,92.5884,8,,,merra2_citywide,citywide,MERRA-2_GEE
2019-06-03,97.7383,8,,,merra2_citywide,citywide,MERRA-2_GEE
2019-06-04,113.9023,8,,,merra2_citywide,citywide,MERRA-2_GEE
2019-06-05,111.6266,8,,,merra2_citywide,citywide,MERRA-2_GEE
2019-06-06,94.3332,8,,,merra2_citywide,citywide,MERRA-2_GEE
2019-06-07,97.8773,8,,,merra2_citywide,citywide,MERRA-2_GEE
2019-06-08,93.2536,8,,,merra2_citywide,citywide,MERRA-2_GEE
2019-06-09,81.634,8,,,merra2_citywide,citywide,MERRA-2_GEE
2019-06-10,92.1846,8,,,merra2_citywide,citywide,MERRA-2_GEE
2019-06-11,202.2924,8,,,merra2_citywide,citywide,MERRA-2_GEE
2019-06-12,202.166,8,,,merra2_citywide,citywide,MERRA-2_GEE
2019-06-13,90.761,8,,,merra2_citywide,citywide,MERRA-2_GEE
2019-06-14,106.7752,8,,,merra2_citywide,citywide,MERRA-2_GEE
2019-06-15,109.5647,8,,,merra2_citywide,citywide,MERRA-2_GEE
2019-06-16,109.734,8,,,merra2_citywide,citywide,MERRA-2_GEE
2019-06-17,77.5191,8,,,merra2_citywide,citywide,MERRA-2_GEE
2019-06-18,110.5059,8,,,merra2_citywide,citywide,MERRA-2_GEE
2019-06-19,107.2812,8,,,merra2_citywide,citywide,MERRA-2_GEE
2019-06-20,47.133,8,,,merra2_citywide,citywide,MERRA-2_GEE
2019-06-21,85.0009,8,,,merra2_citywide,citywide,MERRA-2_GEE
2019-06-22,83.5514,8,,,merra2_citywide,citywide,MERRA-2_GEE
2019-06-23,78.3991,8,,,merra2_citywide,citywide,MERRA-2_GEE
2019-06-24,79.0367,8,,,merra2_citywide,citywide,MERRA-2_GEE
2019-06-25,71.802,8,,,merra2_citywide,citywide,MERRA-2_GEE
2019-06-26,63.7247,8,,,merra2_citywide,citywide,MERRA-2_GEE
2019-06-27,79.3545,8,,,merra2_citywide,citywide,MERRA-2_GEE
2019-06-28,98.4507,8,,,merra2_citywide,citywide,MERRA-2_GEE
2019-06-29,105.4046,8,,,merra2_citywide,citywide,MERRA-2_GEE
2019-06-30,125.1945,8,,,merra2_citywide,citywide,MERRA-2_GEE
2019-07-01,102.2687,8,,,merra2_citywide,citywide,MERRA-2_GEE
2019-07-02,70.2041,8,,,merra2_citywide,citywide,MERRA-2_GEE
2019-07-03,66.8427,8,,,merra2_citywide,citywide,MERRA-2_GEE
2019-07-04,108.7491,8,,,merra2_citywide,citywide,MERRA-2_GEE
2019-07-05,88.5457,8,,,merra2_citywide,citywide,MERRA-2_GEE
2019-07-06,83.2596,8,,,merra2_citywide,citywide,MERRA-2_GEE
2019-07-07,89.8069,8,,,merra2_citywide,citywide,MERRA-2_GEE
2019-07-08,81.6129,8,,,merra2_citywide,citywide,MERRA-2_GEE
2019-07-09,109.0389,8,,,merra2_citywide,citywide,MERRA-2_GEE
2019-07-10,101.0639,8,,,merra2_citywide,citywide,MERRA-2_GEE
2019-07-11,93.1747,8,,,merra2_citywide,citywide,MERRA-2_GEE
2019-07-12,86.9694,8,,,merra2_citywide,citywide,MERRA-2_GEE
2019-07-13,69.6556,8,,,merra2_citywide,citywide,MERRA-2_GEE
2019-07-14,123.9008,8,,,merra2_citywide,citywide,MERRA-2_GEE
2019-07-15,106.6237,8,,,merra2_citywide,citywide,MERRA-2_GEE
2019-07-16,125.2573,8,,,merra2_citywide,citywide,MERRA-2_GEE
2019-07-17,80.3646,8,,,merra2_citywide,citywide,MERRA-2_GEE
2019-07-18,61.4659,8,,,merra2_citywide,citywide,MERRA-2_GEE
2019-07-19,67.4667,8,,,merra2_citywide,citywide,MERRA-2_GEE
2019-07-20,60.8525,8,,,merra2_citywide,citywide,MERRA-2_GEE
2019-07-21,62.6614,8,,,merra2_citywide,citywide,MERRA-2_GEE
2019-07-22,56.5885,8,,,merra2_citywide,citywide,MERRA-2_GEE
2019-07-23,57.5629,8,,,merra2_citywide,citywide,MERRA-2_GEE
2019-07-24,60.1785,8,,,merra2_citywide,citywide,MERRA-2_GEE
2019-07-25,95.5815,8,,,merra2_citywide,citywide,MERRA-2_GEE
2019-07-26,139.0016,8,,,merra2_citywide,citywide,MERRA-2_GEE
2019-07-27,136.9659,8,,,merra2_citywide,citywide,MERRA-2_GEE
2019-07-28,99.1088,8,,,merra2_citywide,citywide,MERRA-2_GEE
2019-07-29,75.969,8,,,merra2_citywide,citywide,MERRA-2_GEE
2019-07-30,98.1994,8,,,merra2_citywide,citywide,MERRA-2_GEE
2019-07-31,90.8683,8,,,merra2_citywide,citywide,MERRA-2_GEE
2019-08-01,73.6414,8,,,merra2_citywide,citywide,MERRA-2_GEE
2019-08-02,112.0917,8,,,merra2_citywide,citywide,MERRA-2_GEE
2019-08-03,116.0191,8,,,merra2_citywide,citywide,MERRA-2_GEE
2019-08-04,93.2634,8,,,merra2_citywide,citywide,MERRA-2_GEE
2019-08-05,95.917,8,,,merra2_citywide,citywide,MERRA-2_GEE
2019-08-06,84.9513,8,,,merra2_citywide,citywide,MERRA-2_GEE
2019-08-07,93.0267,8,,,merra2_citywide,citywide,MERRA-2_GEE
2019-08-08,188.5776,8,,,merra2_citywide,citywide,MERRA-2_GEE
2019-08-09,130.3166,8,,,merra2_citywide,citywide,MERRA-2_GEE
2019-08-10,132.3236,8,,,merra2_citywide,citywide,MERRA-2_GEE
2019-08-11,128.9829,8,,,merra2_citywide,citywide,MERRA-2_GEE
2019-08-12,78.4993,8,,,merra2_citywide,citywide,MERRA-2_GEE
2019-08-13,44.2871,8,,,merra2_citywide,citywide,MERRA-2_GEE
2019-08-14,29.4677,8,,,merra2_citywide,citywide,MERRA-2_GEE
2019-08-15,30.2335,8,,,merra2_citywide,citywide,MERRA-2_GEE
2019-08-16,32.5509,8,,,merra2_citywide,citywide,MERRA-2_GEE
2019-08-17,46.604,8,,,merra2_citywide,citywide,MERRA-2_GEE
2019-08-18,41.8445,8,,,merra2_citywide,citywide,MERRA-2_GEE
2019-08-19,29.3233,8,,,merra2_citywide,citywide,MERRA-2_GEE
2019-08-20,25.0313,8,,,merra2_citywide,citywide,MERRA-2_GEE
2019-08-21,28.8621,8,,,merra2_citywide,citywide,MERRA-2_GEE
2019-08-22,37.6847,8,,,merra2_citywide,citywide,MERRA-2_GEE
2019-08-23,31.9923,8,,,merra2_citywide,citywide,MERRA-2_GEE
2019-08-24,32.7883,8,,,merra2_citywide,citywide,MERRA-2_GEE
2019-08-25,29.312,8,,,merra2_citywide,citywide,MERRA-2_GEE
2019-08-26,31.8016,8,,,merra2_citywide,citywide,MERRA-2_GEE
2019-08-27,32.8253,8,,,merra2_citywide,citywide,MERRA-2_GEE
2019-08-28,40.7138,8,,,merra2_citywide,citywide,MERRA-2_GEE
2019-08-29,43.1738,8,,,merra2_citywide,citywide,MERRA-2_GEE
2019-08-30,42.5308,8,,,merra2_citywide,citywide,MERRA-2_GEE
2019-08-31,56.0615,8,,,merra2_citywide,citywide,MERRA-2_GEE
2019-09-01,90.6624,8,,,merra2_citywide,citywide,MERRA-2_GEE
2019-09-02,62.3828,8,,,merra2_citywide,citywide,MERRA-2_GEE
2019-09-03,35.2776,8,,,merra2_citywide,citywide,MERRA-2_GEE
2019-09-04,46.103,8,,,merra2_citywide,citywide,MERRA-2_GEE
2019-09-05,60.276,8,,,merra2_citywide,citywide,MERRA-2_GEE
2019-09-06,68.0731,8,,,merra2_citywide,citywide,MERRA-2_GEE
2019-09-07,90.8971,8,,,merra2_citywide,citywide,MERRA-2_GEE
2019-09-08,89.3909,8,,,merra2_citywide,citywide,MERRA-2_GEE
2019-09-09,58.2046,8,,,merra2_citywide,citywide,MERRA-2_GEE
2019-09-10,59.2551,8,,,merra2_citywide,citywide,MERRA-2_GEE
2019-09-11,53.6414,8,,,merra2_citywide,citywide,MERRA-2_GEE
2019-09-12,42.6776,8,,,merra2_citywide,citywide,MERRA-2_GEE
2019-09-13,44.623,8,,,merra2_citywide,citywide,MERRA-2_GEE
2019-09-14,43.4701,8,,,merra2_citywide,citywide,MERRA-2_GEE
2019-09-15,44.836,8,,,merra2_citywide,citywide,MERRA-2_GEE
2019-09-16,107.9495,8,,,merra2_citywide,citywide,MERRA-2_GEE
2019-09-17,129.0348,8,,,merra2_citywide,citywide,MERRA-2_GEE
2019-09-18,57.6199,8,,,merra2_citywide,citywide,MERRA-2_GEE
2019-09-19,47.9059,8,,,merra2_citywide,citywide,MERRA-2_GEE
2019-09-20,56.8774,8,,,merra2_citywide,citywide,MERRA-2_GEE
2019-09-21,55.561,8,,,merra2_citywide,citywide,MERRA-2_GEE
2019-09-22,50.2139,8,,,merra2_citywide,citywide,MERRA-2_GEE
2019-09-23,38.8853,8,,,merra2_citywide,citywide,MERRA-2_GEE
2019-09-24,35.0881,8,,,merra2_citywide,citywide,MERRA-2_GEE
2019-09-25,41.6061,8,,,merra2_citywide,citywide,MERRA-2_GEE
2019-09-26,39.0996,8,,,merra2_citywide,citywide,MERRA-2_GEE
2019-09-27,35.7966,8,,,merra2_citywide,citywide,MERRA-2_GEE
2019-09-28,46.6527,8,,,merra2_citywide,citywide,MERRA-2_GEE
2019-09-29,38.6,8,,,merra2_citywide,citywide,MERRA-2_GEE
2019-09-30,40.5687,8,,,merra2_citywide,citywide,MERRA-2_GEE
2019-10-01,49.1278,8,,,merra2_citywide,citywide,MERRA-2_GEE
2019-10-02,57.2196,8,,,merra2_citywide,citywide,MERRA-2_GEE
2019-10-03,56.2339,8,,,merra2_citywide,citywide,MERRA-2_GEE
2019-10-04,55.287,8,,,merra2_citywide,citywide,MERRA-2_GEE
2019-10-05,47.7309,8,,,merra2_citywide,citywide,MERRA-2_GEE
2019-10-06,61.2928,8,,,merra2_citywide,citywide,MERRA-2_GEE
2019-10-07,49.166,8,,,merra2_citywide,citywide,MERRA-2_GEE
2019-10-08,34.831,8,,,merra2_citywide,citywide,MERRA-2_GEE
2019-10-09,35.3057,8,,,merra2_citywide,citywide,MERRA-2_GEE
2019-10-10,30.8597,8,,,merra2_citywide,citywide,MERRA-2_GEE
2019-10-11,31.8002,8,,,merra2_citywide,citywide,MERRA-2_GEE
2019-10-12,37.5027,8,,,merra2_citywide,citywide,MERRA-2_GEE
2019-10-13,32.7462,8,,,merra2_citywide,citywide,MERRA-2_GEE
2019-10-14,36.5653,8,,,merra2_citywide,citywide,MERRA-2_GEE
2019-10-15,46.1393,8,,,merra2_citywide,citywide,MERRA-2_GEE
2019-10-16,37.8143,8,,,merra2_citywide,citywide,MERRA-2_GEE
2019-10-17,36.5294,8,,,merra2_citywide,citywide,MERRA-2_GEE
2019-10-18,57.1273,8,,,merra2_citywide,citywide,MERRA-2_GEE
2019-10-19,70.3446,8,,,merra2_citywide,citywide,MERRA-2_GEE
2019-10-20,61.9789,8,,,merra2_citywide,citywide,MERRA-2_GEE
2019-10-21,57.6138,8,,,merra2_citywide,citywide,MERRA-2_GEE
2019-10-22,53.3242,8,,,merra2_citywide,citywide,MERRA-2_GEE
2019-10-23,42.1741,8,,,merra2_citywide,citywide,MERRA-2_GEE
2019-10-24,35.2345,8,,,merra2_citywide,citywide,MERRA-2_GEE
2019-10-25,53.2974,8,,,merra2_citywide,citywide,MERRA-2_GEE
2019-10-26,69.8737,8,,,merra2_citywide,citywide,MERRA-2_GEE
2019-10-27,80.4012,8,,,merra2_citywide,citywide,MERRA-2_GEE
2019-10-28,65.8829,8,,,merra2_citywide,citywide,MERRA-2_GEE
2019-10-29,42.4736,8,,,merra2_citywide,citywide,MERRA-2_GEE
2019-10-30,36.1684,8,,,merra2_citywide,citywide,MERRA-2_GEE
2019-10-31,26.3723,8,,,merra2_citywide,citywide,MERRA-2_GEE
2019-11-01,23.3808,8,,,merra2_citywide,citywide,MERRA-2_GEE
2019-11-02,49.6699,8,,,merra2_citywide,citywide,MERRA-2_GEE
2019-11-03,59.2184,8,,,merra2_citywide,citywide,MERRA-2_GEE
2019-11-04,43.2009,8,,,merra2_citywide,citywide,MERRA-2_GEE
2019-11-05,43.4609,8,,,merra2_citywide,citywide,MERRA-2_GEE
2019-11-06,79.5988,8,,,merra2_citywide,citywide,MERRA-2_GEE
2019-11-07,56.9548,8,,,merra2_citywide,citywide,MERRA-2_GEE
2019-11-08,61.1646,8,,,merra2_citywide,citywide,MERRA-2_GEE
2019-11-09,48.9329,8,,,merra2_citywide,citywide,MERRA-2_GEE
2019-11-10,39.9677,8,,,merra2_citywide,citywide,MERRA-2_GEE
2019-11-11,27.2024,8,,,merra2_citywide,citywide,MERRA-2_GEE
2019-11-12,41.441,8,,,merra2_citywide,citywide,MERRA-2_GEE
2019-11-13,63.4969,8,,,merra2_citywide,citywide,MERRA-2_GEE
2019-11-14,94.3403,8,,,merra2_citywide,citywide,MERRA-2_GEE
2019-11-15,90.58,8,,,merra2_citywide,citywide,MERRA-2_GEE
2019-11-16,48.6261,8,,,merra2_citywide,citywide,MERRA-2_GEE
2019-11-17,64.3077,8,,,merra2_citywide,citywide,MERRA-2_GEE
2019-11-18,40.1459,8,,,merra2_citywide,citywide,MERRA-2_GEE
2019-11-19,26.1387,8,,,merra2_citywide,citywide,MERRA-2_GEE
2019-11-20,23.9487,8,,,merra2_citywide,citywide,MERRA-2_GEE
2019-11-21,42.9665,8,,,merra2_citywide,citywide,MERRA-2_GEE
2019-11-22,77.5466,8,,,merra2_citywide,citywide,MERRA-2_GEE
2019-11-23,99.6666,8,,,merra2_citywide,citywide,MERRA-2_GEE
2019-11-24,78.3414,8,,,merra2_citywide,citywide,MERRA-2_GEE
2019-11-25,56.9244,8,,,merra2_citywide,citywide,MERRA-2_GEE
2019-11-26,61.3719,8,,,merra2_citywide,citywide,MERRA-2_GEE
2019-11-27,49.2757,8,,,merra2_citywide,citywide,MERRA-2_GEE
2019-11-28,58.6007,8,,,merra2_citywide,citywide,MERRA-2_GEE
2019-11-29,56.4117,8,,,merra2_citywide,citywide,MERRA-2_GEE
2019-11-30,65.6948,8,,,merra2_citywide,citywide,MERRA-2_GEE
2019-12-01,69.1387,8,,,merra2_citywide,citywide,MERRA-2_GEE
2019-12-02,52.6868,8,,,merra2_citywide,citywide,MERRA-2_GEE
2019-12-03,52.7631,8,,,merra2_citywide,citywide,MERRA-2_GEE
2019-12-04,51.015,8,,,merra2_citywide,citywide,MERRA-2_GEE
2019-12-05,63.6193,8,,,merra2_citywide,citywide,MERRA-2_GEE
2019-12-06,60.3106,8,,,merra2_citywide,citywide,MERRA-2_GEE
2019-12-07,77.2196,8,,,merra2_citywide,citywide,MERRA-2_GEE
2019-12-08,89.4261,8,,,merra2_citywide,citywide,MERRA-2_GEE
2019-12-09,64.2708,8,,,merra2_citywide,citywide,MERRA-2_GEE
2019-12-10,34.5223,8,,,merra2_citywide,citywide,MERRA-2_GEE
2019-12-11,60.3218,8,,,merra2_citywide,citywide,MERRA-2_GEE
2019-12-12,69.3236,8,,,merra2_citywide,citywide,MERRA-2_GEE
2019-12-13,52.8496,8,,,merra2_citywide,citywide,MERRA-2_GEE
2019-12-14,41.2597,8,,,merra2_citywide,citywide,MERRA-2_GEE
2019-12-15,65.0671,8,,,merra2_citywide,citywide,MERRA-2_GEE
2019-12-16,70.9785,8,,,merra2_citywide,citywide,MERRA-2_GEE
2019-12-17,53.0974,8,,,merra2_citywide,citywide,MERRA-2_GEE
2019-12-18,49.3183,8,,,merra2_citywide,citywide,MERRA-2_GEE
2019-12-19,45.2812,8,,,merra2_citywide,citywide,MERRA-2_GEE
2019-12-20,42.2334,8,,,merra2_citywide,citywide,MERRA-2_GEE
2019-12-21,62.4561,8,,,merra2_citywide,citywide,MERRA-2_GEE
2019-12-22,62.7806,8,,,merra2_citywide,citywide,MERRA-2_GEE
2019-12-23,52.7267,8,,,merra2_citywide,citywide,MERRA-2_GEE
2019-12-24,40.6878,8,,,merra2_citywide,citywide,MERRA-2_GEE
2019-12-25,54.8414,8,,,merra2_citywide,citywide,MERRA-2_GEE
2019-12-26,51.3455,8,,,merra2_citywide,citywide,MERRA-2_GEE
2019-12-27,33.6452,8,,,merra2_citywide,citywide,MERRA-2_GEE
2019-12-28,76.9565,8,,,merra2_citywide,citywide,MERRA-2_GEE
2019-12-29,93.9862,8,,,merra2_citywide,citywide,MERRA-2_GEE
2019-12-30,95.5653,8,,,merra2_citywide,citywide,MERRA-2_GEE
2019-12-31,130.747,8,,,merra2_citywide,citywide,MERRA-2_GEE
2020-01-01,116.7331,8,,,merra2_citywide,citywide,MERRA-2_GEE
2020-01-02,117.0637,8,,,merra2_citywide,citywide,MERRA-2_GEE
2020-01-03,80.041,8,,,merra2_citywide,citywide,MERRA-2_GEE
2020-01-04,49.9179,8,,,merra2_citywide,citywide,MERRA-2_GEE
2020-01-05,52.8561,8,,,merra2_citywide,citywide,MERRA-2_GEE
2020-01-06,77.1584,8,,,merra2_citywide,citywide,MERRA-2_GEE
2020-01-07,98.0635,8,,,merra2_citywide,citywide,MERRA-2_GEE
2020-01-08,32.7598,8,,,merra2_citywide,citywide,MERRA-2_GEE
2020-01-09,37.7199,8,,,merra2_citywide,citywide,MERRA-2_GEE
2020-01-10,64.788,8,,,merra2_citywide,citywide,MERRA-2_GEE
2020-01-11,80.6703,8,,,merra2_citywide,citywide,MERRA-2_GEE
2020-01-12,123.0274,8,,,merra2_citywide,citywide,MERRA-2_GEE
2020-01-13,36.886,8,,,merra2_citywide,citywide,MERRA-2_GEE
2020-01-14,30.6505,8,,,merra2_citywide,citywide,MERRA-2_GEE
2020-01-15,43.9384,8,,,merra2_citywide,citywide,MERRA-2_GEE
2020-01-16,29.4949,8,,,merra2_citywide,citywide,MERRA-2_GEE
2020-01-17,19.8509,8,,,merra2_citywide,citywide,MERRA-2_GEE
2020-01-18,47.3511,8,,,merra2_citywide,citywide,MERRA-2_GEE
2020-01-19,49.5884,8,,,merra2_citywide,citywide,MERRA-2_GEE
2020-01-20,48.6458,8,,,merra2_citywide,citywide,MERRA-2_GEE
2020-01-21,41.6826,8,,,merra2_citywide,citywide,MERRA-2_GEE
2020-01-22,93.6847,8,,,merra2_citywide,citywide,MERRA-2_GEE
2020-01-23,71.4992,8,,,merra2_citywide,citywide,MERRA-2_GEE
2020-01-24,51.8185,8,,,merra2_citywide,citywide,MERRA-2_GEE
2020-01-25,33.2075,8,,,merra2_citywide,citywide,MERRA-2_GEE
2020-01-26,42.6881,8,,,merra2_citywide,citywide,MERRA-2_GEE
2020-01-27,47.6742,8,,,merra2_citywide,citywide,MERRA-2_GEE
2020-01-28,37.6135,8,,,merra2_citywide,citywide,MERRA-2_GEE
2020-01-29,29.9222,8,,,merra2_citywide,citywide,MERRA-2_GEE
2020-01-30,43.5405,8,,,merra2_citywide,citywide,MERRA-2_GEE
2020-01-31,30.139,8,,,merra2_citywide,citywide,MERRA-2_GEE
2020-02-01,49.0147,8,,,merra2_citywide,citywide,MERRA-2_GEE
2020-02-02,60.3208,8,,,merra2_citywide,citywide,MERRA-2_GEE
2020-02-03,34.4384,8,,,merra2_citywide,citywide,MERRA-2_GEE
2020-02-04,43.2659,8,,,merra2_citywide,citywide,MERRA-2_GEE
2020-02-05,76.8341,8,,,merra2_citywide,citywide,MERRA-2_GEE
2020-02-06,39.0829,8,,,merra2_citywide,citywide,MERRA-2_GEE
2020-02-07,60.4905,8,,,merra2_citywide,citywide,MERRA-2_GEE
2020-02-08,49.6467,8,,,merra2_citywide,citywide,MERRA-2_GEE
2020-02-09,41.4512,8,,,merra2_citywide,citywide,MERRA-2_GEE
2020-02-10,51.5742,8,,,merra2_citywide,citywide,MERRA-2_GEE
2020-02-11,54.383,8,,,merra2_citywide,citywide,MERRA-2_GEE
2020-02-12,68.7162,8,,,merra2_citywide,citywide,MERRA-2_GEE
2020-02-13,53.2433,8,,,merra2_citywide,citywide,MERRA-2_GEE
2020-02-14,51.6409,8,,,merra2_citywide,citywide,MERRA-2_GEE
2020-02-15,45.5497,8,,,merra2_citywide,citywide,MERRA-2_GEE
2020-02-16,37.6724,8,,,merra2_citywide,citywide,MERRA-2_GEE
2020-02-17,34.5309,8,,,merra2_citywide,citywide,MERRA-2_GEE
2020-02-18,37.2392,8,,,merra2_citywide,citywide,MERRA-2_GEE
2020-02-19,47.4836,8,,,merra2_citywide,citywide,MERRA-2_GEE
2020-02-20,64.3798,8,,,merra2_citywide,citywide,MERRA-2_GEE
2020-02-21,76.6728,8,,,merra2_citywide,citywide,MERRA-2_GEE
2020-02-22,66.7005,8,,,merra2_citywide,citywide,MERRA-2_GEE
2020-02-23,63.4163,8,,,merra2_citywide,citywide,MERRA-2_GEE
2020-02-24,53.1925,8,,,merra2_citywide,citywide,MERRA-2_GEE
2020-02-25,50.3812,8,,,merra2_citywide,citywide,MERRA-2_GEE
2020-02-26,50.7373,8,,,merra2_citywide,citywide,MERRA-2_GEE
2020-02-27,49.1696,8,,,merra2_citywide,citywide,MERRA-2_GEE
2020-02-28,112.4255,8,,,merra2_citywide,citywide,MERRA-2_GEE
2020-02-29,165.1994,8,,,merra2_citywide,citywide,MERRA-2_GEE
2020-03-01,97.2748,8,,,merra2_citywide,citywide,MERRA-2_GEE
2020-03-02,71.6469,8,,,merra2_citywide,citywide,MERRA-2_GEE
2020-03-03,66.1427,8,,,merra2_citywide,citywide,MERRA-2_GEE
2020-03-04,59.5565,8,,,merra2_citywide,citywide,MERRA-2_GEE
2020-03-05,78.4886,8,,,merra2_citywide,citywide,MERRA-2_GEE
2020-03-06,74.1692,8,,,merra2_citywide,citywide,MERRA-2_GEE
2020-03-07,51.8766,8,,,merra2_citywide,citywide,MERRA-2_GEE
2020-03-08,39.641,8,,,merra2_citywide,citywide,MERRA-2_GEE
2020-03-09,43.9677,8,,,merra2_citywide,citywide,MERRA-2_GEE
2020-03-10,64.9411,8,,,merra2_citywide,citywide,MERRA-2_GEE
2020-03-11,57.1596,8,,,merra2_citywide,citywide,MERRA-2_GEE
2020-03-12,80.8432,8,,,merra2_citywide,citywide,MERRA-2_GEE
2020-03-13,67.5293,8,,,merra2_citywide,citywide,MERRA-2_GEE
2020-03-14,69.7064,8,,,merra2_citywide,citywide,MERRA-2_GEE
2020-03-15,52.3034,8,,,merra2_citywide,citywide,MERRA-2_GEE
2020-03-16,63.1369,8,,,merra2_citywide,citywide,MERRA-2_GEE
2020-03-17,51.5095,8,,,merra2_citywide,citywide,MERRA-2_GEE
2020-03-18,45.4792,8,,,merra2_citywide,citywide,MERRA-2_GEE
2020-03-19,40.9169,8,,,merra2_citywide,citywide,MERRA-2_GEE
2020-03-20,55.2076,8,,,merra2_citywide,citywide,MERRA-2_GEE
2020-03-21,54.1999,8,,,merra2_citywide,citywide,MERRA-2_GEE
2020-03-22,43.0752,8,,,merra2_citywide,citywide,MERRA-2_GEE
2020-03-23,33.252,8,,,merra2_citywide,citywide,MERRA-2_GEE
2020-03-24,65.7102,8,,,merra2_citywide,citywide,MERRA-2_GEE
2020-03-25,53.0558,8,,,merra2_citywide,citywide,MERRA-2_GEE
2020-03-26,39.5433,8,,,merra2_citywide,citywide,MERRA-2_GEE
2020-03-27,39.9225,8,,,merra2_citywide,citywide,MERRA-2_GEE
2020-03-28,44.8194,8,,,merra2_citywide,citywide,MERRA-2_GEE
2020-03-29,38.264,8,,,merra2_citywide,citywide,MERRA-2_GEE
2020-03-30,56.7158,8,,,merra2_citywide,citywide,MERRA-2_GEE
2020-03-31,60.6039,8,,,merra2_citywide,citywide,MERRA-2_GEE
2020-04-01,44.6102,8,,,merra2_citywide,citywide,MERRA-2_GEE
2020-04-02,45.4876,8,,,merra2_citywide,citywide,MERRA-2_GEE
2020-04-03,46.2971,8,,,merra2_citywide,citywide,MERRA-2_GEE
2020-04-04,39.2315,8,,,merra2_citywide,citywide,MERRA-2_GEE
2020-04-05,52.8912,8,,,merra2_citywide,citywide,MERRA-2_GEE
2020-04-06,58.2185,8,,,merra2_citywide,citywide,MERRA-2_GEE
2020-04-07,57.4833,8,,,merra2_citywide,citywide,MERRA-2_GEE
2020-04-08,54.3328,8,,,merra2_citywide,citywide,MERRA-2_GEE
2020-04-09,38.1256,8,,,merra2_citywide,citywide,MERRA-2_GEE
2020-04-10,51.8558,8,,,merra2_citywide,citywide,MERRA-2_GEE
2020-04-11,51.4789,8,,,merra2_citywide,citywide,MERRA-2_GEE
2020-04-12,36.8592,8,,,merra2_citywide,citywide,MERRA-2_GEE
2020-04-13,42.6325,8,,,merra2_citywide,citywide,MERRA-2_GEE
2020-04-14,58.7262,8,,,merra2_citywide,citywide,MERRA-2_GEE
2020-04-15,73.1227,8,,,merra2_citywide,citywide,MERRA-2_GEE
2020-04-16,61.5348,8,,,merra2_citywide,citywide,MERRA-2_GEE
2020-04-17,46.631,8,,,merra2_citywide,citywide,MERRA-2_GEE
2020-04-18,45.0077,8,,,merra2_citywide,citywide,MERRA-2_GEE
2020-04-19,52.7093,8,,,merra2_citywide,citywide,MERRA-2_GEE
2020-04-20,47.624,8,,,merra2_citywide,citywide,MERRA-2_GEE
2020-04-21,41.3593,8,,,merra2_citywide,citywide,MERRA-2_GEE
2020-04-22,59.005,8,,,merra2_citywide,citywide,MERRA-2_GEE
2020-04-23,58.5673,8,,,merra2_citywide,citywide,MERRA-2_GEE
2020-04-24,86.3413,8,,,merra2_citywide,citywide,MERRA-2_GEE
2020-04-25,75.2369,8,,,merra2_citywide,citywide,MERRA-2_GEE
2020-04-26,54.9188,8,,,merra2_citywide,citywide,MERRA-2_GEE
2020-04-27,45.7762,8,,,merra2_citywide,citywide,MERRA-2_GEE
2020-04-28,27.8017,8,,,merra2_citywide,citywide,MERRA-2_GEE
2020-04-29,36.5999,8,,,merra2_citywide,citywide,MERRA-2_GEE
2020-04-30,22.9573,8,,,merra2_citywide,citywide,MERRA-2_GEE
2020-05-01,34.5536,8,,,merra2_citywide,citywide,MERRA-2_GEE
2020-05-02,53.892,8,,,merra2_citywide,citywide,MERRA-2_GEE
2020-05-03,63.1753,8,,,merra2_citywide,citywide,MERRA-2_GEE
2020-05-04,64.3371,8,,,merra2_citywide,citywide,MERRA-2_GEE
2020-05-05,58.7463,8,,,merra2_citywide,citywide,MERRA-2_GEE
2020-05-06,50.9392,8,,,merra2_citywide,citywide,MERRA-2_GEE
2020-05-07,63.4927,8,,,merra2_citywide,citywide,MERRA-2_GEE
2020-05-08,61.633,8,,,merra2_citywide,citywide,MERRA-2_GEE
2020-05-09,56.7121,8,,,merra2_citywide,citywide,MERRA-2_GEE
2020-05-10,55.9553,8,,,merra2_citywide,citywide,MERRA-2_GEE
2020-05-11,52.2587,8,,,merra2_citywide,citywide,MERRA-2_GEE
2020-05-12,39.5532,8,,,merra2_citywide,citywide,MERRA-2_GEE
2020-05-13,38.7106,8,,,merra2_citywide,citywide,MERRA-2_GEE
2020-05-14,59.9264,8,,,merra2_citywide,citywide,MERRA-2_GEE
2020-05-15,109.4334,8,,,merra2_citywide,citywide,MERRA-2_GEE
2020-05-16,71.4428,8,,,merra2_citywide,citywide,MERRA-2_GEE
2020-05-17,58.5853,8,,,merra2_citywide,citywide,MERRA-2_GEE
2020-05-18,53.3526,8,,,merra2_citywide,citywide,MERRA-2_GEE
2020-05-19,63.5597,8,,,merra2_citywide,citywide,MERRA-2_GEE
2020-05-20,48.6666,8,,,merra2_citywide,citywide,MERRA-2_GEE
2020-05-21,52.4281,8,,,merra2_citywide,citywide,MERRA-2_GEE
2020-05-22,92.1706,8,,,merra2_citywide,citywide,MERRA-2_GEE
2020-05-23,68.8132,8,,,merra2_citywide,citywide,MERRA-2_GEE
2020-05-24,53.1946,8,,,merra2_citywide,citywide,MERRA-2_GEE
2020-05-25,67.476,8,,,merra2_citywide,citywide,MERRA-2_GEE
2020-05-26,97.9186,8,,,merra2_citywide,citywide,MERRA-2_GEE
2020-05-27,114.1436,8,,,merra2_citywide,citywide,MERRA-2_GEE
2020-05-28,130.3524,8,,,merra2_citywide,citywide,MERRA-2_GEE
2020-05-29,89.1918,8,,,merra2_citywide,citywide,MERRA-2_GEE
2020-05-30,83.6314,8,,,merra2_citywide,citywide,MERRA-2_GEE
2020-05-31,63.0003,8,,,merra2_citywide,citywide,MERRA-2_GEE
2020-06-01,61.2008,8,,,merra2_citywide,citywide,MERRA-2_GEE
2020-06-02,60.2672,8,,,merra2_citywide,citywide,MERRA-2_GEE
2020-06-03,89.8399,8,,,merra2_citywide,citywide,MERRA-2_GEE
2020-06-04,82.1336,8,,,merra2_citywide,citywide,MERRA-2_GEE
2020-06-05,84.2069,8,,,merra2_citywide,citywide,MERRA-2_GEE
2020-06-06,66.107,8,,,merra2_citywide,citywide,MERRA-2_GEE
2020-06-07,59.7112,8,,,merra2_citywide,citywide,MERRA-2_GEE
2020-06-08,64.822,8,,,merra2_citywide,citywide,MERRA-2_GEE
2020-06-09,73.1101,8,,,merra2_citywide,citywide,MERRA-2_GEE
2020-06-10,66.7169,8,,,merra2_citywide,citywide,MERRA-2_GEE
2020-06-11,75.6749,8,,,merra2_citywide,citywide,MERRA-2_GEE
2020-06-12,69.3199,8,,,merra2_citywide,citywide,MERRA-2_GEE
2020-06-13,57.3998,8,,,merra2_citywide,citywide,MERRA-2_GEE
2020-06-14,56.7032,8,,,merra2_citywide,citywide,MERRA-2_GEE
2020-06-15,60.44,8,,,merra2_citywide,citywide,MERRA-2_GEE
2020-06-16,83.3103,8,,,merra2_citywide,citywide,MERRA-2_GEE
2020-06-17,96.7489,8,,,merra2_citywide,citywide,MERRA-2_GEE
2020-06-18,57.8706,8,,,merra2_citywide,citywide,MERRA-2_GEE
2020-06-19,29.917,8,,,merra2_citywide,citywide,MERRA-2_GEE
2020-06-20,21.7813,8,,,merra2_citywide,citywide,MERRA-2_GEE
2020-06-21,44.7676,8,,,merra2_citywide,citywide,MERRA-2_GEE
2020-06-22,38.081,8,,,merra2_citywide,citywide,MERRA-2_GEE
2020-06-23,29.3773,8,,,merra2_citywide,citywide,MERRA-2_GEE
2020-06-24,19.5066,8,,,merra2_citywide,citywide,MERRA-2_GEE
2020-06-25,38.4742,8,,,merra2_citywide,citywide,MERRA-2_GEE
2020-06-26,40.2004,8,,,merra2_citywide,citywide,MERRA-2_GEE
2020-06-27,48.9504,8,,,merra2_citywide,citywide,MERRA-2_GEE
2020-06-28,57.4805,8,,,merra2_citywide,citywide,MERRA-2_GEE
2020-06-29,57.1852,8,,,merra2_citywide,citywide,MERRA-2_GEE
2020-06-30,35.4324,8,,,merra2_citywide,citywide,MERRA-2_GEE
2020-07-01,41.1741,8,,,merra2_citywide,citywide,MERRA-2_GEE
2020-07-02,31.2984,8,,,merra2_citywide,citywide,MERRA-2_GEE
2020-07-03,36.4792,8,,,merra2_citywide,citywide,MERRA-2_GEE
2020-07-04,67.1264,8,,,merra2_citywide,citywide,MERRA-2_GEE
2020-07-05,136.0619,8,,,merra2_citywide,citywide,MERRA-2_GEE
2020-07-06,99.3195,8,,,merra2_citywide,citywide,MERRA-2_GEE
2020-07-07,88.1816,8,,,merra2_citywide,citywide,MERRA-2_GEE
2020-07-08,68.1127,8,,,merra2_citywide,citywide,MERRA-2_GEE
2020-07-09,59.7648,8,,,merra2_citywide,citywide,MERRA-2_GEE
2020-07-10,80.7337,8,,,merra2_citywide,citywide,MERRA-2_GEE
2020-07-11,83.7023,8,,,merra2_citywide,citywide,MERRA-2_GEE
2020-07-12,95.4258,8,,,merra2_citywide,citywide,MERRA-2_GEE
2020-07-13,57.5914,8,,,merra2_citywide,citywide,MERRA-2_GEE
2020-07-14,44.6165,8,,,merra2_citywide,citywide,MERRA-2_GEE
2020-07-15,37.7487,8,,,merra2_citywide,citywide,MERRA-2_GEE
2020-07-16,53.6908,8,,,merra2_citywide,citywide,MERRA-2_GEE
2020-07-17,58.7261,8,,,merra2_citywide,citywide,MERRA-2_GEE
2020-07-18,43.9975,8,,,merra2_citywide,citywide,MERRA-2_GEE
2020-07-19,24.848,8,,,merra2_citywide,citywide,MERRA-2_GEE
2020-07-20,36.242,8,,,merra2_citywide,citywide,MERRA-2_GEE
2020-07-21,57.2009,8,,,merra2_citywide,citywide,MERRA-2_GEE
2020-07-22,41.8244,8,,,merra2_citywide,citywide,MERRA-2_GEE
2020-07-23,56.3269,8,,,merra2_citywide,citywide,MERRA-2_GEE
2020-07-24,51.179,8,,,merra2_citywide,citywide,MERRA-2_GEE
2020-07-25,50.0076,8,,,merra2_citywide,citywide,MERRA-2_GEE
2020-07-26,36.7036,8,,,merra2_citywide,citywide,MERRA-2_GEE
2020-07-27,32.6327,8,,,merra2_citywide,citywide,MERRA-2_GEE
2020-07-28,52.8393,8,,,merra2_citywide,citywide,MERRA-2_GEE
2020-07-29,81.3405,8,,,merra2_citywide,citywide,MERRA-2_GEE
2020-07-30,61.0013,8,,,merra2_citywide,citywide,MERRA-2_GEE
2020-07-31,48.4112,8,,,merra2_citywide,citywide,MERRA-2_GEE
2020-08-01,30.4582,8,,,merra2_citywide,citywide,MERRA-2_GEE
2020-08-02,28.1548,8,,,merra2_citywide,citywide,MERRA-2_GEE
2020-08-03,41.3527,8,,,merra2_citywide,citywide,MERRA-2_GEE
2020-08-04,67.6312,8,,,merra2_citywide,citywide,MERRA-2_GEE
2020-08-05,132.8032,8,,,merra2_citywide,citywide,MERRA-2_GEE
2020-08-06,132.544,8,,,merra2_citywide,citywide,MERRA-2_GEE
2020-08-07,50.2823,8,,,merra2_citywide,citywide,MERRA-2_GEE
2020-08-08,26.0433,8,,,merra2_citywide,citywide,MERRA-2_GEE
2020-08-09,53.4121,8,,,merra2_citywide,citywide,MERRA-2_GEE
2020-08-10,62.5684,8,,,merra2_citywide,citywide,MERRA-2_GEE
2020-08-11,56.5984,8,,,merra2_citywide,citywide,MERRA-2_GEE
2020-08-12,106.7902,8,,,merra2_citywide,citywide,MERRA-2_GEE
2020-08-13,92.696,8,,,merra2_citywide,citywide,MERRA-2_GEE
2020-08-14,77.7853,8,,,merra2_citywide,citywide,MERRA-2_GEE
2020-08-15,92.6916,8,,,merra2_citywide,citywide,MERRA-2_GEE
2020-08-16,89.4168,8,,,merra2_citywide,citywide,MERRA-2_GEE
2020-08-17,74.8503,8,,,merra2_citywide,citywide,MERRA-2_GEE
2020-08-18,72.7361,8,,,merra2_citywide,citywide,MERRA-2_GEE
2020-08-19,83.6842,8,,,merra2_citywide,citywide,MERRA-2_GEE
2020-08-20,55.9404,8,,,merra2_citywide,citywide,MERRA-2_GEE
2020-08-21,28.376,8,,,merra2_citywide,citywide,MERRA-2_GEE
2020-08-22,32.9248,8,,,merra2_citywide,citywide,MERRA-2_GEE
2020-08-23,38.7088,8,,,merra2_citywide,citywide,MERRA-2_GEE
2020-08-24,54.8909,8,,,merra2_citywide,citywide,MERRA-2_GEE
2020-08-25,63.915,8,,,merra2_citywide,citywide,MERRA-2_GEE
2020-08-26,57.6029,8,,,merra2_citywide,citywide,MERRA-2_GEE
2020-08-27,65.927,8,,,merra2_citywide,citywide,MERRA-2_GEE
2020-08-28,61.0146,8,,,merra2_citywide,citywide,MERRA-2_GEE
2020-08-29,74.3241,8,,,merra2_citywide,citywide,MERRA-2_GEE
2020-08-30,79.7349,8,,,merra2_citywide,citywide,MERRA-2_GEE
2020-08-31,76.6306,8,,,merra2_citywide,citywide,MERRA-2_GEE
2020-09-01,67.1149,8,,,merra2_citywide,citywide,MERRA-2_GEE
2020-09-02,56.4925,8,,,merra2_citywide,citywide,MERRA-2_GEE
2020-09-03,56.2542,8,,,merra2_citywide,citywide,MERRA-2_GEE
2020-09-04,56.3999,8,,,merra2_citywide,citywide,MERRA-2_GEE
2020-09-05,48.4503,8,,,merra2_citywide,citywide,MERRA-2_GEE
2020-09-06,45.7215,8,,,merra2_citywide,citywide,MERRA-2_GEE
2020-09-07,57.5731,8,,,merra2_citywide,citywide,MERRA-2_GEE
2020-09-08,51.872,8,,,merra2_citywide,citywide,MERRA-2_GEE
2020-09-09,32.6267,8,,,merra2_citywide,citywide,MERRA-2_GEE
2020-09-10,27.0824,8,,,merra2_citywide,citywide,MERRA-2_GEE
2020-09-11,27.1134,8,,,merra2_citywide,citywide,MERRA-2_GEE
2020-09-12,24.4364,8,,,merra2_citywide,citywide,MERRA-2_GEE
2020-09-13,42.7279,8,,,merra2_citywide,citywide,MERRA-2_GEE
2020-09-14,62.2737,8,,,merra2_citywide,citywide,MERRA-2_GEE
2020-09-15,61.2784,8,,,merra2_citywide,citywide,MERRA-2_GEE
2020-09-16,37.6325,8,,,merra2_citywide,citywide,MERRA-2_GEE
2020-09-17,47.7513,8,,,merra2_citywide,citywide,MERRA-2_GEE
2020-09-18,67.5891,8,,,merra2_citywide,citywide,MERRA-2_GEE
2020-09-19,54.5544,8,,,merra2_citywide,citywide,MERRA-2_GEE
2020-09-20,56.7239,8,,,merra2_citywide,citywide,MERRA-2_GEE
2020-09-21,63.5076,8,,,merra2_citywide,citywide,MERRA-2_GEE
2020-09-22,53.2095,8,,,merra2_citywide,citywide,MERRA-2_GEE
2020-09-23,48.6549,8,,,merra2_citywide,citywide,MERRA-2_GEE
2020-09-24,58.0476,8,,,merra2_citywide,citywide,MERRA-2_GEE
2020-09-25,76.4607,8,,,merra2_citywide,citywide,MERRA-2_GEE
2020-09-26,76.5661,8,,,merra2_citywide,citywide,MERRA-2_GEE
2020-09-27,55.1188,8,,,merra2_citywide,citywide,MERRA-2_GEE
2020-09-28,33.6122,8,,,merra2_citywide,citywide,MERRA-2_GEE
2020-09-29,39.0047,8,,,merra2_citywide,citywide,MERRA-2_GEE
2020-09-30,67.9841,8,,,merra2_citywide,citywide,MERRA-2_GEE
2020-10-01,98.4886,8,,,merra2_citywide,citywide,MERRA-2_GEE
2020-10-02,81.9231,8,,,merra2_citywide,citywide,MERRA-2_GEE
2020-10-03,62.4499,8,,,merra2_citywide,citywide,MERRA-2_GEE
2020-10-04,46.4396,8,,,merra2_citywide,citywide,MERRA-2_GEE
2020-10-05,44.21,8,,,merra2_citywide,citywide,MERRA-2_GEE
2020-10-06,34.9672,8,,,merra2_citywide,citywide,MERRA-2_GEE
2020-10-07,35.6803,8,,,merra2_citywide,citywide,MERRA-2_GEE
2020-10-08,37.1645,8,,,merra2_citywide,citywide,MERRA-2_GEE
2020-10-09,40.0625,8,,,merra2_citywide,citywide,MERRA-2_GEE
2020-10-10,42.5186,8,,,merra2_citywide,citywide,MERRA-2_GEE
2020-10-11,52.6497,8,,,merra2_citywide,citywide,MERRA-2_GEE
2020-10-12,60.9147,8,,,merra2_citywide,citywide,MERRA-2_GEE
2020-10-13,64.5442,8,,,merra2_citywide,citywide,MERRA-2_GEE
2020-10-14,55.9893,8,,,merra2_citywide,citywide,MERRA-2_GEE
2020-10-15,58.6769,8,,,merra2_citywide,citywide,MERRA-2_GEE
2020-10-16,94.8878,8,,,merra2_citywide,citywide,MERRA-2_GEE
2020-10-17,92.513,8,,,merra2_citywide,citywide,MERRA-2_GEE
2020-10-18,76.8948,8,,,merra2_citywide,citywide,MERRA-2_GEE
2020-10-19,59.282,8,,,merra2_citywide,citywide,MERRA-2_GEE
2020-10-20,35.7643,8,,,merra2_citywide,citywide,MERRA-2_GEE
2020-10-21,47.9307,8,,,merra2_citywide,citywide,MERRA-2_GEE
2020-10-22,37.2644,8,,,merra2_citywide,citywide,MERRA-2_GEE
2020-10-23,47.9934,8,,,merra2_citywide,citywide,MERRA-2_GEE
2020-10-24,60.1348,8,,,merra2_citywide,citywide,MERRA-2_GEE
2020-10-25,78.5395,8,,,merra2_citywide,citywide,MERRA-2_GEE
2020-10-26,57.6259,8,,,merra2_citywide,citywide,MERRA-2_GEE
2020-10-27,40.2865,8,,,merra2_citywide,citywide,MERRA-2_GEE
2020-10-28,43.4335,8,,,merra2_citywide,citywide,MERRA-2_GEE
2020-10-29,41.0801,8,,,merra2_citywide,citywide,MERRA-2_GEE
2020-10-30,41.9643,8,,,merra2_citywide,citywide,MERRA-2_GEE
2020-10-31,52.1431,8,,,merra2_citywide,citywide,MERRA-2_GEE
2020-11-01,61.364,8,,,merra2_citywide,citywide,MERRA-2_GEE
2020-11-02,37.2609,8,,,merra2_citywide,citywide,MERRA-2_GEE
2020-11-03,35.7675,8,,,merra2_citywide,citywide,MERRA-2_GEE
2020-11-04,34.6071,8,,,merra2_citywide,citywide,MERRA-2_GEE
2020-11-05,45.7909,8,,,merra2_citywide,citywide,MERRA-2_GEE
2020-11-06,57.0466,8,,,merra2_citywide,citywide,MERRA-2_GEE
2020-11-07,52.2306,8,,,merra2_citywide,citywide,MERRA-2_GEE
2020-11-08,43.9914,8,,,merra2_citywide,citywide,MERRA-2_GEE
2020-11-09,35.0558,8,,,merra2_citywide,citywide,MERRA-2_GEE
2020-11-10,37.2767,8,,,merra2_citywide,citywide,MERRA-2_GEE
2020-11-11,86.9423,8,,,merra2_citywide,citywide,MERRA-2_GEE
2020-11-12,265.519,8,,,merra2_citywide,citywide,MERRA-2_GEE
2020-11-13,191.3641,8,,,merra2_citywide,citywide,MERRA-2_GEE
2020-11-14,107.2742,8,,,merra2_citywide,citywide,MERRA-2_GEE
2020-11-15,67.8281,8,,,merra2_citywide,citywide,MERRA-2_GEE
2020-11-16,103.8862,8,,,merra2_citywide,citywide,MERRA-2_GEE
2020-11-17,171.0161,8,,,merra2_citywide,citywide,MERRA-2_GEE
2020-11-18,71.113,8,,,merra2_citywide,citywide,MERRA-2_GEE
2020-11-19,42.3806,8,,,merra2_citywide,citywide,MERRA-2_GEE
2020-11-20,60.9595,8,,,merra2_citywide,citywide,MERRA-2_GEE
2020-11-21,51.134,8,,,merra2_citywide,citywide,MERRA-2_GEE
2020-11-22,42.9884,8,,,merra2_citywide,citywide,MERRA-2_GEE
2020-11-23,26.3349,8,,,merra2_citywide,citywide,MERRA-2_GEE
2020-11-24,84.8872,8,,,merra2_citywide,citywide,MERRA-2_GEE
2020-11-25,92.4367,8,,,merra2_citywide,citywide,MERRA-2_GEE
2020-11-26,95.9573,8,,,merra2_citywide,citywide,MERRA-2_GEE
2020-11-27,101.0531,8,,,merra2_citywide,citywide,MERRA-2_GEE
2020-11-28,62.2815,8,,,merra2_citywide,citywide,MERRA-2_GEE
2020-11-29,59.2385,8,,,merra2_citywide,citywide,MERRA-2_GEE
2020-11-30,36.3471,8,,,merra2_citywide,citywide,MERRA-2_GEE
2020-12-01,27.8942,8,,,merra2_citywide,citywide,MERRA-2_GEE
2020-12-02,22.2451,8,,,merra2_citywide,citywide,MERRA-2_GEE
2020-12-03,26.6589,8,,,merra2_citywide,citywide,MERRA-2_GEE
2020-12-04,24.5531,8,,,merra2_citywide,citywide,MERRA-2_GEE
2020-12-05,38.2484,8,,,merra2_citywide,citywide,MERRA-2_GEE
2020-12-06,85.0445,8,,,merra2_citywide,citywide,MERRA-2_GEE
2020-12-07,118.1455,8,,,merra2_citywide,citywide,MERRA-2_GEE
2020-12-08,102.5586,8,,,merra2_citywide,citywide,MERRA-2_GEE
2020-12-09,111.9188,8,,,merra2_citywide,citywide,MERRA-2_GEE
2020-12-10,99.2946,8,,,merra2_citywide,citywide,MERRA-2_GEE
2020-12-11,87.7697,8,,,merra2_citywide,citywide,MERRA-2_GEE
2020-12-12,48.1853,8,,,merra2_citywide,citywide,MERRA-2_GEE
2020-12-13,32.6038,8,,,merra2_citywide,citywide,MERRA-2_GEE
2020-12-14,35.5378,8,,,merra2_citywide,citywide,MERRA-2_GEE
2020-12-15,57.5991,8,,,merra2_citywide,citywide,MERRA-2_GEE
2020-12-16,69.5203,8,,,merra2_citywide,citywide,MERRA-2_GEE
2020-12-17,68.8493,8,,,merra2_citywide,citywide,MERRA-2_GEE
2020-12-18,63.3673,8,,,merra2_citywide,citywide,MERRA-2_GEE
2020-12-19,54.8482,8,,,merra2_citywide,citywide,MERRA-2_GEE
2020-12-20,55.5842,8,,,merra2_citywide,citywide,MERRA-2_GEE
2020-12-21,46.2821,8,,,merra2_citywide,citywide,MERRA-2_GEE
2020-12-22,40.8621,8,,,merra2_citywide,citywide,MERRA-2_GEE
2020-12-23,57.8523,8,,,merra2_citywide,citywide,MERRA-2_GEE
2020-12-24,72.2026,8,,,merra2_citywide,citywide,MERRA-2_GEE
2020-12-25,56.2444,8,,,merra2_citywide,citywide,MERRA-2_GEE
2020-12-26,41.3394,8,,,merra2_citywide,citywide,MERRA-2_GEE
2020-12-27,59.7476,8,,,merra2_citywide,citywide,MERRA-2_GEE
2020-12-28,43.4508,8,,,merra2_citywide,citywide,MERRA-2_GEE
2020-12-29,67.4535,8,,,merra2_citywide,citywide,MERRA-2_GEE
2020-12-30,73.4468,8,,,merra2_citywide,citywide,MERRA-2_GEE
2020-12-31,78.4435,8,,,merra2_citywide,citywide,MERRA-2_GEE
2021-01-01,56.1917,8,,,merra2_citywide,citywide,MERRA-2_GEE
2021-01-02,42.7897,8,,,merra2_citywide,citywide,MERRA-2_GEE
2021-01-03,36.7096,8,,,merra2_citywide,citywide,MERRA-2_GEE
2021-01-04,64.8155,8,,,merra2_citywide,citywide,MERRA-2_GEE
2021-01-05,53.6667,8,,,merra2_citywide,citywide,MERRA-2_GEE
2021-01-06,37.6214,8,,,merra2_citywide,citywide,MERRA-2_GEE
2021-01-07,58.479,8,,,merra2_citywide,citywide,MERRA-2_GEE
2021-01-08,42.4676,8,,,merra2_citywide,citywide,MERRA-2_GEE
2021-01-09,53.1019,8,,,merra2_citywide,citywide,MERRA-2_GEE
2021-01-10,43.2401,8,,,merra2_citywide,citywide,MERRA-2_GEE
2021-01-11,33.9028,8,,,merra2_citywide,citywide,MERRA-2_GEE
2021-01-12,24.9476,8,,,merra2_citywide,citywide,MERRA-2_GEE
2021-01-13,21.7825,8,,,merra2_citywide,citywide,MERRA-2_GEE
2021-01-14,30.7729,8,,,merra2_citywide,citywide,MERRA-2_GEE
2021-01-15,71.7123,8,,,merra2_citywide,citywide,MERRA-2_GEE
2021-01-16,90.796,8,,,merra2_citywide,citywide,MERRA-2_GEE
2021-01-17,44.2527,8,,,merra2_citywide,citywide,MERRA-2_GEE
2021-01-18,95.5199,8,,,merra2_citywide,citywide,MERRA-2_GEE
2021-01-19,118.6147,8,,,merra2_citywide,citywide,MERRA-2_GEE
2021-01-20,49.3781,8,,,merra2_citywide,citywide,MERRA-2_GEE
2021-01-21,37.5453,8,,,merra2_citywide,citywide,MERRA-2_GEE
2021-01-22,79.4027,8,,,merra2_citywide,citywide,MERRA-2_GEE
2021-01-23,169.657,8,,,merra2_citywide,citywide,MERRA-2_GEE
2021-01-24,68.3489,8,,,merra2_citywide,citywide,MERRA-2_GEE
2021-01-25,56.9248,8,,,merra2_citywide,citywide,MERRA-2_GEE
2021-01-26,48.579,8,,,merra2_citywide,citywide,MERRA-2_GEE
2021-01-27,47.6017,8,,,merra2_citywide,citywide,MERRA-2_GEE
2021-01-28,35.4355,8,,,merra2_citywide,citywide,MERRA-2_GEE
2021-01-29,29.449,8,,,merra2_citywide,citywide,MERRA-2_GEE
2021-01-30,20.716,8,,,merra2_citywide,citywide,MERRA-2_GEE
2021-01-31,28.6613,8,,,merra2_citywide,citywide,MERRA-2_GEE
2021-02-01,40.4333,8,,,merra2_citywide,citywide,MERRA-2_GEE
2021-02-02,37.4562,8,,,merra2_citywide,citywide,MERRA-2_GEE
2021-02-03,39.1499,8,,,merra2_citywide,citywide,MERRA-2_GEE
2021-02-04,65.4848,8,,,merra2_citywide,citywide,MERRA-2_GEE
2021-02-05,77.9755,8,,,merra2_citywide,citywide,MERRA-2_GEE
2021-02-06,49.3824,8,,,merra2_citywide,citywide,MERRA-2_GEE
2021-02-07,42.9342,8,,,merra2_citywide,citywide,MERRA-2_GEE
2021-02-08,35.2525,8,,,merra2_citywide,citywide,MERRA-2_GEE
2021-02-09,41.8663,8,,,merra2_citywide,citywide,MERRA-2_GEE
2021-02-10,61.7595,8,,,merra2_citywide,citywide,MERRA-2_GEE
2021-02-11,56.3829,8,,,merra2_citywide,citywide,MERRA-2_GEE
2021-02-12,43.6559,8,,,merra2_citywide,citywide,MERRA-2_GEE
2021-02-13,45.5264,8,,,merra2_citywide,citywide,MERRA-2_GEE
2021-02-14,43.3581,8,,,merra2_citywide,citywide,MERRA-2_GEE
2021-02-15,50.3304,8,,,merra2_citywide,citywide,MERRA-2_GEE
2021-02-16,41.7245,8,,,merra2_citywide,citywide,MERRA-2_GEE
2021-02-17,34.6657,8,,,merra2_citywide,citywide,MERRA-2_GEE
2021-02-18,32.5752,8,,,merra2_citywide,citywide,MERRA-2_GEE
2021-02-19,42.026,8,,,merra2_citywide,citywide,MERRA-2_GEE
2021-02-20,44.3922,8,,,merra2_citywide,citywide,MERRA-2_GEE
2021-02-21,40.4913,8,,,merra2_citywide,citywide,MERRA-2_GEE
2021-02-22,37.1594,8,,,merra2_citywide,citywide,MERRA-2_GEE
2021-02-23,43.0858,8,,,merra2_citywide,citywide,MERRA-2_GEE
2021-02-24,49.2598,8,,,merra2_citywide,citywide,MERRA-2_GEE
2021-02-25,63.2832,8,,,merra2_citywide,citywide,MERRA-2_GEE
2021-02-26,89.1791,8,,,merra2_citywide,citywide,MERRA-2_GEE
2021-02-27,96.2786,8,,,merra2_citywide,citywide,MERRA-2_GEE
2021-02-28,72.7162,8,,,merra2_citywide,citywide,MERRA-2_GEE
2021-03-01,35.8561,8,,,merra2_citywide,citywide,MERRA-2_GEE
2021-03-02,34.7722,8,,,merra2_citywide,citywide,MERRA-2_GEE
2021-03-03,45.7456,8,,,merra2_citywide,citywide,MERRA-2_GEE
2021-03-04,66.9461,8,,,merra2_citywide,citywide,MERRA-2_GEE
2021-03-05,50.5903,8,,,merra2_citywide,citywide,MERRA-2_GEE
2021-03-06,46.386,8,,,merra2_citywide,citywide,MERRA-2_GEE
2021-03-07,87.5936,8,,,merra2_citywide,citywide,MERRA-2_GEE
2021-03-08,64.917,8,,,merra2_citywide,citywide,MERRA-2_GEE
2021-03-09,44.4674,8,,,merra2_citywide,citywide,MERRA-2_GEE
2021-03-10,22.4461,8,,,merra2_citywide,citywide,MERRA-2_GEE
2021-03-11,53.2205,8,,,merra2_citywide,citywide,MERRA-2_GEE
2021-03-12,60.6395,8,,,merra2_citywide,citywide,MERRA-2_GEE
2021-03-13,73.8029,8,,,merra2_citywide,citywide,MERRA-2_GEE
2021-03-14,83.1334,8,,,merra2_citywide,citywide,MERRA-2_GEE
2021-03-15,83.0283,8,,,merra2_citywide,citywide,MERRA-2_GEE
2021-03-16,67.6516,8,,,merra2_citywide,citywide,MERRA-2_GEE
2021-03-17,78.5446,8,,,merra2_citywide,citywide,MERRA-2_GEE
2021-03-18,69.4653,8,,,merra2_citywide,citywide,MERRA-2_GEE
2021-03-19,79.0195,8,,,merra2_citywide,citywide,MERRA-2_GEE
2021-03-20,77.849,8,,,merra2_citywide,citywide,MERRA-2_GEE
2021-03-21,75.4518,8,,,merra2_citywide,citywide,MERRA-2_GEE
2021-03-22,88.5143,8,,,merra2_citywide,citywide,MERRA-2_GEE
2021-03-23,83.0928,8,,,merra2_citywide,citywide,MERRA-2_GEE
2021-03-24,87.7513,8,,,merra2_citywide,citywide,MERRA-2_GEE
2021-03-25,71.7328,8,,,merra2_citywide,citywide,MERRA-2_GEE
2021-03-26,43.5221,8,,,merra2_citywide,citywide,MERRA-2_GEE
2021-03-27,49.1116,8,,,merra2_citywide,citywide,MERRA-2_GEE
2021-03-28,69.1925,8,,,merra2_citywide,citywide,MERRA-2_GEE
2021-03-29,97.6745,8,,,merra2_citywide,citywide,MERRA-2_GEE
2021-03-30,142.0372,8,,,merra2_citywide,citywide,MERRA-2_GEE
2021-03-31,109.4894,8,,,merra2_citywide,citywide,MERRA-2_GEE
2021-04-01,74.1389,8,,,merra2_citywide,citywide,MERRA-2_GEE
2021-04-02,101.8529,8,,,merra2_citywide,citywide,MERRA-2_GEE
2021-04-03,66.5357,8,,,merra2_citywide,citywide,MERRA-2_GEE
2021-04-04,51.5066,8,,,merra2_citywide,citywide,MERRA-2_GEE
2021-04-05,64.8556,8,,,merra2_citywide,citywide,MERRA-2_GEE
2021-04-06,87.0631,8,,,merra2_citywide,citywide,MERRA-2_GEE
2021-04-07,90.352,8,,,merra2_citywide,citywide,MERRA-2_GEE
2021-04-08,59.695,8,,,merra2_citywide,citywide,MERRA-2_GEE
2021-04-09,52.0129,8,,,merra2_citywide,citywide,MERRA-2_GEE
2021-04-10,41.646,8,,,merra2_citywide,citywide,MERRA-2_GEE
2021-04-11,53.0141,8,,,merra2_citywide,citywide,MERRA-2_GEE
2021-04-12,51.6322,8,,,merra2_citywide,citywide,MERRA-2_GEE
2021-04-13,36.3104,8,,,merra2_citywide,citywide,MERRA-2_GEE
2021-04-14,34.4805,8,,,merra2_citywide,citywide,MERRA-2_GEE
2021-04-15,47.153,8,,,merra2_citywide,citywide,MERRA-2_GEE
2021-04-16,90.6163,8,,,merra2_citywide,citywide,MERRA-2_GEE
2021-04-17,90.1932,8,,,merra2_citywide,citywide,MERRA-2_GEE
2021-04-18,83.9828,8,,,merra2_citywide,citywide,MERRA-2_GEE
2021-04-19,73.0835,8,,,merra2_citywide,citywide,MERRA-2_GEE
2021-04-20,66.0853,8,,,merra2_citywide,citywide,MERRA-2_GEE
2021-04-21,85.7968,8,,,merra2_citywide,citywide,MERRA-2_GEE
2021-04-22,76.059,8,,,merra2_citywide,citywide,MERRA-2_GEE
2021-04-23,88.6171,8,,,merra2_citywide,citywide,MERRA-2_GEE
2021-04-24,150.7037,8,,,merra2_citywide,citywide,MERRA-2_GEE
2021-04-25,85.709,8,,,merra2_citywide,citywide,MERRA-2_GEE
2021-04-26,62.5208,8,,,merra2_citywide,citywide,MERRA-2_GEE
2021-04-27,66.5067,8,,,merra2_citywide,citywide,MERRA-2_GEE
2021-04-28,52.3745,8,,,merra2_citywide,citywide,MERRA-2_GEE
2021-04-29,53.35,8,,,merra2_citywide,citywide,MERRA-2_GEE
2021-04-30,72.3196,8,,,merra2_citywide,citywide,MERRA-2_GEE
2021-05-01,92.5992,8,,,merra2_citywide,citywide,MERRA-2_GEE
2021-05-02,51.8857,8,,,merra2_citywide,citywide,MERRA-2_GEE
2021-05-03,56.5562,8,,,merra2_citywide,citywide,MERRA-2_GEE
2021-05-04,63.617,8,,,merra2_citywide,citywide,MERRA-2_GEE
2021-05-05,80.7833,8,,,merra2_citywide,citywide,MERRA-2_GEE
2021-05-06,63.142,8,,,merra2_citywide,citywide,MERRA-2_GEE
2021-05-07,53.0235,8,,,merra2_citywide,citywide,MERRA-2_GEE
2021-05-08,55.9531,8,,,merra2_citywide,citywide,MERRA-2_GEE
2021-05-09,48.0291,8,,,merra2_citywide,citywide,MERRA-2_GEE
2021-05-10,61.6375,8,,,merra2_citywide,citywide,MERRA-2_GEE
2021-05-11,75.0941,8,,,merra2_citywide,citywide,MERRA-2_GEE
2021-05-12,97.6313,8,,,merra2_citywide,citywide,MERRA-2_GEE
2021-05-13,108.3083,8,,,merra2_citywide,citywide,MERRA-2_GEE
2021-05-14,94.6108,8,,,merra2_citywide,citywide,MERRA-2_GEE
2021-05-15,58.4914,8,,,merra2_citywide,citywide,MERRA-2_GEE
2021-05-16,94.7586,8,,,merra2_citywide,citywide,MERRA-2_GEE
2021-05-17,103.5483,8,,,merra2_citywide,citywide,MERRA-2_GEE
2021-05-18,110.3089,8,,,merra2_citywide,citywide,MERRA-2_GEE
2021-05-19,60.9658,8,,,merra2_citywide,citywide,MERRA-2_GEE
2021-05-20,79.2831,8,,,merra2_citywide,citywide,MERRA-2_GEE
2021-05-21,100.9825,8,,,merra2_citywide,citywide,MERRA-2_GEE
2021-05-22,120.4426,8,,,merra2_citywide,citywide,MERRA-2_GEE
2021-05-23,73.9074,8,,,merra2_citywide,citywide,MERRA-2_GEE
2021-05-24,64.67,8,,,merra2_citywide,citywide,MERRA-2_GEE
2021-05-25,77.6148,8,,,merra2_citywide,citywide,MERRA-2_GEE
2021-05-26,122.0999,8,,,merra2_citywide,citywide,MERRA-2_GEE
2021-05-27,142.2448,8,,,merra2_citywide,citywide,MERRA-2_GEE
2021-05-28,113.3275,8,,,merra2_citywide,citywide,MERRA-2_GEE
2021-05-29,100.831,8,,,merra2_citywide,citywide,MERRA-2_GEE
2021-05-30,92.7792,8,,,merra2_citywide,citywide,MERRA-2_GEE
2021-05-31,99.6037,8,,,merra2_citywide,citywide,MERRA-2_GEE
2021-06-01,86.1818,8,,,merra2_citywide,citywide,MERRA-2_GEE
2021-06-02,77.0747,8,,,merra2_citywide,citywide,MERRA-2_GEE
2021-06-03,55.5439,8,,,merra2_citywide,citywide,MERRA-2_GEE
2021-06-04,47.7856,8,,,merra2_citywide,citywide,MERRA-2_GEE
2021-06-05,41.2714,8,,,merra2_citywide,citywide,MERRA-2_GEE
2021-06-06,26.9117,8,,,merra2_citywide,citywide,MERRA-2_GEE
2021-06-07,30.7416,8,,,merra2_citywide,citywide,MERRA-2_GEE
2021-06-08,39.0309,8,,,merra2_citywide,citywide,MERRA-2_GEE
2021-06-09,49.5199,8,,,merra2_citywide,citywide,MERRA-2_GEE
2021-06-10,54.4526,8,,,merra2_citywide,citywide,MERRA-2_GEE
2021-06-11,54.8942,8,,,merra2_citywide,citywide,MERRA-2_GEE
2021-06-12,79.1211,8,,,merra2_citywide,citywide,MERRA-2_GEE
2021-06-13,72.5904,8,,,merra2_citywide,citywide,MERRA-2_GEE
2021-06-14,79.4993,8,,,merra2_citywide,citywide,MERRA-2_GEE
2021-06-15,78.7731,8,,,merra2_citywide,citywide,MERRA-2_GEE
2021-06-16,121.5356,8,,,merra2_citywide,citywide,MERRA-2_GEE
2021-06-17,99.8954,8,,,merra2_citywide,citywide,MERRA-2_GEE
2021-06-18,103.5728,8,,,merra2_citywide,citywide,MERRA-2_GEE
2021-06-19,109.7993,8,,,merra2_citywide,citywide,MERRA-2_GEE
2021-06-20,148.6144,8,,,merra2_citywide,citywide,MERRA-2_GEE
2021-06-21,126.6003,8,,,merra2_citywide,citywide,MERRA-2_GEE
2021-06-22,88.4381,8,,,merra2_citywide,citywide,MERRA-2_GEE
2021-06-23,70.7174,8,,,merra2_citywide,citywide,MERRA-2_GEE
2021-06-24,68.6683,8,,,merra2_citywide,citywide,MERRA-2_GEE
2021-06-25,75.6358,8,,,merra2_citywide,citywide,MERRA-2_GEE
2021-06-26,76.2736,8,,,merra2_citywide,citywide,MERRA-2_GEE
2021-06-27,54.2975,8,,,merra2_citywide,citywide,MERRA-2_GEE
2021-06-28,56.737,8,,,merra2_citywide,citywide,MERRA-2_GEE
2021-06-29,44.4051,8,,,merra2_citywide,citywide,MERRA-2_GEE
2021-06-30,89.2828,8,,,merra2_citywide,citywide,MERRA-2_GEE
2021-07-01,130.234,8,,,merra2_citywide,citywide,MERRA-2_GEE
2021-07-02,137.9172,8,,,merra2_citywide,citywide,MERRA-2_GEE
2021-07-03,116.7402,8,,,merra2_citywide,citywide,MERRA-2_GEE
2021-07-04,53.3447,8,,,merra2_citywide,citywide,MERRA-2_GEE
2021-07-05,52.6077,8,,,merra2_citywide,citywide,MERRA-2_GEE
2021-07-06,45.8989,8,,,merra2_citywide,citywide,MERRA-2_GEE
2021-07-07,51.6775,8,,,merra2_citywide,citywide,MERRA-2_GEE
2021-07-08,80.8607,8,,,merra2_citywide,citywide,MERRA-2_GEE
2021-07-09,92.641,8,,,merra2_citywide,citywide,MERRA-2_GEE
2021-07-10,76.7965,8,,,merra2_citywide,citywide,MERRA-2_GEE
2021-07-11,49.4615,8,,,merra2_citywide,citywide,MERRA-2_GEE
2021-07-12,69.0765,8,,,merra2_citywide,citywide,MERRA-2_GEE
2021-07-13,63.2974,8,,,merra2_citywide,citywide,MERRA-2_GEE
2021-07-14,68.731,8,,,merra2_citywide,citywide,MERRA-2_GEE
2021-07-15,74.2932,8,,,merra2_citywide,citywide,MERRA-2_GEE
2021-07-16,54.4031,8,,,merra2_citywide,citywide,MERRA-2_GEE
2021-07-17,48.0572,8,,,merra2_citywide,citywide,MERRA-2_GEE
2021-07-18,69.5424,8,,,merra2_citywide,citywide,MERRA-2_GEE
2021-07-19,164.3336,8,,,merra2_citywide,citywide,MERRA-2_GEE
2021-07-20,166.9001,8,,,merra2_citywide,citywide,MERRA-2_GEE
2021-07-21,201.2222,8,,,merra2_citywide,citywide,MERRA-2_GEE
2021-07-22,173.8913,8,,,merra2_citywide,citywide,MERRA-2_GEE
2021-07-23,142.188,8,,,merra2_citywide,citywide,MERRA-2_GEE
2021-07-24,101.8923,8,,,merra2_citywide,citywide,MERRA-2_GEE
2021-07-25,103.9378,8,,,merra2_citywide,citywide,MERRA-2_GEE
2021-07-26,140.1885,8,,,merra2_citywide,citywide,MERRA-2_GEE
2021-07-27,188.4677,8,,,merra2_citywide,citywide,MERRA-2_GEE
2021-07-28,164.8598,8,,,merra2_citywide,citywide,MERRA-2_GEE
2021-07-29,175.8906,8,,,merra2_citywide,citywide,MERRA-2_GEE
2021-07-30,161.5542,8,,,merra2_citywide,citywide,MERRA-2_GEE
2021-07-31,166.9446,8,,,merra2_citywide,citywide,MERRA-2_GEE
2021-08-01,140.1203,8,,,merra2_citywide,citywide,MERRA-2_GEE
2021-08-02,108.2994,8,,,merra2_citywide,citywide,MERRA-2_GEE
2021-08-03,98.4097,8,,,merra2_citywide,citywide,MERRA-2_GEE
2021-08-04,117.4293,8,,,merra2_citywide,citywide,MERRA-2_GEE
2021-08-05,136.8474,8,,,merra2_citywide,citywide,MERRA-2_GEE
2021-08-06,109.06,8,,,merra2_citywide,citywide,MERRA-2_GEE
2021-08-07,84.2499,8,,,merra2_citywide,citywide,MERRA-2_GEE
2021-08-08,59.1415,8,,,merra2_citywide,citywide,MERRA-2_GEE
2021-08-09,47.9817,8,,,merra2_citywide,citywide,MERRA-2_GEE
2021-08-10,46.2535,8,,,merra2_citywide,citywide,MERRA-2_GEE
2021-08-11,49.5987,8,,,merra2_citywide,citywide,MERRA-2_GEE
2021-08-12,49.7337,8,,,merra2_citywide,citywide,MERRA-2_GEE
2021-08-13,53.944,8,,,merra2_citywide,citywide,MERRA-2_GEE
2021-08-14,42.3691,8,,,merra2_citywide,citywide,MERRA-2_GEE
2021-08-15,70.7766,8,,,merra2_citywide,citywide,MERRA-2_GEE
2021-08-16,45.5179,8,,,merra2_citywide,citywide,MERRA-2_GEE
2021-08-17,48.2413,8,,,merra2_citywide,citywide,MERRA-2_GEE
2021-08-18,45.9742,8,,,merra2_citywide,citywide,MERRA-2_GEE
2021-08-19,48.5738,8,,,merra2_citywide,citywide,MERRA-2_GEE
2021-08-20,47.1083,8,,,merra2_citywide,citywide,MERRA-2_GEE
2021-08-21,41.3276,8,,,merra2_citywide,citywide,MERRA-2_GEE
2021-08-22,30.4917,8,,,merra2_citywide,citywide,MERRA-2_GEE
2021-08-23,35.3312,8,,,merra2_citywide,citywide,MERRA-2_GEE
2021-08-24,46.9484,8,,,merra2_citywide,citywide,MERRA-2_GEE
2021-08-25,71.8477,8,,,merra2_citywide,citywide,MERRA-2_GEE
2021-08-26,87.9446,8,,,merra2_citywide,citywide,MERRA-2_GEE
2021-08-27,81.4798,8,,,merra2_citywide,citywide,MERRA-2_GEE
2021-08-28,43.8419,8,,,merra2_citywide,citywide,MERRA-2_GEE
2021-08-29,34.8007,8,,,merra2_citywide,citywide,MERRA-2_GEE
2021-08-30,34.3054,8,,,merra2_citywide,citywide,MERRA-2_GEE
2021-08-31,51.0999,8,,,merra2_citywide,citywide,MERRA-2_GEE
2021-09-01,55.8391,8,,,merra2_citywide,citywide,MERRA-2_GEE
2021-09-02,66.257,8,,,merra2_citywide,citywide,MERRA-2_GEE
2021-09-03,74.5425,8,,,merra2_citywide,citywide,MERRA-2_GEE
2021-09-04,55.0154,8,,,merra2_citywide,citywide,MERRA-2_GEE
2021-09-05,39.6039,8,,,merra2_citywide,citywide,MERRA-2_GEE
2021-09-06,31.3593,8,,,merra2_citywide,citywide,MERRA-2_GEE
2021-09-07,57.5169,8,,,merra2_citywide,citywide,MERRA-2_GEE
2021-09-08,54.9339,8,,,merra2_citywide,citywide,MERRA-2_GEE
2021-09-09,61.855,8,,,merra2_citywide,citywide,MERRA-2_GEE
2021-09-10,65.9733,8,,,merra2_citywide,citywide,MERRA-2_GEE
2021-09-11,74.8651,8,,,merra2_citywide,citywide,MERRA-2_GEE
2021-09-12,78.1855,8,,,merra2_citywide,citywide,MERRA-2_GEE
2021-09-13,73.7235,8,,,merra2_citywide,citywide,MERRA-2_GEE
2021-09-14,66.2939,8,,,merra2_citywide,citywide,MERRA-2_GEE
2021-09-15,46.0622,8,,,merra2_citywide,citywide,MERRA-2_GEE
2021-09-16,36.1533,8,,,merra2_citywide,citywide,MERRA-2_GEE
2021-09-17,34.0819,8,,,merra2_citywide,citywide,MERRA-2_GEE
2021-09-18,34.6256,8,,,merra2_citywide,citywide,MERRA-2_GEE
2021-09-19,32.1875,8,,,merra2_citywide,citywide,MERRA-2_GEE
2021-09-20,36.3796,8,,,merra2_citywide,citywide,MERRA-2_GEE
2021-09-21,51.3457,8,,,merra2_citywide,citywide,MERRA-2_GEE
2021-09-22,51.5017,8,,,merra2_citywide,citywide,MERRA-2_GEE
2021-09-23,42.1118,8,,,merra2_citywide,citywide,MERRA-2_GEE
2021-09-24,42.6451,8,,,merra2_citywide,citywide,MERRA-2_GEE
2021-09-25,68.1017,8,,,merra2_citywide,citywide,MERRA-2_GEE
2021-09-26,43.1756,8,,,merra2_citywide,citywide,MERRA-2_GEE
2021-09-27,51.15,8,,,merra2_citywide,citywide,MERRA-2_GEE
2021-09-28,38.7898,8,,,merra2_citywide,citywide,MERRA-2_GEE
2021-09-29,55.8819,8,,,merra2_citywide,citywide,MERRA-2_GEE
2021-09-30,48.4733,8,,,merra2_citywide,citywide,MERRA-2_GEE
2021-10-01,29.5565,8,,,merra2_citywide,citywide,MERRA-2_GEE
2021-10-02,22.0436,8,,,merra2_citywide,citywide,MERRA-2_GEE
2021-10-03,34.2025,8,,,merra2_citywide,citywide,MERRA-2_GEE
2021-10-04,119.7411,8,,,merra2_citywide,citywide,MERRA-2_GEE
2021-10-05,119.5185,8,,,merra2_citywide,citywide,MERRA-2_GEE
2021-10-06,49.0233,8,,,merra2_citywide,citywide,MERRA-2_GEE
2021-10-07,52.0044,8,,,merra2_citywide,citywide,MERRA-2_GEE
2021-10-08,55.7114,8,,,merra2_citywide,citywide,MERRA-2_GEE
2021-10-09,64.699,8,,,merra2_citywide,citywide,MERRA-2_GEE
2021-10-10,60.6711,8,,,merra2_citywide,citywide,MERRA-2_GEE
2021-10-11,95.4426,8,,,merra2_citywide,citywide,MERRA-2_GEE
2021-10-12,93.4109,8,,,merra2_citywide,citywide,MERRA-2_GEE
2021-10-13,72.2073,8,,,merra2_citywide,citywide,MERRA-2_GEE
2021-10-14,55.6479,8,,,merra2_citywide,citywide,MERRA-2_GEE
2021-10-15,41.7539,8,,,merra2_citywide,citywide,MERRA-2_GEE
2021-10-16,36.4556,8,,,merra2_citywide,citywide,MERRA-2_GEE
2021-10-17,39.3072,8,,,merra2_citywide,citywide,MERRA-2_GEE
2021-10-18,55.6983,8,,,merra2_citywide,citywide,MERRA-2_GEE
2021-10-19,54.3247,8,,,merra2_citywide,citywide,MERRA-2_GEE
2021-10-20,31.9863,8,,,merra2_citywide,citywide,MERRA-2_GEE
2021-10-21,22.7723,8,,,merra2_citywide,citywide,MERRA-2_GEE
2021-10-22,64.3972,8,,,merra2_citywide,citywide,MERRA-2_GEE
2021-10-23,179.3574,8,,,merra2_citywide,citywide,MERRA-2_GEE
2021-10-24,167.3863,8,,,merra2_citywide,citywide,MERRA-2_GEE
2021-10-25,169.317,8,,,merra2_citywide,citywide,MERRA-2_GEE
2021-10-26,125.6362,8,,,merra2_citywide,citywide,MERRA-2_GEE
2021-10-27,123.0697,8,,,merra2_citywide,citywide,MERRA-2_GEE
2021-10-28,87.1222,8,,,merra2_citywide,citywide,MERRA-2_GEE
2021-10-29,63.2839,8,,,merra2_citywide,citywide,MERRA-2_GEE
2021-10-30,52.0234,8,,,merra2_citywide,citywide,MERRA-2_GEE
2021-10-31,51.5408,8,,,merra2_citywide,citywide,MERRA-2_GEE
2021-11-01,66.9346,8,,,merra2_citywide,citywide,MERRA-2_GEE
2021-11-02,64.2368,8,,,merra2_citywide,citywide,MERRA-2_GEE
2021-11-03,143.1505,8,,,merra2_citywide,citywide,MERRA-2_GEE
2021-11-04,137.2664,8,,,merra2_citywide,citywide,MERRA-2_GEE
2021-11-05,86.2952,8,,,merra2_citywide,citywide,MERRA-2_GEE
2021-11-06,55.3787,8,,,merra2_citywide,citywide,MERRA-2_GEE
2021-11-07,59.8642,8,,,merra2_citywide,citywide,MERRA-2_GEE
2021-11-08,68.2721,8,,,merra2_citywide,citywide,MERRA-2_GEE
2021-11-09,62.5292,8,,,merra2_citywide,citywide,MERRA-2_GEE
2021-11-10,53.3369,8,,,merra2_citywide,citywide,MERRA-2_GEE
2021-11-11,44.5702,8,,,merra2_citywide,citywide,MERRA-2_GEE
2021-11-12,59.164,8,,,merra2_citywide,citywide,MERRA-2_GEE
2021-11-13,41.7647,8,,,merra2_citywide,citywide,MERRA-2_GEE
2021-11-14,31.8259,8,,,merra2_citywide,citywide,MERRA-2_GEE
2021-11-15,95.6722,8,,,merra2_citywide,citywide,MERRA-2_GEE
2021-11-16,116.3661,8,,,merra2_citywide,citywide,MERRA-2_GEE
2021-11-17,128.566,8,,,merra2_citywide,citywide,MERRA-2_GEE
2021-11-18,137.008,8,,,merra2_citywide,citywide,MERRA-2_GEE
2021-11-19,128.4389,8,,,merra2_citywide,citywide,MERRA-2_GEE
2021-11-20,129.3762,8,,,merra2_citywide,citywide,MERRA-2_GEE
2021-11-21,156.7081,8,,,merra2_citywide,citywide,MERRA-2_GEE
2021-11-22,106.5678,8,,,merra2_citywide,citywide,MERRA-2_GEE
2021-11-23,34.4504,8,,,merra2_citywide,citywide,MERRA-2_GEE
2021-11-24,42.6705,8,,,merra2_citywide,citywide,MERRA-2_GEE
2021-11-25,41.1968,8,,,merra2_citywide,citywide,MERRA-2_GEE
2021-11-26,68.4064,8,,,merra2_citywide,citywide,MERRA-2_GEE
2021-11-27,38.7676,8,,,merra2_citywide,citywide,MERRA-2_GEE
2021-11-28,107.787,8,,,merra2_citywide,citywide,MERRA-2_GEE
2021-11-29,126.6059,8,,,merra2_citywide,citywide,MERRA-2_GEE
2021-11-30,83.6719,8,,,merra2_citywide,citywide,MERRA-2_GEE
2021-12-01,82.2564,8,,,merra2_citywide,citywide,MERRA-2_GEE
2021-12-02,83.7288,8,,,merra2_citywide,citywide,MERRA-2_GEE
2021-12-03,78.5295,8,,,merra2_citywide,citywide,MERRA-2_GEE
2021-12-04,95.5757,8,,,merra2_citywide,citywide,MERRA-2_GEE
2021-12-05,46.8027,8,,,merra2_citywide,citywide,MERRA-2_GEE
2021-12-06,81.478,8,,,merra2_citywide,citywide,MERRA-2_GEE
2021-12-07,101.4686,8,,,merra2_citywide,citywide,MERRA-2_GEE
2021-12-08,107.1644,8,,,merra2_citywide,citywide,MERRA-2_GEE
2021-12-09,74.6129,8,,,merra2_citywide,citywide,MERRA-2_GEE
2021-12-10,58.9902,8,,,merra2_citywide,citywide,MERRA-2_GEE
2021-12-11,53.9321,8,,,merra2_citywide,citywide,MERRA-2_GEE
2021-12-12,33.7041,8,,,merra2_citywide,citywide,MERRA-2_GEE
2021-12-13,38.3924,8,,,merra2_citywide,citywide,MERRA-2_GEE
2021-12-14,55.5218,8,,,merra2_citywide,citywide,MERRA-2_GEE
2021-12-15,42.5822,8,,,merra2_citywide,citywide,MERRA-2_GEE
2021-12-16,50.1034,8,,,merra2_citywide,citywide,MERRA-2_GEE
2021-12-17,77.8268,8,,,merra2_citywide,citywide,MERRA-2_GEE
2021-12-18,74.1597,8,,,merra2_citywide,citywide,MERRA-2_GEE
2021-12-19,56.1869,8,,,merra2_citywide,citywide,MERRA-2_GEE
2021-12-20,32.8961,8,,,merra2_citywide,citywide,MERRA-2_GEE
2021-12-21,31.6083,8,,,merra2_citywide,citywide,MERRA-2_GEE
2021-12-22,26.6793,8,,,merra2_citywide,citywide,MERRA-2_GEE
2021-12-23,36.6366,8,,,merra2_citywide,citywide,MERRA-2_GEE
2021-12-24,90.8278,8,,,merra2_citywide,citywide,MERRA-2_GEE
2021-12-25,97.2332,8,,,merra2_citywide,citywide,MERRA-2_GEE
2021-12-26,39.2934,8,,,merra2_citywide,citywide,MERRA-2_GEE
2021-12-27,116.5425,8,,,merra2_citywide,citywide,MERRA-2_GEE
2021-12-28,95.5062,8,,,merra2_citywide,citywide,MERRA-2_GEE
2021-12-29,81.5509,8,,,merra2_citywide,citywide,MERRA-2_GEE
2021-12-30,100.5083,8,,,merra2_citywide,citywide,MERRA-2_GEE
2021-12-31,70.6164,8,,,merra2_citywide,citywide,MERRA-2_GEE
2022-01-01,80.1595,8,,,merra2_citywide,citywide,MERRA-2_GEE
2022-01-02,67.3773,8,,,merra2_citywide,citywide,MERRA-2_GEE
2022-01-03,81.1137,8,,,merra2_citywide,citywide,MERRA-2_GEE
2022-01-04,64.4955,8,,,merra2_citywide,citywide,MERRA-2_GEE
2022-01-05,27.3389,8,,,merra2_citywide,citywide,MERRA-2_GEE
2022-01-06,29.1705,8,,,merra2_citywide,citywide,MERRA-2_GEE
2022-01-07,34.1186,8,,,merra2_citywide,citywide,MERRA-2_GEE
2022-01-08,23.4513,8,,,merra2_citywide,citywide,MERRA-2_GEE
2022-01-09,22.6159,8,,,merra2_citywide,citywide,MERRA-2_GEE
2022-01-10,21.4877,8,,,merra2_citywide,citywide,MERRA-2_GEE
2022-01-11,24.7925,8,,,merra2_citywide,citywide,MERRA-2_GEE
2022-01-12,23.7224,8,,,merra2_citywide,citywide,MERRA-2_GEE
2022-01-13,24.2578,8,,,merra2_citywide,citywide,MERRA-2_GEE
2022-01-14,33.1521,8,,,merra2_citywide,citywide,MERRA-2_GEE
2022-01-15,49.1336,8,,,merra2_citywide,citywide,MERRA-2_GEE
2022-01-16,47.4451,8,,,merra2_citywide,citywide,MERRA-2_GEE
2022-01-17,45.6432,8,,,merra2_citywide,citywide,MERRA-2_GEE
2022-01-18,48.3752,8,,,merra2_citywide,citywide,MERRA-2_GEE
2022-01-19,52.1793,8,,,merra2_citywide,citywide,MERRA-2_GEE
2022-01-20,52.5344,8,,,merra2_citywide,citywide,MERRA-2_GEE
2022-01-21,98.0444,8,,,merra2_citywide,citywide,MERRA-2_GEE
2022-01-22,83.4546,8,,,merra2_citywide,citywide,MERRA-2_GEE
2022-01-23,64.8359,8,,,merra2_citywide,citywide,MERRA-2_GEE
2022-01-24,72.3742,8,,,merra2_citywide,citywide,MERRA-2_GEE
2022-01-25,74.0683,8,,,merra2_citywide,citywide,MERRA-2_GEE
2022-01-26,46.8728,8,,,merra2_citywide,citywide,MERRA-2_GEE
2022-01-27,53.5499,8,,,merra2_citywide,citywide,MERRA-2_GEE
2022-01-28,28.6995,8,,,merra2_citywide,citywide,MERRA-2_GEE
2022-01-29,21.6848,8,,,merra2_citywide,citywide,MERRA-2_GEE
2022-01-30,53.0671,8,,,merra2_citywide,citywide,MERRA-2_GEE
2022-01-31,57.612,8,,,merra2_citywide,citywide,MERRA-2_GEE
2022-02-01,60.163,8,,,merra2_citywide,citywide,MERRA-2_GEE
2022-02-02,84.3838,8,,,merra2_citywide,citywide,MERRA-2_GEE
2022-02-03,87.1249,8,,,merra2_citywide,citywide,MERRA-2_GEE
2022-02-04,34.87,8,,,merra2_citywide,citywide,MERRA-2_GEE
2022-02-05,29.2985,8,,,merra2_citywide,citywide,MERRA-2_GEE
2022-02-06,41.0449,8,,,merra2_citywide,citywide,MERRA-2_GEE
2022-02-07,41.8548,8,,,merra2_citywide,citywide,MERRA-2_GEE
2022-02-08,27.7562,8,,,merra2_citywide,citywide,MERRA-2_GEE
2022-02-09,47.754,8,,,merra2_citywide,citywide,MERRA-2_GEE
2022-02-10,57.4112,8,,,merra2_citywide,citywide,MERRA-2_GEE
2022-02-11,32.4158,8,,,merra2_citywide,citywide,MERRA-2_GEE
2022-02-12,27.8053,8,,,merra2_citywide,citywide,MERRA-2_GEE
2022-02-13,22.38,8,,,merra2_citywide,citywide,MERRA-2_GEE
2022-02-14,31.5564,8,,,merra2_citywide,citywide,MERRA-2_GEE
2022-02-15,51.8321,8,,,merra2_citywide,citywide,MERRA-2_GEE
2022-02-16,36.087,8,,,merra2_citywide,citywide,MERRA-2_GEE
2022-02-17,36.299,8,,,merra2_citywide,citywide,MERRA-2_GEE
2022-02-18,41.697,8,,,merra2_citywide,citywide,MERRA-2_GEE
2022-02-19,44.3147,8,,,merra2_citywide,citywide,MERRA-2_GEE
2022-02-20,40.8935,8,,,merra2_citywide,citywide,MERRA-2_GEE
2022-02-21,46.3561,8,,,merra2_citywide,citywide,MERRA-2_GEE
2022-02-22,110.2121,8,,,merra2_citywide,citywide,MERRA-2_GEE
2022-02-23,83.4142,8,,,merra2_citywide,citywide,MERRA-2_GEE
2022-02-24,56.9223,8,,,merra2_citywide,citywide,MERRA-2_GEE
2022-02-25,69.348,8,,,merra2_citywide,citywide,MERRA-2_GEE
2022-02-26,65.6521,8,,,merra2_citywide,citywide,MERRA-2_GEE
2022-02-27,82.4986,8,,,merra2_citywide,citywide,MERRA-2_GEE
2022-02-28,64.0759,8,,,merra2_citywide,citywide,MERRA-2_GEE
2022-03-01,53.9869,8,,,merra2_citywide,citywide,MERRA-2_GEE
2022-03-02,49.582,8,,,merra2_citywide,citywide,MERRA-2_GEE
2022-03-03,44.2555,8,,,merra2_citywide,citywide,MERRA-2_GEE
2022-03-04,41.7983,8,,,merra2_citywide,citywide,MERRA-2_GEE
2022-03-05,31.7665,8,,,merra2_citywide,citywide,MERRA-2_GEE
2022-03-06,36.4742,8,,,merra2_citywide,citywide,MERRA-2_GEE
2022-03-07,55.1116,8,,,merra2_citywide,citywide,MERRA-2_GEE
2022-03-08,59.3238,8,,,merra2_citywide,citywide,MERRA-2_GEE
2022-03-09,56.1466,8,,,merra2_citywide,citywide,MERRA-2_GEE
2022-03-10,52.8424,8,,,merra2_citywide,citywide,MERRA-2_GEE
2022-03-11,44.089,8,,,merra2_citywide,citywide,MERRA-2_GEE
2022-03-12,42.9977,8,,,merra2_citywide,citywide,MERRA-2_GEE
2022-03-13,37.8893,8,,,merra2_citywide,citywide,MERRA-2_GEE
2022-03-14,45.336,8,,,merra2_citywide,citywide,MERRA-2_GEE
2022-03-15,52.1469,8,,,merra2_citywide,citywide,MERRA-2_GEE
2022-03-16,52.9369,8,,,merra2_citywide,citywide,MERRA-2_GEE
2022-03-17,52.0523,8,,,merra2_citywide,citywide,MERRA-2_GEE
2022-03-18,80.2078,8,,,merra2_citywide,citywide,MERRA-2_GEE
2022-03-19,200.741,8,,,merra2_citywide,citywide,MERRA-2_GEE
2022-03-20,121.0992,8,,,merra2_citywide,citywide,MERRA-2_GEE
2022-03-21,94.4859,8,,,merra2_citywide,citywide,MERRA-2_GEE
2022-03-22,101.6023,8,,,merra2_citywide,citywide,MERRA-2_GEE
2022-03-23,70.6728,8,,,merra2_citywide,citywide,MERRA-2_GEE
2022-03-24,101.7029,8,,,merra2_citywide,citywide,MERRA-2_GEE
2022-03-25,75.9191,8,,,merra2_citywide,citywide,MERRA-2_GEE
2022-03-26,62.7405,8,,,merra2_citywide,citywide,MERRA-2_GEE
2022-03-27,57.955,8,,,merra2_citywide,citywide,MERRA-2_GEE
2022-03-28,85.4754,8,,,merra2_citywide,citywide,MERRA-2_GEE
2022-03-29,131.0631,8,,,merra2_citywide,citywide,MERRA-2_GEE
2022-03-30,206.3136,8,,,merra2_citywide,citywide,MERRA-2_GEE
2022-03-31,119.4904,8,,,merra2_citywide,citywide,MERRA-2_GEE
2022-04-01,61.951,8,,,merra2_citywide,citywide,MERRA-2_GEE
2022-04-02,51.3617,8,,,merra2_citywide,citywide,MERRA-2_GEE
2022-04-03,34.8806,8,,,merra2_citywide,citywide,MERRA-2_GEE
2022-04-04,43.8894,8,,,merra2_citywide,citywide,MERRA-2_GEE
2022-04-05,53.0383,8,,,merra2_citywide,citywide,MERRA-2_GEE
2022-04-06,60.4474,8,,,merra2_citywide,citywide,MERRA-2_GEE
2022-04-07,62.3581,8,,,merra2_citywide,citywide,MERRA-2_GEE
2022-04-08,76.1824,8,,,merra2_citywide,citywide,MERRA-2_GEE
2022-04-09,75.7835,8,,,merra2_citywide,citywide,MERRA-2_GEE
2022-04-10,78.0045,8,,,merra2_citywide,citywide,MERRA-2_GEE
2022-04-11,99.5902,8,,,merra2_citywide,citywide,MERRA-2_GEE
2022-04-12,74.4974,8,,,merra2_citywide,citywide,MERRA-2_GEE
2022-04-13,70.5834,8,,,merra2_citywide,citywide,MERRA-2_GEE
2022-04-14,75.7275,8,,,merra2_citywide,citywide,MERRA-2_GEE
2022-04-15,81.9406,8,,,merra2_citywide,citywide,MERRA-2_GEE
2022-04-16,81.0711,8,,,merra2_citywide,citywide,MERRA-2_GEE
2022-04-17,84.6696,8,,,merra2_citywide,citywide,MERRA-2_GEE
2022-04-18,81.799,8,,,merra2_citywide,citywide,MERRA-2_GEE
2022-04-19,82.2431,8,,,merra2_citywide,citywide,MERRA-2_GEE
2022-04-20,85.5963,8,,,merra2_citywide,citywide,MERRA-2_GEE
2022-04-21,74.0115,8,,,merra2_citywide,citywide,MERRA-2_GEE
2022-04-22,58.1819,8,,,merra2_citywide,citywide,MERRA-2_GEE
2022-04-23,49.0117,8,,,merra2_citywide,citywide,MERRA-2_GEE
2022-04-24,42.56,8,,,merra2_citywide,citywide,MERRA-2_GEE
2022-04-25,47.0222,8,,,merra2_citywide,citywide,MERRA-2_GEE
2022-04-26,75.1318,8,,,merra2_citywide,citywide,MERRA-2_GEE
2022-04-27,70.7771,8,,,merra2_citywide,citywide,MERRA-2_GEE
2022-04-28,96.2414,8,,,merra2_citywide,citywide,MERRA-2_GEE
2022-04-29,123.4071,8,,,merra2_citywide,citywide,MERRA-2_GEE
2022-04-30,142.7433,8,,,merra2_citywide,citywide,MERRA-2_GEE
2022-05-01,150.2705,8,,,merra2_citywide,citywide,MERRA-2_GEE
2022-05-02,110.2589,8,,,merra2_citywide,citywide,MERRA-2_GEE
2022-05-03,114.9087,8,,,merra2_citywide,citywide,MERRA-2_GEE
2022-05-04,121.6259,8,,,merra2_citywide,citywide,MERRA-2_GEE
2022-05-05,137.9852,8,,,merra2_citywide,citywide,MERRA-2_GEE
2022-05-06,90.7524,8,,,merra2_citywide,citywide,MERRA-2_GEE
2022-05-07,82.3397,8,,,merra2_citywide,citywide,MERRA-2_GEE
2022-05-08,71.0872,8,,,merra2_citywide,citywide,MERRA-2_GEE
2022-05-09,77.2501,8,,,merra2_citywide,citywide,MERRA-2_GEE
2022-05-10,99.7073,8,,,merra2_citywide,citywide,MERRA-2_GEE
2022-05-11,89.4125,8,,,merra2_citywide,citywide,MERRA-2_GEE
2022-05-12,123.5824,8,,,merra2_citywide,citywide,MERRA-2_GEE
2022-05-13,119.1073,8,,,merra2_citywide,citywide,MERRA-2_GEE
2022-05-14,98.3238,8,,,merra2_citywide,citywide,MERRA-2_GEE
2022-05-15,137.0883,8,,,merra2_citywide,citywide,MERRA-2_GEE
2022-05-16,153.9848,8,,,merra2_citywide,citywide,MERRA-2_GEE
2022-05-17,151.4816,8,,,merra2_citywide,citywide,MERRA-2_GEE
2022-05-18,147.4928,8,,,merra2_citywide,citywide,MERRA-2_GEE
2022-05-19,124.0194,8,,,merra2_citywide,citywide,MERRA-2_GEE
2022-05-20,109.0293,8,,,merra2_citywide,citywide,MERRA-2_GEE
2022-05-21,117.4302,8,,,merra2_citywide,citywide,MERRA-2_GEE
2022-05-22,129.7377,8,,,merra2_citywide,citywide,MERRA-2_GEE
2022-05-23,239.5919,8,,,merra2_citywide,citywide,MERRA-2_GEE
2022-05-24,138.947,8,,,merra2_citywide,citywide,MERRA-2_GEE
2022-05-25,74.4298,8,,,merra2_citywide,citywide,MERRA-2_GEE
2022-05-26,83.3245,8,,,merra2_citywide,citywide,MERRA-2_GEE
2022-05-27,126.2283,8,,,merra2_citywide,citywide,MERRA-2_GEE
2022-05-28,158.4594,8,,,merra2_citywide,citywide,MERRA-2_GEE
2022-05-29,138.2354,8,,,merra2_citywide,citywide,MERRA-2_GEE
2022-05-30,120.9906,8,,,merra2_citywide,citywide,MERRA-2_GEE
2022-05-31,80.1179,8,,,merra2_citywide,citywide,MERRA-2_GEE
2022-06-01,90.957,8,,,merra2_citywide,citywide,MERRA-2_GEE
2022-06-02,100.7884,8,,,merra2_citywide,citywide,MERRA-2_GEE
2022-06-03,100.781,8,,,merra2_citywide,citywide,MERRA-2_GEE
2022-06-04,99.4038,8,,,merra2_citywide,citywide,MERRA-2_GEE
2022-06-05,105.3726,8,,,merra2_citywide,citywide,MERRA-2_GEE
2022-06-06,87.2943,8,,,merra2_citywide,citywide,MERRA-2_GEE
2022-06-07,60.3871,8,,,merra2_citywide,citywide,MERRA-2_GEE
2022-06-08,56.7205,8,,,merra2_citywide,citywide,MERRA-2_GEE
2022-06-09,65.428,8,,,merra2_citywide,citywide,MERRA-2_GEE
2022-06-10,89.1593,8,,,merra2_citywide,citywide,MERRA-2_GEE
2022-06-11,62.9407,8,,,merra2_citywide,citywide,MERRA-2_GEE
2022-06-12,60.2143,8,,,merra2_citywide,citywide,MERRA-2_GEE
2022-06-13,54.9238,8,,,merra2_citywide,citywide,MERRA-2_GEE
2022-06-14,48.2435,8,,,merra2_citywide,citywide,MERRA-2_GEE
2022-06-15,63.8063,8,,,merra2_citywide,citywide,MERRA-2_GEE
2022-06-16,61.6725,8,,,merra2_citywide,citywide,MERRA-2_GEE
2022-06-17,72.159,8,,,merra2_citywide,citywide,MERRA-2_GEE
2022-06-18,110.1667,8,,,merra2_citywide,citywide,MERRA-2_GEE
2022-06-19,131.1353,8,,,merra2_citywide,citywide,MERRA-2_GEE
2022-06-20,174.3444,8,,,merra2_citywide,citywide,MERRA-2_GEE
2022-06-21,151.6544,8,,,merra2_citywide,citywide,MERRA-2_GEE
2022-06-22,181.8761,8,,,merra2_citywide,citywide,MERRA-2_GEE
2022-06-23,141.3412,8,,,merra2_citywide,citywide,MERRA-2_GEE
2022-06-24,89.3612,8,,,merra2_citywide,citywide,MERRA-2_GEE
2022-06-25,92.6311,8,,,merra2_citywide,citywide,MERRA-2_GEE
2022-06-26,93.913,8,,,merra2_citywide,citywide,MERRA-2_GEE
2022-06-27,95.7243,8,,,merra2_citywide,citywide,MERRA-2_GEE
2022-06-28,83.9968,8,,,merra2_citywide,citywide,MERRA-2_GEE
2022-06-29,72.2323,8,,,merra2_citywide,citywide,MERRA-2_GEE
2022-06-30,55.6081,8,,,merra2_citywide,citywide,MERRA-2_GEE
2022-07-01,74.0064,8,,,merra2_citywide,citywide,MERRA-2_GEE
2022-07-02,100.6399,8,,,merra2_citywide,citywide,MERRA-2_GEE
2022-07-03,116.7456,8,,,merra2_citywide,citywide,MERRA-2_GEE
2022-07-04,86.573,8,,,merra2_citywide,citywide,MERRA-2_GEE
2022-07-05,48.2219,8,,,merra2_citywide,citywide,MERRA-2_GEE
2022-07-06,42.2826,8,,,merra2_citywide,citywide,MERRA-2_GEE
2022-07-07,91.5121,8,,,merra2_citywide,citywide,MERRA-2_GEE
2022-07-08,104.5341,8,,,merra2_citywide,citywide,MERRA-2_GEE
2022-07-09,111.6933,8,,,merra2_citywide,citywide,MERRA-2_GEE
2022-07-10,127.3208,8,,,merra2_citywide,citywide,MERRA-2_GEE
2022-07-11,119.5301,8,,,merra2_citywide,citywide,MERRA-2_GEE
2022-07-12,78.2721,8,,,merra2_citywide,citywide,MERRA-2_GEE
2022-07-13,59.7638,8,,,merra2_citywide,citywide,MERRA-2_GEE
2022-07-14,54.3122,8,,,merra2_citywide,citywide,MERRA-2_GEE
2022-07-15,54.8932,8,,,merra2_citywide,citywide,MERRA-2_GEE
2022-07-16,48.7404,8,,,merra2_citywide,citywide,MERRA-2_GEE
2022-07-17,68.4585,8,,,merra2_citywide,citywide,MERRA-2_GEE
2022-07-18,56.7216,8,,,merra2_citywide,citywide,MERRA-2_GEE
2022-07-19,54.0245,8,,,merra2_citywide,citywide,MERRA-2_GEE
2022-07-20,57.7322,8,,,merra2_citywide,citywide,MERRA-2_GEE
2022-07-21,81.3322,8,,,merra2_citywide,citywide,MERRA-2_GEE
2022-07-22,89.0499,8,,,merra2_citywide,citywide,MERRA-2_GEE
2022-07-23,73.9306,8,,,merra2_citywide,citywide,MERRA-2_GEE
2022-07-24,150.9502,8,,,merra2_citywide,citywide,MERRA-2_GEE
2022-07-25,151.3903,8,,,merra2_citywide,citywide,MERRA-2_GEE
2022-07-26,61.5035,8,,,merra2_citywide,citywide,MERRA-2_GEE
2022-07-27,26.1978,8,,,merra2_citywide,citywide,MERRA-2_GEE
2022-07-28,27.4313,8,,,merra2_citywide,citywide,MERRA-2_GEE
2022-07-29,36.6458,8,,,merra2_citywide,citywide,MERRA-2_GEE
2022-07-30,42.3253,8,,,merra2_citywide,citywide,MERRA-2_GEE
2022-07-31,82.5793,8,,,merra2_citywide,citywide,MERRA-2_GEE
2022-08-01,116.4211,8,,,merra2_citywide,citywide,MERRA-2_GEE
2022-08-02,77.5373,8,,,merra2_citywide,citywide,MERRA-2_GEE
2022-08-03,72.2456,8,,,merra2_citywide,citywide,MERRA-2_GEE
2022-08-04,57.2164,8,,,merra2_citywide,citywide,MERRA-2_GEE
2022-08-05,54.4518,8,,,merra2_citywide,citywide,MERRA-2_GEE
2022-08-06,48.4988,8,,,merra2_citywide,citywide,MERRA-2_GEE
2022-08-07,58.9103,8,,,merra2_citywide,citywide,MERRA-2_GEE
2022-08-08,87.3702,8,,,merra2_citywide,citywide,MERRA-2_GEE
2022-08-09,81.2354,8,,,merra2_citywide,citywide,MERRA-2_GEE
2022-08-10,81.2396,8,,,merra2_citywide,citywide,MERRA-2_GEE
2022-08-11,70.314,8,,,merra2_citywide,citywide,MERRA-2_GEE
2022-08-12,80.5643,8,,,merra2_citywide,citywide,MERRA-2_GEE
2022-08-13,91.2532,8,,,merra2_citywide,citywide,MERRA-2_GEE
2022-08-14,53.6735,8,,,merra2_citywide,citywide,MERRA-2_GEE
2022-08-15,84.7461,8,,,merra2_citywide,citywide,MERRA-2_GEE
2022-08-16,71.9549,8,,,merra2_citywide,citywide,MERRA-2_GEE
2022-08-17,69.6266,8,,,merra2_citywide,citywide,MERRA-2_GEE
2022-08-18,80.9175,8,,,merra2_citywide,citywide,MERRA-2_GEE
2022-08-19,87.7001,8,,,merra2_citywide,citywide,MERRA-2_GEE
2022-08-20,70.0823,8,,,merra2_citywide,citywide,MERRA-2_GEE
2022-08-21,68.3364,8,,,merra2_citywide,citywide,MERRA-2_GEE
2022-08-22,58.8198,8,,,merra2_citywide,citywide,MERRA-2_GEE
2022-08-23,100.1442,8,,,merra2_citywide,citywide,MERRA-2_GEE
2022-08-24,116.5793,8,,,merra2_citywide,citywide,MERRA-2_GEE
2022-08-25,70.3103,8,,,merra2_citywide,citywide,MERRA-2_GEE
2022-08-26,51.3061,8,,,merra2_citywide,citywide,MERRA-2_GEE
2022-08-27,34.9216,8,,,merra2_citywide,citywide,MERRA-2_GEE
2022-08-28,41.3899,8,,,merra2_citywide,citywide,MERRA-2_GEE
2022-08-29,42.3775,8,,,merra2_citywide,citywide,MERRA-2_GEE
2022-08-30,30.096,8,,,merra2_citywide,citywide,MERRA-2_GEE
2022-08-31,29.5719,8,,,merra2_citywide,citywide,MERRA-2_GEE
2022-09-01,28.0681,8,,,merra2_citywide,citywide,MERRA-2_GEE
2022-09-02,22.9482,8,,,merra2_citywide,citywide,MERRA-2_GEE
2022-09-03,24.808,8,,,merra2_citywide,citywide,MERRA-2_GEE
2022-09-04,38.5352,8,,,merra2_citywide,citywide,MERRA-2_GEE
2022-09-05,36.9872,8,,,merra2_citywide,citywide,MERRA-2_GEE
2022-09-06,33.6861,8,,,merra2_citywide,citywide,MERRA-2_GEE
2022-09-07,34.8821,8,,,merra2_citywide,citywide,MERRA-2_GEE
2022-09-08,35.9761,8,,,merra2_citywide,citywide,MERRA-2_GEE
2022-09-09,35.1753,8,,,merra2_citywide,citywide,MERRA-2_GEE
2022-09-10,34.2546,8,,,merra2_citywide,citywide,MERRA-2_GEE
2022-09-11,53.5254,8,,,merra2_citywide,citywide,MERRA-2_GEE
2022-09-12,65.5495,8,,,merra2_citywide,citywide,MERRA-2_GEE
2022-09-13,34.1183,8,,,merra2_citywide,citywide,MERRA-2_GEE
2022-09-14,51.0863,8,,,merra2_citywide,citywide,MERRA-2_GEE
2022-09-15,69.0229,8,,,merra2_citywide,citywide,MERRA-2_GEE
2022-09-16,53.5095,8,,,merra2_citywide,citywide,MERRA-2_GEE
2022-09-17,53.2229,8,,,merra2_citywide,citywide,MERRA-2_GEE
2022-09-18,48.2949,8,,,merra2_citywide,citywide,MERRA-2_GEE
2022-09-19,37.1728,8,,,merra2_citywide,citywide,MERRA-2_GEE
2022-09-20,35.2129,8,,,merra2_citywide,citywide,MERRA-2_GEE
2022-09-21,32.5906,8,,,merra2_citywide,citywide,MERRA-2_GEE
2022-09-22,31.7751,8,,,merra2_citywide,citywide,MERRA-2_GEE
2022-09-23,38.8179,8,,,merra2_citywide,citywide,MERRA-2_GEE
2022-09-24,40.4596,8,,,merra2_citywide,citywide,MERRA-2_GEE
2022-09-25,40.233,8,,,merra2_citywide,citywide,MERRA-2_GEE
2022-09-26,28.2037,8,,,merra2_citywide,citywide,MERRA-2_GEE
2022-09-27,32.7827,8,,,merra2_citywide,citywide,MERRA-2_GEE
2022-09-28,30.5039,8,,,merra2_citywide,citywide,MERRA-2_GEE
2022-09-29,29.149,8,,,merra2_citywide,citywide,MERRA-2_GEE
2022-09-30,22.4233,8,,,merra2_citywide,citywide,MERRA-2_GEE
2022-10-01,22.1184,8,,,merra2_citywide,citywide,MERRA-2_GEE
2022-10-02,18.9046,8,,,merra2_citywide,citywide,MERRA-2_GEE
2022-10-03,20.009,8,,,merra2_citywide,citywide,MERRA-2_GEE
2022-10-04,26.5506,8,,,merra2_citywide,citywide,MERRA-2_GEE
2022-10-05,28.5732,8,,,merra2_citywide,citywide,MERRA-2_GEE
2022-10-06,31.0777,8,,,merra2_citywide,citywide,MERRA-2_GEE
2022-10-07,34.5629,8,,,merra2_citywide,citywide,MERRA-2_GEE
2022-10-08,41.2608,8,,,merra2_citywide,citywide,MERRA-2_GEE
2022-10-09,49.0764,8,,,merra2_citywide,citywide,MERRA-2_GEE
2022-10-10,51.1822,8,,,merra2_citywide,citywide,MERRA-2_GEE
2022-10-11,44.4802,8,,,merra2_citywide,citywide,MERRA-2_GEE
2022-10-12,34.7451,8,,,merra2_citywide,citywide,MERRA-2_GEE
2022-10-13,32.8197,8,,,merra2_citywide,citywide,MERRA-2_GEE
2022-10-14,30.5098,8,,,merra2_citywide,citywide,MERRA-2_GEE
2022-10-15,25.3641,8,,,merra2_citywide,citywide,MERRA-2_GEE
2022-10-16,27.6429,8,,,merra2_citywide,citywide,MERRA-2_GEE
2022-10-17,27.1851,8,,,merra2_citywide,citywide,MERRA-2_GEE
2022-10-18,35.0102,8,,,merra2_citywide,citywide,MERRA-2_GEE
2022-10-19,46.0392,8,,,merra2_citywide,citywide,MERRA-2_GEE
2022-10-20,42.7219,8,,,merra2_citywide,citywide,MERRA-2_GEE
2022-10-21,42.5492,8,,,merra2_citywide,citywide,MERRA-2_GEE
2022-10-22,45.7089,8,,,merra2_citywide,citywide,MERRA-2_GEE
2022-10-23,45.8506,8,,,merra2_citywide,citywide,MERRA-2_GEE
2022-10-24,54.6934,8,,,merra2_citywide,citywide,MERRA-2_GEE
2022-10-25,60.538,8,,,merra2_citywide,citywide,MERRA-2_GEE
2022-10-26,64.2009,8,,,merra2_citywide,citywide,MERRA-2_GEE
2022-10-27,52.3423,8,,,merra2_citywide,citywide,MERRA-2_GEE
2022-10-28,39.6499,8,,,merra2_citywide,citywide,MERRA-2_GEE
2022-10-29,42.6386,8,,,merra2_citywide,citywide,MERRA-2_GEE
2022-10-30,44.6902,8,,,merra2_citywide,citywide,MERRA-2_GEE
2022-10-31,43.1996,8,,,merra2_citywide,citywide,MERRA-2_GEE
2022-11-01,42.3527,8,,,merra2_citywide,citywide,MERRA-2_GEE
2022-11-02,40.4355,8,,,merra2_citywide,citywide,MERRA-2_GEE
2022-11-03,37.5608,8,,,merra2_citywide,citywide,MERRA-2_GEE
2022-11-04,46.0667,8,,,merra2_citywide,citywide,MERRA-2_GEE
2022-11-05,54.7585,8,,,merra2_citywide,citywide,MERRA-2_GEE
2022-11-06,46.5328,8,,,merra2_citywide,citywide,MERRA-2_GEE
2022-11-07,46.2349,8,,,merra2_citywide,citywide,MERRA-2_GEE
2022-11-08,49.1184,8,,,merra2_citywide,citywide,MERRA-2_GEE
2022-11-09,52.8259,8,,,merra2_citywide,citywide,MERRA-2_GEE
2022-11-10,37.4969,8,,,merra2_citywide,citywide,MERRA-2_GEE
2022-11-11,51.9367,8,,,merra2_citywide,citywide,MERRA-2_GEE
2022-11-12,45.5042,8,,,merra2_citywide,citywide,MERRA-2_GEE
2022-11-13,33.8562,8,,,merra2_citywide,citywide,MERRA-2_GEE
2022-11-14,48.8348,8,,,merra2_citywide,citywide,MERRA-2_GEE
2022-11-15,93.8791,8,,,merra2_citywide,citywide,MERRA-2_GEE
2022-11-16,85.7081,8,,,merra2_citywide,citywide,MERRA-2_GEE
2022-11-17,41.7683,8,,,merra2_citywide,citywide,MERRA-2_GEE
2022-11-18,37.4108,8,,,merra2_citywide,citywide,MERRA-2_GEE
2022-11-19,35.933,8,,,merra2_citywide,citywide,MERRA-2_GEE
2022-11-20,64.5171,8,,,merra2_citywide,citywide,MERRA-2_GEE
2022-11-21,62.7363,8,,,merra2_citywide,citywide,MERRA-2_GEE
2022-11-22,43.6361,8,,,merra2_citywide,citywide,MERRA-2_GEE
2022-11-23,56.592,8,,,merra2_citywide,citywide,MERRA-2_GEE
2022-11-24,24.8344,8,,,merra2_citywide,citywide,MERRA-2_GEE
2022-11-25,18.9482,8,,,merra2_citywide,citywide,MERRA-2_GEE
2022-11-26,23.8659,8,,,merra2_citywide,citywide,MERRA-2_GEE
2022-11-27,22.9381,8,,,merra2_citywide,citywide,MERRA-2_GEE
2022-11-28,35.3391,8,,,merra2_citywide,citywide,MERRA-2_GEE
2022-11-29,70.9818,8,,,merra2_citywide,citywide,MERRA-2_GEE
2022-11-30,63.2969,8,,,merra2_citywide,citywide,MERRA-2_GEE
2022-12-01,60.6377,8,,,merra2_citywide,citywide,MERRA-2_GEE
2022-12-02,30.1302,8,,,merra2_citywide,citywide,MERRA-2_GEE
2022-12-03,69.263,8,,,merra2_citywide,citywide,MERRA-2_GEE
2022-12-04,61.8186,8,,,merra2_citywide,citywide,MERRA-2_GEE
2022-12-05,25.0976,8,,,merra2_citywide,citywide,MERRA-2_GEE
2022-12-06,61.9847,8,,,merra2_citywide,citywide,MERRA-2_GEE
2022-12-07,47.722,8,,,merra2_citywide,citywide,MERRA-2_GEE
2022-12-08,30.5984,8,,,merra2_citywide,citywide,MERRA-2_GEE
2022-12-09,43.8038,8,,,merra2_citywide,citywide,MERRA-2_GEE
2022-12-10,101.7982,8,,,merra2_citywide,citywide,MERRA-2_GEE
2022-12-11,94.9947,8,,,merra2_citywide,citywide,MERRA-2_GEE
2022-12-12,55.6443,8,,,merra2_citywide,citywide,MERRA-2_GEE
2022-12-13,74.1139,8,,,merra2_citywide,citywide,MERRA-2_GEE
2022-12-14,51.4825,8,,,merra2_citywide,citywide,MERRA-2_GEE
2022-12-15,34.7678,8,,,merra2_citywide,citywide,MERRA-2_GEE
2022-12-16,22.6466,8,,,merra2_citywide,citywide,MERRA-2_GEE
2022-12-17,20.5461,8,,,merra2_citywide,citywide,MERRA-2_GEE
2022-12-18,20.5671,8,,,merra2_citywide,citywide,MERRA-2_GEE
2022-12-19,29.9671,8,,,merra2_citywide,citywide,MERRA-2_GEE
2022-12-20,36.9273,8,,,merra2_citywide,citywide,MERRA-2_GEE
2022-12-21,53.7622,8,,,merra2_citywide,citywide,MERRA-2_GEE
2022-12-22,52.6408,8,,,merra2_citywide,citywide,MERRA-2_GEE
2022-12-23,29.0164,8,,,merra2_citywide,citywide,MERRA-2_GEE
2022-12-24,51.0159,8,,,merra2_citywide,citywide,MERRA-2_GEE
2022-12-25,56.8733,8,,,merra2_citywide,citywide,MERRA-2_GEE
2022-12-26,81.0399,8,,,merra2_citywide,citywide,MERRA-2_GEE
2022-12-27,81.99,8,,,merra2_citywide,citywide,MERRA-2_GEE
2022-12-28,61.105,8,,,merra2_citywide,citywide,MERRA-2_GEE
2022-12-29,32.7491,8,,,merra2_citywide,citywide,MERRA-2_GEE
2022-12-30,41.0367,8,,,merra2_citywide,citywide,MERRA-2_GEE
2022-12-31,36.7033,8,,,merra2_citywide,citywide,MERRA-2_GEE
2023-01-01,22.4735,8,,,merra2_citywide,citywide,MERRA-2_GEE
2023-01-02,63.7515,8,,,merra2_citywide,citywide,MERRA-2_GEE
2023-01-03,67.793,8,,,merra2_citywide,citywide,MERRA-2_GEE
2023-01-04,61.177,8,,,merra2_citywide,citywide,MERRA-2_GEE
2023-01-05,61.4882,8,,,merra2_citywide,citywide,MERRA-2_GEE
2023-01-06,55.1023,8,,,merra2_citywide,citywide,MERRA-2_GEE
2023-01-07,53.4377,8,,,merra2_citywide,citywide,MERRA-2_GEE
2023-01-08,52.5028,8,,,merra2_citywide,citywide,MERRA-2_GEE
2023-01-09,28.7041,8,,,merra2_citywide,citywide,MERRA-2_GEE
2023-01-10,38.6685,8,,,merra2_citywide,citywide,MERRA-2_GEE
2023-01-11,42.1243,8,,,merra2_citywide,citywide,MERRA-2_GEE
2023-01-12,102.7527,8,,,merra2_citywide,citywide,MERRA-2_GEE
2023-01-13,116.6448,8,,,merra2_citywide,citywide,MERRA-2_GEE
2023-01-14,68.991,8,,,merra2_citywide,citywide,MERRA-2_GEE
2023-01-15,76.5567,8,,,merra2_citywide,citywide,MERRA-2_GEE
2023-01-16,129.5313,8,,,merra2_citywide,citywide,MERRA-2_GEE
2023-01-17,86.3244,8,,,merra2_citywide,citywide,MERRA-2_GEE
2023-01-18,63.7489,8,,,merra2_citywide,citywide,MERRA-2_GEE
2023-01-19,84.37,8,,,merra2_citywide,citywide,MERRA-2_GEE
2023-01-20,53.8175,8,,,merra2_citywide,citywide,MERRA-2_GEE
2023-01-21,35.5023,8,,,merra2_citywide,citywide,MERRA-2_GEE
2023-01-22,35.3048,8,,,merra2_citywide,citywide,MERRA-2_GEE
2023-01-23,28.7228,8,,,merra2_citywide,citywide,MERRA-2_GEE
2023-01-24,33.0636,8,,,merra2_citywide,citywide,MERRA-2_GEE
2023-01-25,35.4456,8,,,merra2_citywide,citywide,MERRA-2_GEE
2023-01-26,43.3763,8,,,merra2_citywide,citywide,MERRA-2_GEE
2023-01-27,53.0584,8,,,merra2_citywide,citywide,MERRA-2_GEE
2023-01-28,40.8026,8,,,merra2_citywide,citywide,MERRA-2_GEE
2023-01-29,23.5886,8,,,merra2_citywide,citywide,MERRA-2_GEE
2023-01-30,42.1484,8,,,merra2_citywide,citywide,MERRA-2_GEE
2023-01-31,65.4779,8,,,merra2_citywide,citywide,MERRA-2_GEE
2023-02-01,51.7808,8,,,merra2_citywide,citywide,MERRA-2_GEE
2023-02-02,43.3225,8,,,merra2_citywide,citywide,MERRA-2_GEE
2023-02-03,39.6306,8,,,merra2_citywide,citywide,MERRA-2_GEE
2023-02-04,41.566,8,,,merra2_citywide,citywide,MERRA-2_GEE
2023-02-05,51.3624,8,,,merra2_citywide,citywide,MERRA-2_GEE
2023-02-06,75.8685,8,,,merra2_citywide,citywide,MERRA-2_GEE
2023-02-07,50.0671,8,,,merra2_citywide,citywide,MERRA-2_GEE
2023-02-08,45.6048,8,,,merra2_citywide,citywide,MERRA-2_GEE
2023-02-09,47.9953,8,,,merra2_citywide,citywide,MERRA-2_GEE
2023-02-10,56.9501,8,,,merra2_citywide,citywide,MERRA-2_GEE
2023-02-11,85.5823,8,,,merra2_citywide,citywide,MERRA-2_GEE
2023-02-12,57.9493,8,,,merra2_citywide,citywide,MERRA-2_GEE
2023-02-13,57.8416,8,,,merra2_citywide,citywide,MERRA-2_GEE
2023-02-14,51.5159,8,,,merra2_citywide,citywide,MERRA-2_GEE
2023-02-15,44.9175,8,,,merra2_citywide,citywide,MERRA-2_GEE
2023-02-16,33.2476,8,,,merra2_citywide,citywide,MERRA-2_GEE
2023-02-17,34.1255,8,,,merra2_citywide,citywide,MERRA-2_GEE
2023-02-18,30.9036,8,,,merra2_citywide,citywide,MERRA-2_GEE
2023-02-19,53.2027,8,,,merra2_citywide,citywide,MERRA-2_GEE
2023-02-20,89.563,8,,,merra2_citywide,citywide,MERRA-2_GEE
2023-02-21,71.3708,8,,,merra2_citywide,citywide,MERRA-2_GEE
2023-02-22,75.5445,8,,,merra2_citywide,citywide,MERRA-2_GEE
2023-02-23,54.5205,8,,,merra2_citywide,citywide,MERRA-2_GEE
2023-02-24,57.5407,8,,,merra2_citywide,citywide,MERRA-2_GEE
2023-02-25,50.3747,8,,,merra2_citywide,citywide,MERRA-2_GEE
2023-02-26,39.4549,8,,,merra2_citywide,citywide,MERRA-2_GEE
2023-02-27,36.5072,8,,,merra2_citywide,citywide,MERRA-2_GEE
2023-02-28,30.7661,8,,,merra2_citywide,citywide,MERRA-2_GEE
2023-03-01,44.146,8,,,merra2_citywide,citywide,MERRA-2_GEE
2023-03-02,74.3824,8,,,merra2_citywide,citywide,MERRA-2_GEE
2023-03-03,47.8306,8,,,merra2_citywide,citywide,MERRA-2_GEE
2023-03-04,46.394,8,,,merra2_citywide,citywide,MERRA-2_GEE
2023-03-05,41.8141,8,,,merra2_citywide,citywide,MERRA-2_GEE
2023-03-06,41.0429,8,,,merra2_citywide,citywide,MERRA-2_GEE
2023-03-07,36.3922,8,,,merra2_citywide,citywide,MERRA-2_GEE
2023-03-08,33.9689,8,,,merra2_citywide,citywide,MERRA-2_GEE
2023-03-09,32.5214,8,,,merra2_citywide,citywide,MERRA-2_GEE
2023-03-10,33.2719,8,,,merra2_citywide,citywide,MERRA-2_GEE
2023-03-11,35.5308,8,,,merra2_citywide,citywide,MERRA-2_GEE
2023-03-12,38.8165,8,,,merra2_citywide,citywide,MERRA-2_GEE
2023-03-13,30.8108,8,,,merra2_citywide,citywide,MERRA-2_GEE
2023-03-14,42.5227,8,,,merra2_citywide,citywide,MERRA-2_GEE
2023-03-15,44.4153,8,,,merra2_citywide,citywide,MERRA-2_GEE
2023-03-16,45.9099,8,,,merra2_citywide,citywide,MERRA-2_GEE
2023-03-17,45.6342,8,,,merra2_citywide,citywide,MERRA-2_GEE
2023-03-18,45.5804,8,,,merra2_citywide,citywide,MERRA-2_GEE
2023-03-19,35.507,8,,,merra2_citywide,citywide,MERRA-2_GEE
2023-03-20,27.0514,8,,,merra2_citywide,citywide,MERRA-2_GEE
2023-03-21,25.7231,8,,,merra2_citywide,citywide,MERRA-2_GEE
2023-03-22,29.0739,8,,,merra2_citywide,citywide,MERRA-2_GEE
2023-03-23,40.7966,8,,,merra2_citywide,citywide,MERRA-2_GEE
2023-03-24,74.1467,8,,,merra2_citywide,citywide,MERRA-2_GEE
2023-03-25,58.2931,8,,,merra2_citywide,citywide,MERRA-2_GEE
2023-03-26,45.3993,8,,,merra2_citywide,citywide,MERRA-2_GEE
2023-03-27,42.8767,8,,,merra2_citywide,citywide,MERRA-2_GEE
2023-03-28,43.5792,8,,,merra2_citywide,citywide,MERRA-2_GEE
2023-03-29,52.5161,8,,,merra2_citywide,citywide,MERRA-2_GEE
2023-03-30,41.4821,8,,,merra2_citywide,citywide,MERRA-2_GEE
2023-03-31,45.9875,8,,,merra2_citywide,citywide,MERRA-2_GEE
2023-04-01,37.392,8,,,merra2_citywide,citywide,MERRA-2_GEE
2023-04-02,42.0383,8,,,merra2_citywide,citywide,MERRA-2_GEE
2023-04-03,62.6612,8,,,merra2_citywide,citywide,MERRA-2_GEE
2023-04-04,38.1085,8,,,merra2_citywide,citywide,MERRA-2_GEE
2023-04-05,33.0123,8,,,merra2_citywide,citywide,MERRA-2_GEE
2023-04-06,30.0816,8,,,merra2_citywide,citywide,MERRA-2_GEE
2023-04-07,39.9483,8,,,merra2_citywide,citywide,MERRA-2_GEE
2023-04-08,44.7095,8,,,merra2_citywide,citywide,MERRA-2_GEE
2023-04-09,39.042,8,,,merra2_citywide,citywide,MERRA-2_GEE
2023-04-10,34.7192,8,,,merra2_citywide,citywide,MERRA-2_GEE
2023-04-11,29.6299,8,,,merra2_citywide,citywide,MERRA-2_GEE
2023-04-12,46.2318,8,,,merra2_citywide,citywide,MERRA-2_GEE
2023-04-13,49.18,8,,,merra2_citywide,citywide,MERRA-2_GEE
2023-04-14,64.3621,8,,,merra2_citywide,citywide,MERRA-2_GEE
2023-04-15,48.7898,8,,,merra2_citywide,citywide,MERRA-2_GEE
2023-04-16,68.037,8,,,merra2_citywide,citywide,MERRA-2_GEE
2023-04-17,55.2432,8,,,merra2_citywide,citywide,MERRA-2_GEE
2023-04-18,74.3152,8,,,merra2_citywide,citywide,MERRA-2_GEE
2023-04-19,76.2245,8,,,merra2_citywide,citywide,MERRA-2_GEE
2023-04-20,48.7503,8,,,merra2_citywide,citywide,MERRA-2_GEE
2023-04-21,44.7093,8,,,merra2_citywide,citywide,MERRA-2_GEE
2023-04-22,44.4568,8,,,merra2_citywide,citywide,MERRA-2_GEE
2023-04-23,48.1271,8,,,merra2_citywide,citywide,MERRA-2_GEE
2023-04-24,41.8457,8,,,merra2_citywide,citywide,MERRA-2_GEE
2023-04-25,46.2987,8,,,merra2_citywide,citywide,MERRA-2_GEE
2023-04-26,28.0347,8,,,merra2_citywide,citywide,MERRA-2_GEE
2023-04-27,33.8303,8,,,merra2_citywide,citywide,MERRA-2_GEE
2023-04-28,25.4789,8,,,merra2_citywide,citywide,MERRA-2_GEE
2023-04-29,21.5507,8,,,merra2_citywide,citywide,MERRA-2_GEE
2023-04-30,29.8494,8,,,merra2_citywide,citywide,MERRA-2_GEE
2023-05-01,32.6593,8,,,merra2_citywide,citywide,MERRA-2_GEE
2023-05-02,37.0566,8,,,merra2_citywide,citywide,MERRA-2_GEE
2023-05-03,48.3624,8,,,merra2_citywide,citywide,MERRA-2_GEE
2023-05-04,43.0282,8,,,merra2_citywide,citywide,MERRA-2_GEE
2023-05-05,43.7541,8,,,merra2_citywide,citywide,MERRA-2_GEE
2023-05-06,46.8626,8,,,merra2_citywide,citywide,MERRA-2_GEE
2023-05-07,88.8105,8,,,merra2_citywide,citywide,MERRA-2_GEE
2023-05-08,57.231,8,,,merra2_citywide,citywide,MERRA-2_GEE
2023-05-09,37.695,8,,,merra2_citywide,citywide,MERRA-2_GEE
2023-05-10,46.4164,8,,,merra2_citywide,citywide,MERRA-2_GEE
2023-05-11,51.4982,8,,,merra2_citywide,citywide,MERRA-2_GEE
2023-05-12,53.9905,8,,,merra2_citywide,citywide,MERRA-2_GEE
2023-05-13,73.8589,8,,,merra2_citywide,citywide,MERRA-2_GEE
2023-05-14,84.635,8,,,merra2_citywide,citywide,MERRA-2_GEE
2023-05-15,63.3706,8,,,merra2_citywide,citywide,MERRA-2_GEE
2023-05-16,80.8963,8,,,merra2_citywide,citywide,MERRA-2_GEE
2023-05-17,71.4529,8,,,merra2_citywide,citywide,MERRA-2_GEE
2023-05-18,63.0887,8,,,merra2_citywide,citywide,MERRA-2_GEE
2023-05-19,59.0032,8,,,merra2_citywide,citywide,MERRA-2_GEE
2023-05-20,47.4566,8,,,merra2_citywide,citywide,MERRA-2_GEE
2023-05-21,59.4211,8,,,merra2_citywide,citywide,MERRA-2_GEE
2023-05-22,73.3276,8,,,merra2_citywide,citywide,MERRA-2_GEE
2023-05-23,86.1184,8,,,merra2_citywide,citywide,MERRA-2_GEE
2023-05-24,118.9235,8,,,merra2_citywide,citywide,MERRA-2_GEE
2023-05-25,157.1472,8,,,merra2_citywide,citywide,MERRA-2_GEE
2023-05-26,155.2778,8,,,merra2_citywide,citywide,MERRA-2_GEE
2023-05-27,122.0521,8,,,merra2_citywide,citywide,MERRA-2_GEE
2023-05-28,99.1063,8,,,merra2_citywide,citywide,MERRA-2_GEE
2023-05-29,66.8316,8,,,merra2_citywide,citywide,MERRA-2_GEE
2023-05-30,53.6325,8,,,merra2_citywide,citywide,MERRA-2_GEE
2023-05-31,44.0169,8,,,merra2_citywide,citywide,MERRA-2_GEE
2023-06-01,77.4921,8,,,merra2_citywide,citywide,MERRA-2_GEE
2023-06-02,113.014,8,,,merra2_citywide,citywide,MERRA-2_GEE
2023-06-03,99.6835,8,,,merra2_citywide,citywide,MERRA-2_GEE
2023-06-04,97.3568,8,,,merra2_citywide,citywide,MERRA-2_GEE
2023-06-05,88.8724,8,,,merra2_citywide,citywide,MERRA-2_GEE
2023-06-06,107.6315,8,,,merra2_citywide,citywide,MERRA-2_GEE
2023-06-07,106.2442,8,,,merra2_citywide,citywide,MERRA-2_GEE
2023-06-08,83.9881,8,,,merra2_citywide,citywide,MERRA-2_GEE
2023-06-09,65.7041,8,,,merra2_citywide,citywide,MERRA-2_GEE
2023-06-10,35.8447,8,,,merra2_citywide,citywide,MERRA-2_GEE
2023-06-11,42.3934,8,,,merra2_citywide,citywide,MERRA-2_GEE
2023-06-12,66.3996,8,,,merra2_citywide,citywide,MERRA-2_GEE
2023-06-13,114.4129,8,,,merra2_citywide,citywide,MERRA-2_GEE
2023-06-14,136.0071,8,,,merra2_citywide,citywide,MERRA-2_GEE
2023-06-15,151.8886,8,,,merra2_citywide,citywide,MERRA-2_GEE
2023-06-16,124.9869,8,,,merra2_citywide,citywide,MERRA-2_GEE
2023-06-17,168.4307,8,,,merra2_citywide,citywide,MERRA-2_GEE
2023-06-18,79.4433,8,,,merra2_citywide,citywide,MERRA-2_GEE
2023-06-19,70.0985,8,,,merra2_citywide,citywide,MERRA-2_GEE
2023-06-20,83.6816,8,,,merra2_citywide,citywide,MERRA-2_GEE
2023-06-21,91.2455,8,,,merra2_citywide,citywide,MERRA-2_GEE
2023-06-22,60.0949,8,,,merra2_citywide,citywide,MERRA-2_GEE
2023-06-23,44.5568,8,,,merra2_citywide,citywide,MERRA-2_GEE
2023-06-24,61.764,8,,,merra2_citywide,citywide,MERRA-2_GEE
2023-06-25,58.7707,8,,,merra2_citywide,citywide,MERRA-2_GEE
2023-06-26,87.4864,8,,,merra2_citywide,citywide,MERRA-2_GEE
2023-06-27,120.6537,8,,,merra2_citywide,citywide,MERRA-2_GEE
2023-06-28,73.6163,8,,,merra2_citywide,citywide,MERRA-2_GEE
2023-06-29,88.8544,8,,,merra2_citywide,citywide,MERRA-2_GEE
2023-06-30,136.5117,8,,,merra2_citywide,citywide,MERRA-2_GEE
2023-07-01,91.318,8,,,merra2_citywide,citywide,MERRA-2_GEE
2023-07-02,66.5707,8,,,merra2_citywide,citywide,MERRA-2_GEE
2023-07-03,69.9654,8,,,merra2_citywide,citywide,MERRA-2_GEE
2023-07-04,91.1769,8,,,merra2_citywide,citywide,MERRA-2_GEE
2023-07-05,152.5992,8,,,merra2_citywide,citywide,MERRA-2_GEE
2023-07-06,266.5589,8,,,merra2_citywide,citywide,MERRA-2_GEE
2023-07-07,273.4691,8,,,merra2_citywide,citywide,MERRA-2_GEE
2023-07-08,176.3617,8,,,merra2_citywide,citywide,MERRA-2_GEE
2023-07-09,170.6063,8,,,merra2_citywide,citywide,MERRA-2_GEE
2023-07-10,91.8258,8,,,merra2_citywide,citywide,MERRA-2_GEE
2023-07-11,81.1243,8,,,merra2_citywide,citywide,MERRA-2_GEE
2023-07-12,89.3813,8,,,merra2_citywide,citywide,MERRA-2_GEE
2023-07-13,84.9204,8,,,merra2_citywide,citywide,MERRA-2_GEE
2023-07-14,87.6857,8,,,merra2_citywide,citywide,MERRA-2_GEE
2023-07-15,156.054,8,,,merra2_citywide,citywide,MERRA-2_GEE
2023-07-16,167.7151,8,,,merra2_citywide,citywide,MERRA-2_GEE
2023-07-17,92.8715,8,,,merra2_citywide,citywide,MERRA-2_GEE
2023-07-18,78.5909,8,,,merra2_citywide,citywide,MERRA-2_GEE
2023-07-19,90.7974,8,,,merra2_citywide,citywide,MERRA-2_GEE
2023-07-20,134.3224,8,,,merra2_citywide,citywide,MERRA-2_GEE
2023-07-21,113.8414,8,,,merra2_citywide,citywide,MERRA-2_GEE
2023-07-22,93.5304,8,,,merra2_citywide,citywide,MERRA-2_GEE
2023-07-23,58.2634,8,,,merra2_citywide,citywide,MERRA-2_GEE
2023-07-24,55.6685,8,,,merra2_citywide,citywide,MERRA-2_GEE
2023-07-25,44.5092,8,,,merra2_citywide,citywide,MERRA-2_GEE
2023-07-26,45.763,8,,,merra2_citywide,citywide,MERRA-2_GEE
2023-07-27,61.8343,8,,,merra2_citywide,citywide,MERRA-2_GEE
2023-07-28,69.9883,8,,,merra2_citywide,citywide,MERRA-2_GEE
2023-07-29,120.3195,8,,,merra2_citywide,citywide,MERRA-2_GEE
2023-07-30,86.431,8,,,merra2_citywide,citywide,MERRA-2_GEE
2023-07-31,99.1218,8,,,merra2_citywide,citywide,MERRA-2_GEE
2023-08-01,103.9943,8,,,merra2_citywide,citywide,MERRA-2_GEE
2023-08-02,94.9902,8,,,merra2_citywide,citywide,MERRA-2_GEE
2023-08-03,120.1418,8,,,merra2_citywide,citywide,MERRA-2_GEE
2023-08-04,129.188,8,,,merra2_citywide,citywide,MERRA-2_GEE
2023-08-05,98.4574,8,,,merra2_citywide,citywide,MERRA-2_GEE
2023-08-06,97.293,8,,,merra2_citywide,citywide,MERRA-2_GEE
2023-08-07,127.647,8,,,merra2_citywide,citywide,MERRA-2_GEE
2023-08-08,104.2539,8,,,merra2_citywide,citywide,MERRA-2_GEE
2023-08-09,117.486,8,,,merra2_citywide,citywide,MERRA-2_GEE
2023-08-10,102.3383,8,,,merra2_citywide,citywide,MERRA-2_GEE
2023-08-11,86.7663,8,,,merra2_citywide,citywide,MERRA-2_GEE
2023-08-12,83.2074,8,,,merra2_citywide,citywide,MERRA-2_GEE
2023-08-13,103.6727,8,,,merra2_citywide,citywide,MERRA-2_GEE
2023-08-14,144.0116,8,,,merra2_citywide,citywide,MERRA-2_GEE
2023-08-15,106.6113,8,,,merra2_citywide,citywide,MERRA-2_GEE
2023-08-16,119.8607,8,,,merra2_citywide,citywide,MERRA-2_GEE
2023-08-17,97.868,8,,,merra2_citywide,citywide,MERRA-2_GEE
2023-08-18,80.2194,8,,,merra2_citywide,citywide,MERRA-2_GEE
2023-08-19,75.1939,8,,,merra2_citywide,citywide,MERRA-2_GEE
2023-08-20,40.5966,8,,,merra2_citywide,citywide,MERRA-2_GEE
2023-08-21,44.5144,8,,,merra2_citywide,citywide,MERRA-2_GEE
2023-08-22,53.5514,8,,,merra2_citywide,citywide,MERRA-2_GEE
2023-08-23,74.8077,8,,,merra2_citywide,citywide,MERRA-2_GEE
2023-08-24,122.235,8,,,merra2_citywide,citywide,MERRA-2_GEE
2023-08-25,69.8483,8,,,merra2_citywide,citywide,MERRA-2_GEE
2023-08-26,185.5425,8,,,merra2_citywide,citywide,MERRA-2_GEE
2023-08-27,66.9398,8,,,merra2_citywide,citywide,MERRA-2_GEE
2023-08-28,97.0038,8,,,merra2_citywide,citywide,MERRA-2_GEE
2023-08-29,100.6462,8,,,merra2_citywide,citywide,MERRA-2_GEE
2023-08-30,36.3497,8,,,merra2_citywide,citywide,MERRA-2_GEE
2023-08-31,25.8728,8,,,merra2_citywide,citywide,MERRA-2_GEE
2023-09-01,36.3072,8,,,merra2_citywide,citywide,MERRA-2_GEE
2023-09-02,44.6679,8,,,merra2_citywide,citywide,MERRA-2_GEE
2023-09-03,42.8074,8,,,merra2_citywide,citywide,MERRA-2_GEE
2023-09-04,52.5066,8,,,merra2_citywide,citywide,MERRA-2_GEE
2023-09-05,62.7238,8,,,merra2_citywide,citywide,MERRA-2_GEE
2023-09-06,68.1084,8,,,merra2_citywide,citywide,MERRA-2_GEE
2023-09-07,71.4279,8,,,merra2_citywide,citywide,MERRA-2_GEE
2023-09-08,64.5156,8,,,merra2_citywide,citywide,MERRA-2_GEE
2023-09-09,43.1438,8,,,merra2_citywide,citywide,MERRA-2_GEE
2023-09-10,41.1339,8,,,merra2_citywide,citywide,MERRA-2_GEE
2023-09-11,42.8674,8,,,merra2_citywide,citywide,MERRA-2_GEE
2023-09-12,46.0552,8,,,merra2_citywide,citywide,MERRA-2_GEE
2023-09-13,36.3415,8,,,merra2_citywide,citywide,MERRA-2_GEE
2023-09-14,54.3543,8,,,merra2_citywide,citywide,MERRA-2_GEE
2023-09-15,51.4825,8,,,merra2_citywide,citywide,MERRA-2_GEE
2023-09-16,49.2725,8,,,merra2_citywide,citywide,MERRA-2_GEE
2023-09-17,50.7498,8,,,merra2_citywide,citywide,MERRA-2_GEE
2023-09-18,67.0094,8,,,merra2_citywide,citywide,MERRA-2_GEE
2023-09-19,69.5773,8,,,merra2_citywide,citywide,MERRA-2_GEE
2023-09-20,75.8523,8,,,merra2_citywide,citywide,MERRA-2_GEE
2023-09-21,74.5196,8,,,merra2_citywide,citywide,MERRA-2_GEE
2023-09-22,91.9305,8,,,merra2_citywide,citywide,MERRA-2_GEE
2023-09-23,157.8253,8,,,merra2_citywide,citywide,MERRA-2_GEE
2023-09-24,211.3577,8,,,merra2_citywide,citywide,MERRA-2_GEE
2023-09-25,214.1284,8,,,merra2_citywide,citywide,MERRA-2_GEE
2023-09-26,135.8913,8,,,merra2_citywide,citywide,MERRA-2_GEE
2023-09-27,100.9335,8,,,merra2_citywide,citywide,MERRA-2_GEE
2023-09-28,82.0577,8,,,merra2_citywide,citywide,MERRA-2_GEE
2023-09-29,85.3877,8,,,merra2_citywide,citywide,MERRA-2_GEE
2023-09-30,79.6112,8,,,merra2_citywide,citywide,MERRA-2_GEE
2023-10-01,85.2797,8,,,merra2_citywide,citywide,MERRA-2_GEE
2023-10-02,60.6332,8,,,merra2_citywide,citywide,MERRA-2_GEE
2023-10-03,59.2975,8,,,merra2_citywide,citywide,MERRA-2_GEE
2023-10-04,56.8116,8,,,merra2_citywide,citywide,MERRA-2_GEE
2023-10-05,60.2365,8,,,merra2_citywide,citywide,MERRA-2_GEE
2023-10-06,54.3397,8,,,merra2_citywide,citywide,MERRA-2_GEE
2023-10-07,67.0815,8,,,merra2_citywide,citywide,MERRA-2_GEE
2023-10-08,94.899,8,,,merra2_citywide,citywide,MERRA-2_GEE
2023-10-09,66.0996,8,,,merra2_citywide,citywide,MERRA-2_GEE
2023-10-10,68.7115,8,,,merra2_citywide,citywide,MERRA-2_GEE
2023-10-11,53.4149,8,,,merra2_citywide,citywide,MERRA-2_GEE
2023-10-12,42.869,8,,,merra2_citywide,citywide,MERRA-2_GEE
2023-10-13,33.9752,8,,,merra2_citywide,citywide,MERRA-2_GEE
2023-10-14,65.093,8,,,merra2_citywide,citywide,MERRA-2_GEE
2023-10-15,111.7537,8,,,merra2_citywide,citywide,MERRA-2_GEE
2023-10-16,65.5527,8,,,merra2_citywide,citywide,MERRA-2_GEE
2023-10-17,61.2366,8,,,merra2_citywide,citywide,MERRA-2_GEE
2023-10-18,89.7213,8,,,merra2_citywide,citywide,MERRA-2_GEE
2023-10-19,59.4162,8,,,merra2_citywide,citywide,MERRA-2_GEE
2023-10-20,47.3285,8,,,merra2_citywide,citywide,MERRA-2_GEE
2023-10-21,44.0585,8,,,merra2_citywide,citywide,MERRA-2_GEE
2023-10-22,40.3779,8,,,merra2_citywide,citywide,MERRA-2_GEE
2023-10-23,57.4328,8,,,merra2_citywide,citywide,MERRA-2_GEE
2023-10-24,53.7025,8,,,merra2_citywide,citywide,MERRA-2_GEE
2023-10-25,50.5039,8,,,merra2_citywide,citywide,MERRA-2_GEE
2023-10-26,47.5344,8,,,merra2_citywide,citywide,MERRA-2_GEE
2023-10-27,71.4545,8,,,merra2_citywide,citywide,MERRA-2_GEE
2023-10-28,41.5615,8,,,merra2_citywide,citywide,MERRA-2_GEE
2023-10-29,38.3618,8,,,merra2_citywide,citywide,MERRA-2_GEE
2023-10-30,42.0884,8,,,merra2_citywide,citywide,MERRA-2_GEE
2023-10-31,49.5417,8,,,merra2_citywide,citywide,MERRA-2_GEE
2023-11-01,68.2254,8,,,merra2_citywide,citywide,MERRA-2_GEE
2023-11-02,59.4127,8,,,merra2_citywide,citywide,MERRA-2_GEE
2023-11-03,72.2599,8,,,merra2_citywide,citywide,MERRA-2_GEE
2023-11-04,78.7564,8,,,merra2_citywide,citywide,MERRA-2_GEE
2023-11-05,70.5513,8,,,merra2_citywide,citywide,MERRA-2_GEE
2023-11-06,67.7371,8,,,merra2_citywide,citywide,MERRA-2_GEE
2023-11-07,96.4865,8,,,merra2_citywide,citywide,MERRA-2_GEE
2023-11-08,118.5467,8,,,merra2_citywide,citywide,MERRA-2_GEE
2023-11-09,73.4128,8,,,merra2_citywide,citywide,MERRA-2_GEE
2023-11-10,28.5449,8,,,merra2_citywide,citywide,MERRA-2_GEE
2023-11-11,47.1461,8,,,merra2_citywide,citywide,MERRA-2_GEE
2023-11-12,29.255,8,,,merra2_citywide,citywide,MERRA-2_GEE
2023-11-13,25.558,8,,,merra2_citywide,citywide,MERRA-2_GEE
2023-11-14,67.816,8,,,merra2_citywide,citywide,MERRA-2_GEE
2023-11-15,147.636,8,,,merra2_citywide,citywide,MERRA-2_GEE
2023-11-16,153.7939,8,,,merra2_citywide,citywide,MERRA-2_GEE
2023-11-17,143.8174,8,,,merra2_citywide,citywide,MERRA-2_GEE
2023-11-18,134.5928,8,,,merra2_citywide,citywide,MERRA-2_GEE
2023-11-19,171.4308,8,,,merra2_citywide,citywide,MERRA-2_GEE
2023-11-20,160.0574,8,,,merra2_citywide,citywide,MERRA-2_GEE
2023-11-21,133.0427,8,,,merra2_citywide,citywide,MERRA-2_GEE
2023-11-22,105.7195,8,,,merra2_citywide,citywide,MERRA-2_GEE
2023-11-23,63.844,8,,,merra2_citywide,citywide,MERRA-2_GEE
2023-11-24,103.2271,8,,,merra2_citywide,citywide,MERRA-2_GEE
2023-11-25,115.5597,8,,,merra2_citywide,citywide,MERRA-2_GEE
2023-11-26,113.9074,8,,,merra2_citywide,citywide,MERRA-2_GEE
2023-11-27,115.6289,8,,,merra2_citywide,citywide,MERRA-2_GEE
2023-11-28,115.5486,8,,,merra2_citywide,citywide,MERRA-2_GEE
2023-11-29,92.4346,8,,,merra2_citywide,citywide,MERRA-2_GEE
2023-11-30,71.6899,8,,,merra2_citywide,citywide,MERRA-2_GEE
2023-12-01,91.6892,8,,,merra2_citywide,citywide,MERRA-2_GEE
2023-12-02,85.3875,8,,,merra2_citywide,citywide,MERRA-2_GEE
2023-12-03,67.6204,8,,,merra2_citywide,citywide,MERRA-2_GEE
2023-12-04,62.316,8,,,merra2_citywide,citywide,MERRA-2_GEE
2023-12-05,60.8899,8,,,merra2_citywide,citywide,MERRA-2_GEE
2023-12-06,58.4919,8,,,merra2_citywide,citywide,MERRA-2_GEE
2023-12-07,63.425,8,,,merra2_citywide,citywide,MERRA-2_GEE
2023-12-08,35.1063,8,,,merra2_citywide,citywide,MERRA-2_GEE
2023-12-09,17.5359,8,,,merra2_citywide,citywide,MERRA-2_GEE
2023-12-10,29.6635,8,,,merra2_citywide,citywide,MERRA-2_GEE
2023-12-11,19.8462,8,,,merra2_citywide,citywide,MERRA-2_GEE
2023-12-12,47.5183,8,,,merra2_citywide,citywide,MERRA-2_GEE
2023-12-13,111.736,8,,,merra2_citywide,citywide,MERRA-2_GEE
2023-12-14,92.4314,8,,,merra2_citywide,citywide,MERRA-2_GEE
2023-12-15,64.9975,8,,,merra2_citywide,citywide,MERRA-2_GEE
2023-12-16,42.5466,8,,,merra2_citywide,citywide,MERRA-2_GEE
2023-12-17,74.4758,8,,,merra2_citywide,citywide,MERRA-2_GEE
2023-12-18,101.3022,8,,,merra2_citywide,citywide,MERRA-2_GEE
2023-12-19,63.7996,8,,,merra2_citywide,citywide,MERRA-2_GEE
2023-12-20,56.0975,8,,,merra2_citywide,citywide,MERRA-2_GEE
2023-12-21,46.4945,8,,,merra2_citywide,citywide,MERRA-2_GEE
2023-12-22,39.013,8,,,merra2_citywide,citywide,MERRA-2_GEE
2023-12-23,61.4935,8,,,merra2_citywide,citywide,MERRA-2_GEE
2023-12-24,115.0534,8,,,merra2_citywide,citywide,MERRA-2_GEE
2023-12-25,139.578,8,,,merra2_citywide,citywide,MERRA-2_GEE
2023-12-26,73.8484,8,,,merra2_citywide,citywide,MERRA-2_GEE
2023-12-27,99.469,8,,,merra2_citywide,citywide,MERRA-2_GEE
2023-12-28,99.2445,8,,,merra2_citywide,citywide,MERRA-2_GEE
2023-12-29,61.1149,8,,,merra2_citywide,citywide,MERRA-2_GEE
2023-12-30,89.3137,8,,,merra2_citywide,citywide,MERRA-2_GEE
2023-12-31,91.4086,8,,,merra2_citywide,citywide,MERRA-2_GEE
2024-01-01,75.0934,8,,,merra2_citywide,citywide,MERRA-2_GEE
2024-01-02,62.239,8,,,merra2_citywide,citywide,MERRA-2_GEE
2024-01-03,62.3663,8,,,merra2_citywide,citywide,MERRA-2_GEE
2024-01-04,85.0545,8,,,merra2_citywide,citywide,MERRA-2_GEE
2024-01-05,84.5772,8,,,merra2_citywide,citywide,MERRA-2_GEE
2024-01-06,96.1195,8,,,merra2_citywide,citywide,MERRA-2_GEE
2024-01-07,64.2949,8,,,merra2_citywide,citywide,MERRA-2_GEE
2024-01-08,61.6143,8,,,merra2_citywide,citywide,MERRA-2_GEE
2024-01-09,64.125,8,,,merra2_citywide,citywide,MERRA-2_GEE
2024-01-10,52.3481,8,,,merra2_citywide,citywide,MERRA-2_GEE
2024-01-11,37.4067,8,,,merra2_citywide,citywide,MERRA-2_GEE
2024-01-12,23.9,8,,,merra2_citywide,citywide,MERRA-2_GEE
2024-01-13,18.5398,8,,,merra2_citywide,citywide,MERRA-2_GEE
2024-01-14,36.466,8,,,merra2_citywide,citywide,MERRA-2_GEE
2024-01-15,41.8074,8,,,merra2_citywide,citywide,MERRA-2_GEE
2024-01-16,40.4373,8,,,merra2_citywide,citywide,MERRA-2_GEE
2024-01-17,101.638,8,,,merra2_citywide,citywide,MERRA-2_GEE
2024-01-18,122.1146,8,,,merra2_citywide,citywide,MERRA-2_GEE
2024-01-19,94.063,8,,,merra2_citywide,citywide,MERRA-2_GEE
2024-01-20,43.7499,8,,,merra2_citywide,citywide,MERRA-2_GEE
2024-01-21,58.3898,8,,,merra2_citywide,citywide,MERRA-2_GEE
2024-01-22,41.731,8,,,merra2_citywide,citywide,MERRA-2_GEE
2024-01-23,53.6483,8,,,merra2_citywide,citywide,MERRA-2_GEE
2024-01-24,72.5537,8,,,merra2_citywide,citywide,MERRA-2_GEE
2024-01-25,60.7204,8,,,merra2_citywide,citywide,MERRA-2_GEE
2024-01-26,105.277,8,,,merra2_citywide,citywide,MERRA-2_GEE
2024-01-27,143.4133,8,,,merra2_citywide,citywide,MERRA-2_GEE
2024-01-28,63.2866,8,,,merra2_citywide,citywide,MERRA-2_GEE
2024-01-29,29.59,8,,,merra2_citywide,citywide,MERRA-2_GEE
2024-01-30,22.982,8,,,merra2_citywide,citywide,MERRA-2_GEE
2024-01-31,25.8993,8,,,merra2_citywide,citywide,MERRA-2_GEE
2024-02-01,45.572,8,,,merra2_citywide,citywide,MERRA-2_GEE
2024-02-02,70.5435,8,,,merra2_citywide,citywide,MERRA-2_GEE
2024-02-03,61.2666,8,,,merra2_citywide,citywide,MERRA-2_GEE
2024-02-04,78.0903,8,,,merra2_citywide,citywide,MERRA-2_GEE
2024-02-05,56.9977,8,,,merra2_citywide,citywide,MERRA-2_GEE
2024-02-06,50.2803,8,,,merra2_citywide,citywide,MERRA-2_GEE
2024-02-07,83.8278,8,,,merra2_citywide,citywide,MERRA-2_GEE
2024-02-08,56.5116,8,,,merra2_citywide,citywide,MERRA-2_GEE
2024-02-09,33.2185,8,,,merra2_citywide,citywide,MERRA-2_GEE
2024-02-10,36.277,8,,,merra2_citywide,citywide,MERRA-2_GEE
2024-02-11,53.8316,8,,,merra2_citywide,citywide,MERRA-2_GEE
2024-02-12,67.2797,8,,,merra2_citywide,citywide,MERRA-2_GEE
2024-02-13,43.8682,8,,,merra2_citywide,citywide,MERRA-2_GEE
2024-02-14,38.7691,8,,,merra2_citywide,citywide,MERRA-2_GEE
2024-02-15,37.5083,8,,,merra2_citywide,citywide,MERRA-2_GEE
2024-02-16,46.0563,8,,,merra2_citywide,citywide,MERRA-2_GEE
2024-02-17,19.6056,8,,,merra2_citywide,citywide,MERRA-2_GEE
2024-02-18,38.3286,8,,,merra2_citywide,citywide,MERRA-2_GEE
2024-02-19,81.2598,8,,,merra2_citywide,citywide,MERRA-2_GEE
2024-02-20,64.588,8,,,merra2_citywide,citywide,MERRA-2_GEE
2024-02-21,56.6196,8,,,merra2_citywide,citywide,MERRA-2_GEE
2024-02-22,31.8797,8,,,merra2_citywide,citywide,MERRA-2_GEE
2024-02-23,25.7377,8,,,merra2_citywide,citywide,MERRA-2_GEE
2024-02-24,28.157,8,,,merra2_citywide,citywide,MERRA-2_GEE
2024-02-25,51.7192,8,,,merra2_citywide,citywide,MERRA-2_GEE
2024-02-26,67.8432,8,,,merra2_citywide,citywide,MERRA-2_GEE
2024-02-27,71.715,8,,,merra2_citywide,citywide,MERRA-2_GEE
2024-02-28,53.7557,8,,,merra2_citywide,citywide,MERRA-2_GEE
2024-02-29,52.7815,8,,,merra2_citywide,citywide,MERRA-2_GEE
2024-03-01,92.1735,8,,,merra2_citywide,citywide,MERRA-2_GEE
2024-03-02,48.2082,8,,,merra2_citywide,citywide,MERRA-2_GEE
2024-03-03,31.66,8,,,merra2_citywide,citywide,MERRA-2_GEE
2024-03-04,42.3582,8,,,merra2_citywide,citywide,MERRA-2_GEE
2024-03-05,64.9514,8,,,merra2_citywide,citywide,MERRA-2_GEE
2024-03-06,41.7076,8,,,merra2_citywide,citywide,MERRA-2_GEE
2024-03-07,37.9969,8,,,merra2_citywide,citywide,MERRA-2_GEE
2024-03-08,40.8632,8,,,merra2_citywide,citywide,MERRA-2_GEE
2024-03-09,57.6403,8,,,merra2_citywide,citywide,MERRA-2_GEE
2024-03-10,53.8181,8,,,merra2_citywide,citywide,MERRA-2_GEE
2024-03-11,30.8731,8,,,merra2_citywide,citywide,MERRA-2_GEE
2024-03-12,33.5775,8,,,merra2_citywide,citywide,MERRA-2_GEE
2024-03-13,66.7109,8,,,merra2_citywide,citywide,MERRA-2_GEE
2024-03-14,88.1997,8,,,merra2_citywide,citywide,MERRA-2_GEE
2024-03-15,63.1038,8,,,merra2_citywide,citywide,MERRA-2_GEE
2024-03-16,54.203,8,,,merra2_citywide,citywide,MERRA-2_GEE
2024-03-17,51.323,8,,,merra2_citywide,citywide,MERRA-2_GEE
2024-03-18,47.0504,8,,,merra2_citywide,citywide,MERRA-2_GEE
2024-03-19,40.4627,8,,,merra2_citywide,citywide,MERRA-2_GEE
2024-03-20,42.7077,8,,,merra2_citywide,citywide,MERRA-2_GEE
2024-03-21,57.993,8,,,merra2_citywide,citywide,MERRA-2_GEE
2024-03-22,56.0923,8,,,merra2_citywide,citywide,MERRA-2_GEE
2024-03-23,55.5455,8,,,merra2_citywide,citywide,MERRA-2_GEE
2024-03-24,53.3236,8,,,merra2_citywide,citywide,MERRA-2_GEE
2024-03-25,48.9572,8,,,merra2_citywide,citywide,MERRA-2_GEE
2024-03-26,54.0988,8,,,merra2_citywide,citywide,MERRA-2_GEE
2024-03-27,69.9379,8,,,merra2_citywide,citywide,MERRA-2_GEE
2024-03-28,55.5889,8,,,merra2_citywide,citywide,MERRA-2_GEE
2024-03-29,36.7749,8,,,merra2_citywide,citywide,MERRA-2_GEE
2024-03-30,90.1999,8,,,merra2_citywide,citywide,MERRA-2_GEE
2024-03-31,83.1297,8,,,merra2_citywide,citywide,MERRA-2_GEE
2024-04-01,76.7001,8,,,merra2_citywide,citywide,MERRA-2_GEE
2024-04-02,71.3906,8,,,merra2_citywide,citywide,MERRA-2_GEE
2024-04-03,99.075,8,,,merra2_citywide,citywide,MERRA-2_GEE
2024-04-04,71.5017,8,,,merra2_citywide,citywide,MERRA-2_GEE
2024-04-05,73.0427,8,,,merra2_citywide,citywide,MERRA-2_GEE
2024-04-06,67.8887,8,,,merra2_citywide,citywide,MERRA-2_GEE
2024-04-07,65.8447,8,,,merra2_citywide,citywide,MERRA-2_GEE
2024-04-08,50.7722,8,,,merra2_citywide,citywide,MERRA-2_GEE
2024-04-09,38.4481,8,,,merra2_citywide,citywide,MERRA-2_GEE
2024-04-10,40.943,8,,,merra2_citywide,citywide,MERRA-2_GEE
2024-04-11,35.1055,8,,,merra2_citywide,citywide,MERRA-2_GEE
2024-04-12,36.7409,8,,,merra2_citywide,citywide,MERRA-2_GEE
2024-04-13,51.1098,8,,,merra2_citywide,citywide,MERRA-2_GEE
2024-04-14,37.0594,8,,,merra2_citywide,citywide,MERRA-2_GEE
2024-04-15,38.8569,8,,,merra2_citywide,citywide,MERRA-2_GEE
2024-04-16,40.4573,8,,,merra2_citywide,citywide,MERRA-2_GEE
2024-04-17,55.194,8,,,merra2_citywide,citywide,MERRA-2_GEE
2024-04-18,112.7303,8,,,merra2_citywide,citywide,MERRA-2_GEE
2024-04-19,42.5013,8,,,merra2_citywide,citywide,MERRA-2_GEE
2024-04-20,39.1699,8,,,merra2_citywide,citywide,MERRA-2_GEE
2024-04-21,53.0503,8,,,merra2_citywide,citywide,MERRA-2_GEE
2024-04-22,66.2244,8,,,merra2_citywide,citywide,MERRA-2_GEE
2024-04-23,58.0264,8,,,merra2_citywide,citywide,MERRA-2_GEE
2024-04-24,48.293,8,,,merra2_citywide,citywide,MERRA-2_GEE
2024-04-25,44.591,8,,,merra2_citywide,citywide,MERRA-2_GEE
2024-04-26,70.9966,8,,,merra2_citywide,citywide,MERRA-2_GEE
2024-04-27,66.4516,8,,,merra2_citywide,citywide,MERRA-2_GEE
2024-04-28,56.6803,8,,,merra2_citywide,citywide,MERRA-2_GEE
2024-04-29,59.5597,8,,,merra2_citywide,citywide,MERRA-2_GEE
2024-04-30,48.1799,8,,,merra2_citywide,citywide,MERRA-2_GEE
2024-05-01,56.0107,8,,,merra2_citywide,citywide,MERRA-2_GEE
2024-05-02,57.4038,8,,,merra2_citywide,citywide,MERRA-2_GEE
2024-05-03,69.8265,8,,,merra2_citywide,citywide,MERRA-2_GEE
2024-05-04,63.2516,8,,,merra2_citywide,citywide,MERRA-2_GEE
2024-05-05,52.122,8,,,merra2_citywide,citywide,MERRA-2_GEE
2024-05-06,86.3473,8,,,merra2_citywide,citywide,MERRA-2_GEE
2024-05-07,58.6282,8,,,merra2_citywide,citywide,MERRA-2_GEE
2024-05-08,46.6129,8,,,merra2_citywide,citywide,MERRA-2_GEE
2024-05-09,34.1938,8,,,merra2_citywide,citywide,MERRA-2_GEE
2024-05-10,32.0418,8,,,merra2_citywide,citywide,MERRA-2_GEE
2024-05-11,31.7257,8,,,merra2_citywide,citywide,MERRA-2_GEE
2024-05-12,47.6479,8,,,merra2_citywide,citywide,MERRA-2_GEE
2024-05-13,45.0365,8,,,merra2_citywide,citywide,MERRA-2_GEE
2024-05-14,43.9751,8,,,merra2_citywide,citywide,MERRA-2_GEE
2024-05-15,39.6238,8,,,merra2_citywide,citywide,MERRA-2_GEE
2024-05-16,38.4489,8,,,merra2_citywide,citywide,MERRA-2_GEE
2024-05-17,47.9192,8,,,merra2_citywide,citywide,MERRA-2_GEE
2024-05-18,47.9238,8,,,merra2_citywide,citywide,MERRA-2_GEE
2024-05-19,41.6733,8,,,merra2_citywide,citywide,MERRA-2_GEE
2024-05-20,63.2164,8,,,merra2_citywide,citywide,MERRA-2_GEE
2024-05-21,98.3869,8,,,merra2_citywide,citywide,MERRA-2_GEE
2024-05-22,89.3635,8,,,merra2_citywide,citywide,MERRA-2_GEE
2024-05-23,86.5096,8,,,merra2_citywide,citywide,MERRA-2_GEE
2024-05-24,71.3981,8,,,merra2_citywide,citywide,MERRA-2_GEE
2024-05-25,62.3846,8,,,merra2_citywide,citywide,MERRA-2_GEE
2024-05-26,104.7614,8,,,merra2_citywide,citywide,MERRA-2_GEE
2024-05-27,125.7844,8,,,merra2_citywide,citywide,MERRA-2_GEE
2024-05-28,125.4846,8,,,merra2_citywide,citywide,MERRA-2_GEE
2024-05-29,123.8766,8,,,merra2_citywide,citywide,MERRA-2_GEE
2024-05-30,98.7827,8,,,merra2_citywide,citywide,MERRA-2_GEE
2024-05-31,117.0369,8,,,merra2_citywide,citywide,MERRA-2_GEE
2024-06-01,170.8807,8,,,merra2_citywide,citywide,MERRA-2_GEE
2024-06-02,70.3633,8,,,merra2_citywide,citywide,MERRA-2_GEE
2024-06-03,51.3046,8,,,merra2_citywide,citywide,MERRA-2_GEE
2024-06-04,52.9632,8,,,merra2_citywide,citywide,MERRA-2_GEE
2024-06-05,69.9108,8,,,merra2_citywide,citywide,MERRA-2_GEE
2024-06-06,90.2787,8,,,merra2_citywide,citywide,MERRA-2_GEE
2024-06-07,69.5607,8,,,merra2_citywide,citywide,MERRA-2_GEE
2024-06-08,74.0796,8,,,merra2_citywide,citywide,MERRA-2_GEE
2024-06-09,81.992,8,,,merra2_citywide,citywide,MERRA-2_GEE
2024-06-10,93.5318,8,,,merra2_citywide,citywide,MERRA-2_GEE
2024-06-11,74.1675,8,,,merra2_citywide,citywide,MERRA-2_GEE
2024-06-12,75.4403,8,,,merra2_citywide,citywide,MERRA-2_GEE
2024-06-13,81.1167,8,,,merra2_citywide,citywide,MERRA-2_GEE
2024-06-14,91.0051,8,,,merra2_citywide,citywide,MERRA-2_GEE
2024-06-15,112.3172,8,,,merra2_citywide,citywide,MERRA-2_GEE
2024-06-16,67.2571,8,,,merra2_citywide,citywide,MERRA-2_GEE
2024-06-17,53.0938,8,,,merra2_citywide,citywide,MERRA-2_GEE
2024-06-18,72.5195,8,,,merra2_citywide,citywide,MERRA-2_GEE
2024-06-19,121.2885,8,,,merra2_citywide,citywide,MERRA-2_GEE
2024-06-20,167.8758,8,,,merra2_citywide,citywide,MERRA-2_GEE
2024-06-21,162.8718,8,,,merra2_citywide,citywide,MERRA-2_GEE
2024-06-22,129.374,8,,,merra2_citywide,citywide,MERRA-2_GEE
2024-06-23,134.0462,8,,,merra2_citywide,citywide,MERRA-2_GEE
2024-06-24,123.6627,8,,,merra2_citywide,citywide,MERRA-2_GEE
2024-06-25,121.4537,8,,,merra2_citywide,citywide,MERRA-2_GEE
2024-06-26,103.856,8,,,merra2_citywide,citywide,MERRA-2_GEE
2024-06-27,78.3679,8,,,merra2_citywide,citywide,MERRA-2_GEE
2024-06-28,67.5544,8,,,merra2_citywide,citywide,MERRA-2_GEE
2024-06-29,36.1703,8,,,merra2_citywide,citywide,MERRA-2_GEE
2024-06-30,46.4919,8,,,merra2_citywide,citywide,MERRA-2_GEE
2024-07-01,92.2708,8,,,merra2_citywide,citywide,MERRA-2_GEE
2024-07-02,180.8072,8,,,merra2_citywide,citywide,MERRA-2_GEE
2024-07-03,188.6084,8,,,merra2_citywide,citywide,MERRA-2_GEE
2024-07-04,106.5467,8,,,merra2_citywide,citywide,MERRA-2_GEE
2024-07-05,148.6945,8,,,merra2_citywide,citywide,MERRA-2_GEE
2024-07-06,191.5611,8,,,merra2_citywide,citywide,MERRA-2_GEE
2024-07-07,187.4249,8,,,merra2_citywide,citywide,MERRA-2_GEE
2024-07-08,137.7154,8,,,merra2_citywide,citywide,MERRA-2_GEE
2024-07-09,94.4894,8,,,merra2_citywide,citywide,MERRA-2_GEE
2024-07-10,72.4097,8,,,merra2_citywide,citywide,MERRA-2_GEE
2024-07-11,84.2499,8,,,merra2_citywide,citywide,MERRA-2_GEE
2024-07-12,114.6558,8,,,merra2_citywide,citywide,MERRA-2_GEE
2024-07-13,138.7607,8,,,merra2_citywide,citywide,MERRA-2_GEE
2024-07-14,129.7848,8,,,merra2_citywide,citywide,MERRA-2_GEE
2024-07-15,107.6532,8,,,merra2_citywide,citywide,MERRA-2_GEE
2024-07-16,86.6423,8,,,merra2_citywide,citywide,MERRA-2_GEE
2024-07-17,105.4734,8,,,merra2_citywide,citywide,MERRA-2_GEE
2024-07-18,100.6792,8,,,merra2_citywide,citywide,MERRA-2_GEE
2024-07-19,80.1898,8,,,merra2_citywide,citywide,MERRA-2_GEE
2024-07-20,77.8296,8,,,merra2_citywide,citywide,MERRA-2_GEE
2024-07-21,78.7639,8,,,merra2_citywide,citywide,MERRA-2_GEE
2024-07-22,98.7432,8,,,merra2_citywide,citywide,MERRA-2_GEE
2024-07-23,115.4886,8,,,merra2_citywide,citywide,MERRA-2_GEE
2024-07-24,154.1674,8,,,merra2_citywide,citywide,MERRA-2_GEE
2024-07-25,149.4682,8,,,merra2_citywide,citywide,MERRA-2_GEE
2024-07-26,191.2404,8,,,merra2_citywide,citywide,MERRA-2_GEE
2024-07-27,129.0203,8,,,merra2_citywide,citywide,MERRA-2_GEE
2024-07-28,110.2908,8,,,merra2_citywide,citywide,MERRA-2_GEE
2024-07-29,78.7339,8,,,merra2_citywide,citywide,MERRA-2_GEE
2024-07-30,85.1977,8,,,merra2_citywide,citywide,MERRA-2_GEE
2024-07-31,77.2327,8,,,merra2_citywide,citywide,MERRA-2_GEE
2024-08-01,78.7027,8,,,merra2_citywide,citywide,MERRA-2_GEE
2024-08-02,140.416,8,,,merra2_citywide,citywide,MERRA-2_GEE
2024-08-03,157.3434,8,,,merra2_citywide,citywide,MERRA-2_GEE
2024-08-04,207.2048,8,,,merra2_citywide,citywide,MERRA-2_GEE
2024-08-05,104.7149,8,,,merra2_citywide,citywide,MERRA-2_GEE
2024-08-06,81.4144,8,,,merra2_citywide,citywide,MERRA-2_GEE
2024-08-07,61.0877,8,,,merra2_citywide,citywide,MERRA-2_GEE
2024-08-08,52.4362,8,,,merra2_citywide,citywide,MERRA-2_GEE
2024-08-09,54.906,8,,,merra2_citywide,citywide,MERRA-2_GEE
2024-08-10,69.3995,8,,,merra2_citywide,citywide,MERRA-2_GEE
2024-08-11,72.4258,8,,,merra2_citywide,citywide,MERRA-2_GEE
2024-08-12,64.0732,8,,,merra2_citywide,citywide,MERRA-2_GEE
2024-08-13,58.683,8,,,merra2_citywide,citywide,MERRA-2_GEE
2024-08-14,60.4914,8,,,merra2_citywide,citywide,MERRA-2_GEE
2024-08-15,67.4365,8,,,merra2_citywide,citywide,MERRA-2_GEE
2024-08-16,43.9848,8,,,merra2_citywide,citywide,MERRA-2_GEE
2024-08-17,50.9773,8,,,merra2_citywide,citywide,MERRA-2_GEE
2024-08-18,38.3695,8,,,merra2_citywide,citywide,MERRA-2_GEE
2024-08-19,29.3141,8,,,merra2_citywide,citywide,MERRA-2_GEE
2024-08-20,34.9781,8,,,merra2_citywide,citywide,MERRA-2_GEE
2024-08-21,47.8682,8,,,merra2_citywide,citywide,MERRA-2_GEE
2024-08-22,60.8548,8,,,merra2_citywide,citywide,MERRA-2_GEE
2024-08-23,56.5127,8,,,merra2_citywide,citywide,MERRA-2_GEE
2024-08-24,52.319,8,,,merra2_citywide,citywide,MERRA-2_GEE
2024-08-25,61.7222,8,,,merra2_citywide,citywide,MERRA-2_GEE
2024-08-26,74.7782,8,,,merra2_citywide,citywide,MERRA-2_GEE
2024-08-27,59.7543,8,,,merra2_citywide,citywide,MERRA-2_GEE
2024-08-28,72.9533,8,,,merra2_citywide,citywide,MERRA-2_GEE
2024-08-29,57.1519,8,,,merra2_citywide,citywide,MERRA-2_GEE
2024-08-30,77.0002,8,,,merra2_citywide,citywide,MERRA-2_GEE
2024-08-31,79.25,8,,,merra2_citywide,citywide,MERRA-2_GEE
2024-09-01,47.8672,8,,,merra2_citywide,citywide,MERRA-2_GEE
2024-09-02,34.7139,8,,,merra2_citywide,citywide,MERRA-2_GEE
2024-09-03,31.0413,8,,,merra2_citywide,citywide,MERRA-2_GEE
2024-09-04,32.9811,8,,,merra2_citywide,citywide,MERRA-2_GEE
2024-09-05,35.2664,8,,,merra2_citywide,citywide,MERRA-2_GEE
2024-09-06,32.8387,8,,,merra2_citywide,citywide,MERRA-2_GEE
2024-09-07,31.854,8,,,merra2_citywide,citywide,MERRA-2_GEE
2024-09-08,31.1628,8,,,merra2_citywide,citywide,MERRA-2_GEE
2024-09-09,43.5859,8,,,merra2_citywide,citywide,MERRA-2_GEE
2024-09-10,57.7764,8,,,merra2_citywide,citywide,MERRA-2_GEE
2024-09-11,72.3472,8,,,merra2_citywide,citywide,MERRA-2_GEE
2024-09-12,74.9246,8,,,merra2_citywide,citywide,MERRA-2_GEE
2024-09-13,51.7269,8,,,merra2_citywide,citywide,MERRA-2_GEE
2024-09-14,54.9093,8,,,merra2_citywide,citywide,MERRA-2_GEE
2024-09-15,34.9998,8,,,merra2_citywide,citywide,MERRA-2_GEE
2024-09-16,40.7798,8,,,merra2_citywide,citywide,MERRA-2_GEE
2024-09-17,41.1273,8,,,merra2_citywide,citywide,MERRA-2_GEE
2024-09-18,52.6797,8,,,merra2_citywide,citywide,MERRA-2_GEE
2024-09-19,55.9826,8,,,merra2_citywide,citywide,MERRA-2_GEE
2024-09-20,44.2163,8,,,merra2_citywide,citywide,MERRA-2_GEE
2024-09-21,35.0986,8,,,merra2_citywide,citywide,MERRA-2_GEE
2024-09-22,36.9063,8,,,merra2_citywide,citywide,MERRA-2_GEE
2024-09-23,30.494,8,,,merra2_citywide,citywide,MERRA-2_GEE
2024-09-24,37.9801,8,,,merra2_citywide,citywide,MERRA-2_GEE
2024-09-25,35.9118,8,,,merra2_citywide,citywide,MERRA-2_GEE
2024-09-26,35.7305,8,,,merra2_citywide,citywide,MERRA-2_GEE
2024-09-27,52.1286,8,,,merra2_citywide,citywide,MERRA-2_GEE
2024-09-28,58.221,8,,,merra2_citywide,citywide,MERRA-2_GEE
2024-09-29,42.8314,8,,,merra2_citywide,citywide,MERRA-2_GEE
2024-09-30,40.5432,8,,,merra2_citywide,citywide,MERRA-2_GEE
2024-10-01,34.3212,8,,,merra2_citywide,citywide,MERRA-2_GEE
2024-10-02,41.5527,8,,,merra2_citywide,citywide,MERRA-2_GEE
2024-10-03,58.5507,8,,,merra2_citywide,citywide,MERRA-2_GEE
2024-10-04,61.1899,8,,,merra2_citywide,citywide,MERRA-2_GEE
2024-10-05,45.2188,8,,,merra2_citywide,citywide,MERRA-2_GEE
2024-10-06,36.7943,8,,,merra2_citywide,citywide,MERRA-2_GEE
2024-10-07,33.6678,8,,,merra2_citywide,citywide,MERRA-2_GEE
2024-10-08,48.3628,8,,,merra2_citywide,citywide,MERRA-2_GEE
2024-10-09,48.008,8,,,merra2_citywide,citywide,MERRA-2_GEE
2024-10-10,46.4014,8,,,merra2_citywide,citywide,MERRA-2_GEE
2024-10-11,44.0223,8,,,merra2_citywide,citywide,MERRA-2_GEE
2024-10-12,35.0434,8,,,merra2_citywide,citywide,MERRA-2_GEE
2024-10-13,38.0893,8,,,merra2_citywide,citywide,MERRA-2_GEE
2024-10-14,37.6849,8,,,merra2_citywide,citywide,MERRA-2_GEE
2024-10-15,50.1656,8,,,merra2_citywide,citywide,MERRA-2_GEE
2024-10-16,38.7959,8,,,merra2_citywide,citywide,MERRA-2_GEE
2024-10-17,43.1226,8,,,merra2_citywide,citywide,MERRA-2_GEE
2024-10-18,45.6939,8,,,merra2_citywide,citywide,MERRA-2_GEE
2024-10-19,38.1502,8,,,merra2_citywide,citywide,MERRA-2_GEE
2024-10-20,42.1951,8,,,merra2_citywide,citywide,MERRA-2_GEE
2024-10-21,42.4358,8,,,merra2_citywide,citywide,MERRA-2_GEE
2024-10-22,50.5588,8,,,merra2_citywide,citywide,MERRA-2_GEE
2024-10-23,49.1878,8,,,merra2_citywide,citywide,MERRA-2_GEE
2024-10-24,35.4476,8,,,merra2_citywide,citywide,MERRA-2_GEE
2024-10-25,37.8411,8,,,merra2_citywide,citywide,MERRA-2_GEE
2024-10-26,57.7423,8,,,merra2_citywide,citywide,MERRA-2_GEE
2024-10-27,69.24,8,,,merra2_citywide,citywide,MERRA-2_GEE
2024-10-28,105.8777,8,,,merra2_citywide,citywide,MERRA-2_GEE
2024-10-29,105.3182,8,,,merra2_citywide,citywide,MERRA-2_GEE
2024-10-30,77.3834,8,,,merra2_citywide,citywide,MERRA-2_GEE
2024-10-31,60.7668,8,,,merra2_citywide,citywide,MERRA-2_GEE
2024-11-01,42.2936,8,,,merra2_citywide,citywide,MERRA-2_GEE
2024-11-02,51.1744,8,,,merra2_citywide,citywide,MERRA-2_GEE
2024-11-03,39.4803,8,,,merra2_citywide,citywide,MERRA-2_GEE
2024-11-04,34.5351,8,,,merra2_citywide,citywide,MERRA-2_GEE
2024-11-05,37.7646,8,,,merra2_citywide,citywide,MERRA-2_GEE
2024-11-06,35.4046,8,,,merra2_citywide,citywide,MERRA-2_GEE
2024-11-07,34.9961,8,,,merra2_citywide,citywide,MERRA-2_GEE
2024-11-08,30.3446,8,,,merra2_citywide,citywide,MERRA-2_GEE
2024-11-09,20.7764,8,,,merra2_citywide,citywide,MERRA-2_GEE
2024-11-10,23.2315,8,,,merra2_citywide,citywide,MERRA-2_GEE
2024-11-11,26.0612,8,,,merra2_citywide,citywide,MERRA-2_GEE
2024-11-12,29.4156,8,,,merra2_citywide,citywide,MERRA-2_GEE
2024-11-13,35.6346,8,,,merra2_citywide,citywide,MERRA-2_GEE
2024-11-14,35.9349,8,,,merra2_citywide,citywide,MERRA-2_GEE
2024-11-15,45.0795,8,,,merra2_citywide,citywide,MERRA-2_GEE
2024-11-16,46.2009,8,,,merra2_citywide,citywide,MERRA-2_GEE
2024-11-17,59.8967,8,,,merra2_citywide,citywide,MERRA-2_GEE
2024-11-18,57.3012,8,,,merra2_citywide,citywide,MERRA-2_GEE
2024-11-19,44.8959,8,,,merra2_citywide,citywide,MERRA-2_GEE
2024-11-20,42.8469,8,,,merra2_citywide,citywide,MERRA-2_GEE
2024-11-21,35.2223,8,,,merra2_citywide,citywide,MERRA-2_GEE
2024-11-22,30.337,8,,,merra2_citywide,citywide,MERRA-2_GEE
2024-11-23,23.8842,8,,,merra2_citywide,citywide,MERRA-2_GEE
2024-11-24,40.5264,8,,,merra2_citywide,citywide,MERRA-2_GEE
2024-11-25,66.2829,8,,,merra2_citywide,citywide,MERRA-2_GEE
2024-11-26,34.725,8,,,merra2_citywide,citywide,MERRA-2_GEE
2024-11-27,35.2435,8,,,merra2_citywide,citywide,MERRA-2_GEE
2024-11-28,24.7523,8,,,merra2_citywide,citywide,MERRA-2_GEE
2024-11-29,30.867,8,,,merra2_citywide,citywide,MERRA-2_GEE
2024-11-30,59.7879,8,,,merra2_citywide,citywide,MERRA-2_GEE
2024-12-01,65.1726,8,,,merra2_citywide,citywide,MERRA-2_GEE
2024-12-02,74.0835,8,,,merra2_citywide,citywide,MERRA-2_GEE
2024-12-03,76.935,8,,,merra2_citywide,citywide,MERRA-2_GEE
2024-12-04,98.3595,8,,,merra2_citywide,citywide,MERRA-2_GEE
2024-12-05,55.352,8,,,merra2_citywide,citywide,MERRA-2_GEE
2024-12-06,41.2796,8,,,merra2_citywide,citywide,MERRA-2_GEE
2024-12-07,40.8936,8,,,merra2_citywide,citywide,MERRA-2_GEE
2024-12-08,40.6622,8,,,merra2_citywide,citywide,MERRA-2_GEE
2024-12-09,63.9767,8,,,merra2_citywide,citywide,MERRA-2_GEE
2024-12-10,71.4413,8,,,merra2_citywide,citywide,MERRA-2_GEE
2024-12-11,63.5236,8,,,merra2_citywide,citywide,MERRA-2_GEE
2024-12-12,57.143,8,,,merra2_citywide,citywide,MERRA-2_GEE
2024-12-13,66.2382,8,,,merra2_citywide,citywide,MERRA-2_GEE
2024-12-14,73.1405,8,,,merra2_citywide,citywide,MERRA-2_GEE
2024-12-15,51.3402,8,,,merra2_citywide,citywide,MERRA-2_GEE
2024-12-16,58.0595,8,,,merra2_citywide,citywide,MERRA-2_GEE
2024-12-17,117.8527,8,,,merra2_citywide,citywide,MERRA-2_GEE
2024-12-18,77.434,8,,,merra2_citywide,citywide,MERRA-2_GEE
2024-12-19,114.4587,8,,,merra2_citywide,citywide,MERRA-2_GEE
2024-12-20,92.192,8,,,merra2_citywide,citywide,MERRA-2_GEE
2024-12-21,163.2678,8,,,merra2_citywide,citywide,MERRA-2_GEE
2024-12-22,112.1473,8,,,merra2_citywide,citywide,MERRA-2_GEE
2024-12-23,85.0944,8,,,merra2_citywide,citywide,MERRA-2_GEE
2024-12-24,109.7262,8,,,merra2_citywide,citywide,MERRA-2_GEE
2024-12-25,102.523,8,,,merra2_citywide,citywide,MERRA-2_GEE
2024-12-26,96.7673,8,,,merra2_citywide,citywide,MERRA-2_GEE
2024-12-27,56.4711,8,,,merra2_citywide,citywide,MERRA-2_GEE
2024-12-28,36.9535,8,,,merra2_citywide,citywide,MERRA-2_GEE
2024-12-29,55.5109,8,,,merra2_citywide,citywide,MERRA-2_GEE
2024-12-30,63.4022,8,,,merra2_citywide,citywide,MERRA-2_GEE
